layer_00.bin,none,2,14,0 4 5 8 9 11 12 14 15 16 17 18 21 22 23 25
layer_00.bin,none,5,11,26 28 29 30 33 34 35 36 37 38 40 41 42 43 44 47
layer_00.bin,none,4,12,48 51 53 54 55 58 59 60 61 66 67 68 69 70 71 72
layer_00.bin,none,7,9,74 77 78 79 81 82 83 85 86 91 94 95 98 99 100 101
layer_00.bin,none,2,14,102 103 105 106 110 112 114 115 116 117 118 119 120 122 123 125
layer_00.bin,none,2,14,126 127 128 129 130 132 133 137 138 139 141 143 144 145 147 148
layer_00.bin,none,3,13,149 151 152 154 158 159 161 162 163 164 165 167 168 169 170 171
layer_00.bin,none,2,14,172 173 175 176 177 178 179 181 182 184 185 186 187 188 189 190
layer_00.bin,none,5,11,192 193 194 195 196 197 198 200 205 207 208 209 211 213 214 216
layer_00.bin,none,4,12,217 219 222 223 224 226 227 228 230 232 234 235 236 238 240 243
layer_00.bin,none,0,7,244 246 248 251 252 253 255
layer_01.bin,none,2,14,0 6 7 9 12 13 15 16 19 21 28 30 31 32 35 36
layer_01.bin,none,1,15,37 39 41 43 44 46 53 54 55 57 58 63 64 65 66 68
layer_01.bin,none,2,14,71 73 74 76 77 78 79 81 82 83 88 89 90 92 94 96
layer_01.bin,none,5,11,97 100 102 104 105 110 111 112 113 116 117 118 119 121 122 124
layer_01.bin,none,3,13,125 127 128 129 134 135 136 137 138 139 140 142 145 147 148 149
layer_01.bin,none,3,13,151 152 153 154 156 157 158 160 161 163 166 167 168 169 170 171
layer_01.bin,none,3,13,172 173 179 180 181 183 184 186 188 189 190 194 196 199 201 203
layer_01.bin,none,3,13,204 205 206 207 210 212 214 215 217 219 220 221 222 223 224 226
layer_01.bin,none,2,11,227 228 232 237 238 240 241 243 247 248 250 251 252
layer_02.bin,none,2,14,1 4 5 6 7 11 12 13 14 15 17 18 19 22 24 25
layer_02.bin,none,2,14,27 28 29 30 31 32 34 35 37 41 42 43 44 45 46 47
layer_02.bin,none,3,13,48 49 52 53 56 59 61 64 66 68 70 71 72 73 74 75
layer_02.bin,none,2,14,79 81 82 85 88 89 91 96 97 98 101 102 104 105 106 107
layer_02.bin,none,4,12,109 112 113 114 119 121 123 124 125 127 128 129 131 133 134 135
layer_02.bin,none,5,11,136 137 138 139 140 141 142 143 144 145 146 148 151 152 153 155
layer_02.bin,none,3,13,156 157 158 160 161 163 165 166 167 168 171 172 173 174 175 177
layer_02.bin,none,4,12,178 179 180 181 182 183 185 187 188 191 192 193 195 197 199 200
layer_02.bin,none,2,14,202 203 204 205 209 211 214 217 218 219 222 224 226 227 229 231
layer_02.bin,none,1,14,232 233 235 237 239 240 241 244 246 247 248 250 251 253 254
layer_03.bin,none,2,14,1 2 3 4 5 6 8 9 10 12 13 14 15 18 21 22
layer_03.bin,none,4,12,25 26 27 28 32 33 34 35 36 38 39 40 42 45 48 49
layer_03.bin,none,3,13,50 51 53 54 56 57 59 64 65 66 68 69 71 73 75 76
layer_03.bin,none,0,16,77 78 79 80 81 83 84 85 86 88 89 90 91 92 93 94
layer_03.bin,none,4,12,96 99 103 107 108 109 111 113 118 121 123 124 126 127 128 130
layer_03.bin,none,4,12,131 132 134 136 137 139 142 143 145 147 149 153 156 157 161 162
layer_03.bin,none,0,16,163 164 165 167 168 171 173 174 175 178 180 181 183 184 185 186
layer_03.bin,none,3,13,189 190 192 193 194 195 196 197 200 201 203 204 205 206 207 208
layer_03.bin,none,6,10,209 212 215 216 217 218 222 224 225 226 227 228 230 231 232 237
layer_03.bin,none,2,10,238 239 240 241 242 243 244 245 248 252 253 255
layer_04.bin,none,3,13,0 4 6 9 10 13 15 16 17 18 19 20 21 22 23 28
layer_04.bin,none,4,12,29 31 32 35 40 41 46 48 50 56 57 58 61 62 64 67
layer_04.bin,none,3,13,69 72 79 81 84 85 86 87 88 89 90 91 92 93 96 97
layer_04.bin,none,5,11,98 99 102 104 107 108 111 115 120 121 122 123 124 125 126 127
layer_04.bin,none,6,10,128 129 131 132 134 135 137 140 141 145 146 147 149 150 151 153
layer_04.bin,none,3,13,154 155 158 159 163 166 168 171 172 173 175 176 178 179 180 181
layer_04.bin,none,4,12,182 183 184 185 187 188 189 190 191 192 193 195 196 199 200 203
layer_04.bin,none,2,14,204 205 206 207 210 211 214 218 219 221 223 224 225 226 227 230
layer_04.bin,none,2,13,231 233 234 235 236 237 238 239 241 244 246 247 248 249 250
layer_05.bin,none,0,16,0 3 4 6 9 13 15 20 21 22 23 25 29 30 32 33
layer_05.bin,none,4,12,36 37 40 41 42 47 51 56 57 60 61 64 65 68 71 74
layer_05.bin,none,2,14,75 77 78 80 82 85 86 87 89 91 95 96 99 103 106 108
layer_05.bin,none,4,12,110 111 112 113 118 121 122 125 127 128 129 130 132 134 135 136
layer_05.bin,none,3,13,139 142 143 145 146 149 152 154 159 160 164 166 173 180 181 184
layer_05.bin,none,4,12,185 186 189 190 196 200 205 206 209 210 212 214 215 216 218 221
layer_05.bin,none,1,15,222 223 226 227 229 230 231 232 234 237 239 243 244 245 246 247
layer_05.bin,none,2,1,248 251 255
layer_06.bin,none,4,12,0 5 7 8 12 17 18 20 21 22 23 24 26 28 30 31
layer_06.bin,none,3,13,33 36 40 45 46 51 53 54 60 63 68 72 74 78 85 88
layer_06.bin,none,2,14,89 91 96 97 98 101 102 103 110 111 112 113 118 119 120 121
layer_06.bin,none,3,13,125 127 138 139 141 143 144 145 147 152 158 160 163 164 165 169
layer_06.bin,none,1,15,170 172 173 174 176 179 181 189 195 198 202 203 204 205 206 207
layer_06.bin,none,4,12,210 211 213 214 217 218 219 221 223 227 228 231 233 236 237 240
layer_06.bin,none,1,5,242 248 249 252 253 254
layer_07.bin,none,8,8,3 5 6 11 13 15 18 22 30 36 39 47 49 52 53 57
layer_07.bin,none,3,13,58 62 63 67 72 75 77 78 81 83 84 88 89 90 95 98
layer_07.bin,none,3,13,105 110 112 118 123 125 130 131 135 136 141 142 144 145 147 148
layer_07.bin,none,5,11,149 153 155 162 165 166 168 169 175 178 180 183 184 185 186 191
layer_07.bin,none,2,14,193 194 195 199 200 203 204 206 209 210 211 213 216 217 221 224
layer_07.bin,none,3,8,229 232 236 241 245 246 250 251 252 253 254
layer_08.bin,none,3,13,5 8 10 11 12 17 18 21 22 23 24 26 36 38 41 50
layer_08.bin,none,4,12,53 58 59 63 68 72 73 78 81 82 84 88 92 94 96 98
layer_08.bin,none,6,10,99 104 106 108 110 111 112 113 114 117 118 121 122 123 127 128
layer_08.bin,none,5,11,133 134 135 139 148 149 150 151 158 163 168 172 174 175 187 191
layer_08.bin,none,3,13,195 196 197 201 202 204 205 216 217 223 224 231 233 235 237 238
layer_08.bin,none,0,6,240 242 243 248 250 253
layer_09.bin,none,5,11,1 2 6 7 8 11 12 15 18 19 20 25 26 31 32 33
layer_09.bin,none,3,13,36 37 38 40 44 45 52 53 55 58 60 62 63 65 69 71
layer_09.bin,none,4,12,72 77 79 83 84 86 87 91 95 97 99 101 109 116 117 118
layer_09.bin,none,3,13,119 121 122 126 127 130 134 136 139 140 141 143 145 146 150 160
layer_09.bin,none,6,10,161 164 166 169 170 174 177 178 185 191 193 195 196 199 201 203
layer_09.bin,none,5,11,206 209 210 213 221 222 223 225 228 229 231 232 239 241 243 245
layer_09.bin,none,0,6,246 247 248 251 253 254
layer_10.bin,none,0,16,1 2 4 6 10 11 13 14 20 21 22 23 25 27 28 29
layer_10.bin,none,3,13,32 33 36 37 38 42 43 45 47 48 54 59 61 65 70 75
layer_10.bin,none,3,13,76 77 78 79 82 83 86 88 90 95 96 98 100 104 108 109
layer_10.bin,none,5,11,113 115 116 120 121 124 125 126 127 129 131 133 134 135 137 139
layer_10.bin,none,1,15,141 142 144 145 146 147 148 149 151 153 154 156 158 159 162 166
layer_10.bin,none,0,16,167 168 170 172 173 175 176 177 179 183 184 188 189 191 192 195
layer_10.bin,none,2,14,197 198 199 202 203 206 210 213 214 215 217 220 221 223 224 225
layer_10.bin,none,5,7,226 227 233 236 239 243 245 247 249 251 254 255
layer_11.bin,none,1,15,0 4 5 7 9 11 12 13 17 19 22 23 24 25 26 30
layer_11.bin,none,5,11,32 34 37 39 40 41 42 43 45 51 55 56 58 60 61 63
layer_11.bin,none,2,14,71 72 73 74 75 77 78 83 87 88 90 91 92 94 96 97
layer_11.bin,none,6,10,100 104 105 106 107 108 112 117 118 120 121 123 125 126 127 128
layer_11.bin,none,3,13,132 133 134 135 136 138 139 140 141 142 143 144 149 151 152 160
layer_11.bin,none,1,15,161 162 166 167 168 169 171 174 176 178 180 183 184 186 187 188
layer_11.bin,none,3,13,192 196 199 201 204 205 206 210 211 213 214 215 216 218 219 221
layer_11.bin,none,2,14,223 224 226 228 230 232 233 237 239 241 243 244 246 249 253 254
layer_12.bin,none,4,12,1 4 6 9 10 13 16 18 20 21 23 24 30 32 36 37
layer_12.bin,none,4,12,38 39 40 41 42 48 50 51 52 62 63 64 67 68 73 77
layer_12.bin,none,2,14,78 79 83 85 87 88 93 94 96 98 99 100 101 105 107 109
layer_12.bin,none,4,12,110 112 116 117 122 124 126 127 130 131 135 136 137 142 144 145
layer_12.bin,none,3,13,146 147 148 149 151 153 163 164 167 169 175 176 177 183 184 185
layer_12.bin,none,6,10,187 195 196 198 199 200 201 203 208 212 213 216 220 221 223 228
layer_12.bin,none,2,9,232 235 239 240 242 244 247 248 249 251 252
layer_13.bin,none,6,10,0 1 3 5 9 11 15 21 23 26 32 34 37 45 47 55
layer_13.bin,none,5,11,58 63 64 65 66 68 71 73 78 83 89 93 97 103 104 105
layer_13.bin,none,2,14,107 115 117 118 119 120 121 128 130 132 135 136 139 141 144 148
layer_13.bin,none,6,10,149 161 162 167 170 171 177 178 179 180 182 185 188 189 192 193
layer_13.bin,none,3,13,194 202 207 208 211 212 213 214 215 216 221 224 231 236 240 241
layer_13.bin,none,1,6,242 243 250 251 253 254 255
layer_14.bin,none,6,10,0 12 17 20 21 26 29 30 34 35 38 41 44 50 51 54
layer_14.bin,none,4,12,55 56 57 59 62 64 66 67 68 71 72 81 85 87 88 92
layer_14.bin,none,3,13,94 95 99 102 103 107 110 112 113 115 119 123 125 126 130 132
layer_14.bin,none,4,12,133 134 136 137 140 142 148 149 150 154 160 161 163 165 167 173
layer_14.bin,none,4,12,181 184 189 190 191 193 197 200 201 204 211 212 214 216 217 219
layer_14.bin,none,4,7,222 225 228 229 230 235 236 244 248 252 254
layer_15.bin,none,3,13,0 1 2 3 6 11 12 14 16 18 23 27 28 34 38 42
layer_15.bin,none,2,14,43 46 48 52 53 55 64 66 69 70 72 74 79 81 82 83
layer_15.bin,none,3,13,86 87 90 92 93 97 99 100 102 104 108 111 117 119 122 124
layer_15.bin,none,8,8,126 131 133 137 138 139 141 145 147 148 150 151 157 165 168 169
layer_15.bin,none,4,12,172 173 183 184 185 187 189 191 193 196 204 206 210 214 217 218
layer_15.bin,none,5,9,221 225 227 228 229 235 238 242 244 247 249 251 254 255
layer_16.bin,none,1,15,1 6 10 11 16 18 23 24 28 29 33 34 36 37 39 40
layer_16.bin,none,7,9,41 43 45 48 49 50 51 56 59 60 61 63 66 68 74 75
layer_16.bin,none,3,13,78 84 88 89 91 93 98 101 103 104 107 112 113 115 117 118
layer_16.bin,none,6,10,120 124 126 130 134 141 142 144 147 151 162 164 166 168 169 170
layer_16.bin,none,4,12,172 174 175 177 179 186 189 191 192 194 195 197 198 201 203 204
layer_16.bin,none,5,11,208 210 218 220 224 226 227 229 230 232 233 234 238 245 248 252
layer_16.bin,none,0,1,255
layer_17.bin,none,6,10,0 1 2 4 8 9 10 13 18 21 25 26 29 34 35 36
layer_17.bin,none,3,13,37 39 45 46 47 51 58 59 60 64 65 69 71 72 73 74
layer_17.bin,none,3,13,86 87 89 91 95 96 98 99 106 107 109 112 113 114 115 116
layer_17.bin,none,4,12,119 121 125 126 137 138 141 144 150 151 152 155 162 165 169 171
layer_17.bin,none,3,13,177 184 190 195 196 198 200 204 207 210 211 212 213 216 217 220
layer_17.bin,none,4,9,221 222 225 227 233 234 237 243 244 247 248 249 255
layer_18.bin,none,2,14,0 3 8 13 16 17 18 19 24 30 31 35 37 38 40 42
layer_18.bin,none,4,12,43 44 54 57 58 60 62 64 65 66 67 68 74 75 77 79
layer_18.bin,none,5,11,85 88 91 92 94 95 96 97 99 100 102 104 105 108 110 111
layer_18.bin,none,5,11,113 116 117 119 122 123 126 127 128 129 132 133 134 137 138 140
layer_18.bin,none,3,13,141 146 152 153 156 158 161 163 167 172 174 176 181 186 193 195
layer_18.bin,none,7,9,197 199 201 204 209 214 215 217 224 225 230 232 233 234 237 239
layer_18.bin,none,1,2,241 251 254
layer_19.bin,none,5,11,9 10 14 15 17 19 23 24 26 28 29 30 34 35 36 37
layer_19.bin,none,5,11,41 44 48 49 50 54 55 58 59 60 61 63 67 75 78 79
layer_19.bin,none,7,9,89 90 91 94 95 98 114 115 116 118 122 125 127 128 129 133
layer_19.bin,none,2,14,135 137 139 142 144 148 149 152 153 154 160 161 162 163 165 166
layer_19.bin,none,4,12,167 169 171 173 174 180 186 189 190 192 194 195 204 207 208 209
layer_19.bin,none,5,11,211 212 219 221 223 234 235 238 239 240 242 244 246 248 249 250
layer_19.bin,none,0,1,254
layer_20.bin,none,2,14,1 8 11 17 18 21 22 23 24 26 30 36 38 41 44 49
layer_20.bin,none,3,13,50 53 56 62 66 68 71 72 75 79 81 83 85 91 92 93
layer_20.bin,none,7,9,96 99 106 110 113 115 116 118 119 122 124 127 128 133 134 135
layer_20.bin,none,7,9,139 145 148 150 158 161 162 163 168 172 173 174 175 179 187 191
layer_20.bin,none,3,13,195 197 199 202 204 205 211 216 217 219 220 223 224 225 231 235
layer_20.bin,none,3,6,237 238 240 243 245 246 247 250 253
layer_21.bin,none,5,11,0 1 2 6 8 15 18 22 31 32 37 38 44 45 53 55
layer_21.bin,none,3,13,56 58 60 63 68 69 71 72 77 79 86 95 99 109 113 114
layer_21.bin,none,7,9,116 117 119 121 122 126 127 128 134 136 138 143 148 149 155 158
layer_21.bin,none,2,14,160 161 166 169 170 174 177 178 184 185 187 190 191 193 194 199
layer_21.bin,none,7,9,200 201 203 207 210 213 214 215 217 218 221 222 225 228 229 231
layer_21.bin,none,2,6,232 241 245 246 248 251 252 254
layer_22.bin,none,2,14,2 5 6 10 11 13 20 21 23 25 26 27 28 29 33 34
layer_22.bin,none,3,13,36 37 38 41 44 49 50 53 59 60 65 69 70 74 75 76
layer_22.bin,none,2,14,77 78 80 82 87 89 90 93 96 100 102 104 105 106 108 109
layer_22.bin,none,8,8,113 115 116 117 118 119 120 121 123 124 125 126 127 129 132 133
layer_22.bin,none,4,12,135 136 137 147 148 149 151 154 156 160 162 167 168 170 173 175
layer_22.bin,none,1,15,176 179 182 183 184 189 191 192 194 195 197 199 202 203 206 207
layer_22.bin,none,6,10,213 214 215 217 219 220 221 226 227 231 233 234 243 245 246 247
layer_22.bin,none,2,3,249 250 251 254 255
layer_23.bin,none,0,16,4 5 7 10 11 16 19 22 23 24 25 26 28 30 32 34
layer_23.bin,none,6,10,37 38 40 41 43 44 45 46 51 54 55 56 58 60 61 63
layer_23.bin,none,1,15,71 72 73 74 75 76 77 78 79 80 81 82 87 88 91 92
layer_23.bin,none,3,13,96 97 104 108 112 117 118 120 123 125 126 127 128 129 132 133
layer_23.bin,none,4,12,134 135 136 138 139 141 142 143 148 149 152 157 158 161 162 166
layer_23.bin,none,2,14,167 170 171 172 173 174 178 180 181 183 184 186 187 188 192 193
layer_23.bin,none,4,12,196 201 202 204 205 206 211 213 214 215 219 223 224 228 230 233
layer_23.bin,none,2,9,237 239 241 243 244 246 248 249 251 252 253
layer_24.bin,none,3,13,0 1 2 4 6 7 8 9 10 13 16 20 21 23 24 27
layer_24.bin,none,4,12,31 32 37 38 39 41 44 48 50 53 56 58 60 62 68 69
layer_24.bin,none,3,13,70 73 78 79 83 85 87 88 91 92 93 94 96 100 101 102
layer_24.bin,none,3,13,104 105 109 110 112 113 116 122 124 125 126 127 131 135 142 144
layer_24.bin,none,5,11,145 147 148 149 151 153 158 163 164 167 169 170 174 175 176 178
layer_24.bin,none,3,13,184 187 188 189 195 196 198 199 200 207 209 212 213 214 216 217
layer_24.bin,none,6,10,220 221 228 229 232 235 237 239 240 241 242 243 244 246 247 248
layer_24.bin,none,0,2,252 255
layer_25.bin,none,3,13,0 1 2 3 4 5 11 21 23 26 27 34 35 36 37 44
layer_25.bin,none,6,10,45 47 52 55 56 57 58 61 63 64 65 66 70 71 76 78
layer_25.bin,none,4,12,79 80 83 84 87 89 91 93 98 99 101 103 104 105 109 114
layer_25.bin,none,4,12,115 117 118 119 121 128 129 130 132 135 136 138 139 141 144 145
layer_25.bin,none,4,12,149 152 153 155 161 162 165 167 171 172 177 180 182 183 184 188
layer_25.bin,none,4,12,189 192 194 195 201 202 203 207 208 211 212 215 216 219 221 222
layer_25.bin,none,2,11,223 224 227 231 236 241 242 249 250 251 253 254 255
layer_26.bin,none,4,12,0 3 8 9 12 14 17 18 20 21 24 26 29 30 34 35
layer_26.bin,none,4,12,39 41 44 50 54 55 56 57 58 59 66 67 68 71 73 78
layer_26.bin,none,3,13,81 85 87 88 91 92 94 95 96 102 103 110 112 113 115 119
layer_26.bin,none,2,14,123 125 126 128 130 132 136 137 142 144 145 146 149 150 153 154
layer_26.bin,none,6,10,159 160 162 163 164 165 167 173 178 181 184 186 188 190 191 192
layer_26.bin,none,4,12,193 194 195 200 201 204 207 211 214 215 216 217 219 222 226 228
layer_26.bin,none,3,5,229 230 236 244 247 248 252 254
layer_27.bin,none,4,12,0 1 2 3 6 11 12 14 17 18 19 20 22 23 25 26
layer_27.bin,none,2,14,27 29 33 34 38 42 43 45 46 47 53 54 55 61 66 69
layer_27.bin,none,3,13,70 74 79 82 83 85 86 89 90 92 93 97 98 99 100 102
layer_27.bin,none,2,14,104 106 108 110 112 117 121 122 123 124 126 127 128 136 137 138
layer_27.bin,none,7,9,139 141 145 146 147 151 153 154 156 163 165 168 169 173 174 175
layer_27.bin,none,3,13,177 179 184 185 187 188 189 190 191 193 197 206 210 218 220 221
layer_27.bin,none,5,8,225 227 228 229 237 239 242 243 244 247 249 254 255
layer_28.bin,none,1,15,1 2 4 6 10 11 14 15 16 18 19 23 24 25 26 29
layer_28.bin,none,4,12,34 37 39 45 48 49 50 57 59 60 62 63 66 68 72 74
layer_28.bin,none,2,14,75 78 88 89 91 92 93 101 103 105 107 112 113 114 115 117
layer_28.bin,none,5,11,120 122 126 130 142 143 144 151 153 158 160 162 164 166 167 169
layer_28.bin,none,4,12,170 171 172 175 176 177 179 182 183 186 191 194 195 197 200 203
layer_28.bin,none,4,12,204 209 210 215 216 218 220 222 223 224 227 228 229 232 234 235
layer_28.bin,none,0,5,238 245 248 250 254
layer_29.bin,none,5,11,0 1 2 4 8 9 10 13 18 25 27 28 33 34 36 37
layer_29.bin,none,4,12,42 44 45 46 47 51 54 57 58 59 64 67 69 71 72 73
layer_29.bin,none,4,12,74 79 86 89 91 96 98 99 104 106 108 109 111 112 119 121
layer_29.bin,none,5,11,125 126 127 131 137 141 144 145 150 151 152 156 160 161 164 165
layer_29.bin,none,1,15,167 168 170 171 175 183 184 185 186 190 192 196 198 200 204 210
layer_29.bin,none,3,12,215 216 217 221 222 225 228 233 242 244 245 246 247 248 249
layer_30.bin,none,3,13,0 8 11 13 18 19 24 30 31 32 35 37 38 39 42 43
layer_30.bin,none,4,12,44 45 47 51 52 54 57 58 60 61 64 67 72 73 74 75
layer_30.bin,none,6,10,77 79 88 91 92 93 94 95 96 97 99 102 104 105 108 110
layer_30.bin,none,2,14,113 116 117 119 120 122 127 129 132 134 137 138 139 141 146 147
layer_30.bin,none,7,9,152 155 156 160 163 172 174 175 176 177 180 181 182 184 186 192
layer_30.bin,none,4,12,195 197 199 206 209 213 216 217 219 222 224 225 229 233 234 237
layer_30.bin,none,0,5,239 241 252 253 254
layer_31.bin,none,5,11,1 9 10 14 15 17 19 20 24 27 30 32 35 36 37 38
layer_31.bin,none,4,12,54 55 56 57 58 59 60 63 67 69 72 75 81 83 87 88
layer_31.bin,none,6,10,89 90 94 95 98 99 105 114 115 116 118 121 122 123 125 127
layer_31.bin,none,4,12,131 132 133 135 137 138 139 142 143 144 148 149 152 153 154 157
layer_31.bin,none,5,11,158 160 161 162 163 165 167 173 174 175 180 186 190 191 192 194
layer_31.bin,none,4,12,204 206 207 209 211 212 214 215 219 220 221 224 225 234 235 236
layer_31.bin,none,3,7,237 238 239 240 242 244 246 247 248 249
layer_32.bin,none,5,11,2 3 5 7 9 10 15 16 26 27 28 30 33 35 37 38
layer_32.bin,none,7,9,43 46 47 49 50 52 53 54 58 59 60 63 64 66 67 68
layer_32.bin,none,3,13,71 73 78 82 92 95 97 101 103 104 108 109 111 112 117 119
layer_32.bin,none,2,14,120 121 127 128 133 136 137 138 139 142 143 144 146 149 150 152
layer_32.bin,none,1,15,156 157 160 163 165 166 172 175 180 183 184 202 204 205 208 209
layer_32.bin,none,4,12,210 211 213 218 226 232 233 236 240 241 246 247 250 251 252 255
layer_33.bin,none,4,12,0 4 5 9 17 19 21 23 27 30 32 33 35 39 47 50
layer_33.bin,none,4,12,51 53 54 60 61 62 66 67 70 71 72 75 77 79 81 85
layer_33.bin,none,4,12,87 90 93 95 96 98 99 102 105 106 108 109 110 115 117 118
layer_33.bin,none,4,12,123 127 130 133 137 140 144 147 149 151 152 155 157 161 162 164
layer_33.bin,none,4,12,165 167 176 181 189 191 192 195 197 198 203 204 208 209 210 213
layer_33.bin,none,1,15,221 222 225 227 231 233 235 236 237 240 241 247 250 251 252 254
layer_33.bin,none,0,1,255
layer_34.bin,none,4,12,5 6 10 12 13 14 15 16 17 24 25 26 27 28 29 31
layer_34.bin,none,3,13,32 33 37 40 41 42 43 45 51 61 63 66 68 69 70 73
layer_34.bin,none,5,11,74 76 77 85 91 92 93 99 103 104 105 108 109 113 114 120
layer_34.bin,none,3,13,121 122 123 128 132 137 138 140 141 153 154 159 160 162 163 164
layer_34.bin,none,4,12,166 177 179 181 182 183 186 192 194 199 202 203 204 211 218 219
layer_34.bin,none,3,12,222 223 225 226 231 234 239 241 243 244 246 247 249 252 254
layer_35.bin,none,4,12,0 3 8 10 11 13 14 16 17 18 19 27 30 33 34 36
layer_35.bin,none,6,10,38 40 42 43 44 53 64 65 66 69 71 72 77 78 79 81
layer_35.bin,none,5,11,84 87 90 95 96 102 103 106 115 117 119 121 123 125 126 129
layer_35.bin,none,4,12,130 134 136 138 139 142 149 152 155 156 159 167 168 170 171 174
layer_35.bin,none,5,11,176 180 181 194 195 197 198 199 202 203 209 212 213 215 217 220
layer_35.bin,none,2,10,222 225 228 232 234 235 239 240 245 252 253 254
layer_36.bin,none,3,13,3 4 5 7 10 16 18 20 21 25 28 29 31 32 34 36
layer_36.bin,none,5,11,45 50 51 55 56 60 61 63 69 73 74 75 76 78 79 80
layer_36.bin,none,3,13,81 82 84 93 94 101 102 106 109 110 113 114 118 119 126 133
layer_36.bin,none,5,11,134 135 136 138 141 143 148 149 153 154 157 158 159 160 161 163
layer_36.bin,none,6,10,164 165 166 167 168 171 176 178 185 186 188 190 191 192 199 201
layer_36.bin,none,2,12,212 213 220 222 224 225 226 228 230 232 233 235 240 245
layer_37.bin,none,3,13,1 2 3 5 6 7 8 13 19 24 25 29 33 35 36 39
layer_37.bin,none,5,11,53 54 55 61 64 65 66 68 69 71 72 73 74 86 92 93
layer_37.bin,none,7,9,96 100 101 102 103 104 109 111 113 115 116 117 119 120 122 123
layer_37.bin,none,4,12,124 125 127 129 130 132 137 138 144 145 149 151 156 158 160 163
layer_37.bin,none,3,13,164 165 166 170 171 173 175 178 179 180 181 182 185 186 194 196
layer_37.bin,none,2,14,198 199 200 202 205 206 207 211 212 218 219 224 226 232 233 234
layer_37.bin,none,2,5,238 239 240 242 243 244 245
layer_38.bin,none,3,13,0 2 7 8 10 11 16 17 18 21 24 25 27 31 36 37
layer_38.bin,none,2,14,42 43 49 50 57 60 61 62 64 65 67 68 70 72 77 82
layer_38.bin,none,7,9,83 87 88 96 98 103 109 111 112 117 120 125 131 132 134 135
layer_38.bin,none,6,10,136 137 140 143 144 145 148 149 150 151 156 159 164 166 168 173
layer_38.bin,none,5,11,175 176 177 180 182 184 185 189 190 191 192 193 195 196 197 202
layer_38.bin,none,6,9,204 206 209 220 222 224 232 233 236 239 243 245 249 252 254
layer_39.bin,none,5,11,2 5 6 7 8 10 11 12 14 18 20 21 22 24 25 27
layer_39.bin,none,1,15,30 31 32 35 36 37 38 39 40 42 46 47 48 50 56 57
layer_39.bin,none,2,14,63 66 67 69 73 74 83 84 86 87 88 90 91 95 96 97
layer_39.bin,none,5,11,98 100 101 103 105 108 109 110 112 113 117 118 120 123 127 128
layer_39.bin,none,2,14,132 133 134 136 139 140 142 144 148 150 154 159 162 163 165 166
layer_39.bin,none,2,14,168 171 173 175 176 178 179 184 186 187 190 191 192 193 195 198
layer_39.bin,none,4,12,200 202 204 207 208 211 218 221 222 223 224 226 227 228 230 235
layer_39.bin,none,3,5,236 237 243 245 249 251 253 255
layer_00.bin,none,3,13,2 4 5 7 9 16 17 21 24 27 29 30 31 38 41 43
layer_00.bin,none,5,11,44 47 48 51 53 54 58 59 65 67 69 71 74 81 91 95
layer_00.bin,none,2,14,98 99 103 112 114 115 116 121 126 128 130 131 132 133 137 139
layer_00.bin,none,5,11,140 141 143 145 149 151 156 158 159 160 163 169 175 176 177 179
layer_00.bin,none,4,12,182 184 187 189 190 193 195 198 200 201 206 208 211 212 213 214
layer_00.bin,none,2,14,215 220 223 224 225 230 232 233 235 236 240 242 243 244 247 248
layer_00.bin,none,0,3,249 251 253
layer_01.bin,none,2,14,0 3 7 9 11 12 13 21 25 28 31 37 38 39 53 55
layer_01.bin,none,3,13,58 63 65 68 71 74 76 78 82 84 89 92 94 97 100 103
layer_01.bin,none,3,13,104 105 106 110 112 113 115 117 118 119 121 122 125 127 128 129
layer_01.bin,none,4,12,134 135 136 137 145 147 148 149 151 153 157 161 163 166 167 168
layer_01.bin,none,3,13,170 172 181 183 184 189 196 201 203 205 206 209 210 212 214 218
layer_01.bin,none,3,13,219 220 222 223 224 227 229 233 234 237 238 239 241 247 248 250
layer_01.bin,none,1,0,251
layer_02.bin,none,3,13,1 2 8 11 16 17 18 21 24 27 29 32 34 35 37 41
layer_02.bin,none,2,14,44 48 49 51 53 54 56 61 66 67 68 74 75 76 82 85
layer_02.bin,none,5,11,88 91 93 104 106 109 112 114 119 121 126 129 134 136 137 139
layer_02.bin,none,6,10,140 141 143 145 146 151 152 153 158 162 163 165 167 168 171 172
layer_02.bin,none,3,13,177 178 179 181 186 190 192 196 197 201 206 213 217 219 222 229
layer_02.bin,none,0,4,231 233 235 241
layer_03.bin,none,4,12,2 3 6 8 9 11 12 15 22 25 28 34 35 41 43 45
layer_03.bin,none,1,15,48 51 52 59 64 69 71 73 75 76 77 79 83 86 88 91
layer_03.bin,none,4,12,93 96 97 103 104 106 107 109 114 118 124 126 128 130 136 138
layer_03.bin,none,1,15,140 142 149 151 154 161 163 167 168 173 174 175 181 184 192 193
layer_03.bin,none,5,11,195 196 197 199 200 204 205 206 207 208 209 212 214 215 216 217
layer_03.bin,none,5,11,220 222 224 225 226 227 229 231 233 236 238 239 243 244 245 246
layer_03.bin,none,0,2,249 254
layer_04.bin,none,4,12,15 16 20 23 26 28 29 32 35 39 40 41 42 46 52 57
layer_04.bin,none,4,12,58 59 66 68 73 75 84 87 90 91 95 100 104 107 108 109
layer_04.bin,none,5,11,111 113 114 121 124 126 127 128 129 130 131 132 134 135 136 140
layer_04.bin,none,6,10,142 144 145 147 150 151 153 154 156 159 163 165 171 173 175 179
layer_04.bin,none,4,12,183 184 186 187 191 193 195 199 200 203 204 205 206 213 214 216
layer_04.bin,none,2,8,221 222 224 230 234 237 238 241 244 247
layer_05.bin,none,1,15,0 4 9 13 17 22 26 29 30 32 36 37 41 42 47 54
layer_05.bin,none,4,12,55 60 65 73 76 77 78 80 85 88 89 91 95 99 106 108
layer_05.bin,none,6,10,110 111 112 118 122 124 127 128 129 130 131 134 135 145 151 152
layer_05.bin,none,5,11,153 154 156 158 159 164 166 173 176 179 182 186 187 193 196 198
layer_05.bin,none,5,11,205 210 218 224 226 227 231 232 237 239 240 245 248 251 252 255
layer_06.bin,none,5,11,0 4 9 12 17 19 21 22 24 25 30 31 32 36 45 51
layer_06.bin,none,6,10,54 60 65 68 72 79 89 98 102 104 113 118 119 121 122 138
layer_06.bin,none,4,12,143 145 153 160 169 174 176 196 202 203 205 206 210 213 218 221
layer_06.bin,none,4,9,223 226 228 230 233 234 239 240 249 250 252 253 254
layer_07.bin,none,7,9,3 5 6 11 18 22 30 33 36 44 49 50 57 59 67 72
layer_07.bin,none,5,11,75 78 81 88 90 105 110 111 116 117 118 123 130 132 133 136
layer_07.bin,none,5,11,139 140 142 145 147 148 149 154 158 168 175 178 180 184 185 187
layer_07.bin,none,2,9,190 193 205 213 221 224 232 233 245 250 251
layer_08.bin,none,8,8,14 22 23 24 26 33 36 53 59 63 72 73 82 94 98 99
layer_08.bin,none,6,10,104 107 108 113 115 117 118 121 122 123 128 133 134 148 149 156
layer_08.bin,none,6,10,158 164 166 175 180 187 191 195 199 202 204 209 216 224 231 240
layer_08.bin,none,0,3,243 247 250
layer_09.bin,none,4,12,1 2 7 15 18 22 25 31 32 33 37 38 44 45 48 52
layer_09.bin,none,5,11,53 56 59 65 69 74 77 79 83 86 88 91 95 99 105 109
layer_09.bin,none,5,11,116 117 118 132 134 139 143 150 154 161 164 166 170 177 191 192
layer_09.bin,none,6,9,193 196 199 203 207 222 228 229 230 239 241 243 251 253 255
layer_10.bin,none,2,14,4 7 20 21 23 27 28 29 33 36 38 54 65 67 70 74
layer_10.bin,none,5,11,75 82 88 89 93 94 96 105 106 108 109 113 115 116 121 124
layer_10.bin,none,7,9,125 126 130 132 135 146 147 148 149 156 157 158 168 169 176 184
layer_10.bin,none,8,8,185 196 197 198 202 210 215 217 226 227 230 233 234 240 243 245
layer_10.bin,none,1,1,247 254
layer_11.bin,none,6,10,4 5 12 23 26 32 36 37 39 41 42 43 51 56 60 62
layer_11.bin,none,3,13,63 65 71 72 74 77 81 83 86 87 89 90 97 105 106 107
layer_11.bin,none,6,10,108 111 117 127 128 133 134 136 139 140 141 154 160 161 166 178
layer_11.bin,none,5,11,184 186 188 189 196 197 204 205 206 211 214 216 218 223 225 230
layer_11.bin,none,0,5,233 238 244 253 254
layer_12.bin,none,7,9,0 1 5 9 10 20 21 26 37 39 44 47 48 50 63 64
layer_12.bin,none,7,9,65 74 75 87 88 93 96 109 110 112 116 117 131 144 145 148
layer_12.bin,none,4,12,149 163 169 173 176 177 195 198 201 212 213 220 221 223 238 240
layer_12.bin,none,1,2,242 248 252
layer_13.bin,none,8,8,0 5 11 15 21 23 32 34 37 43 45 47 65 66 83 88
layer_13.bin,none,4,12,92 93 97 104 105 115 117 120 130 134 136 144 146 147 148 160
layer_13.bin,none,6,9,179 182 185 188 189 202 208 211 212 215 219 224 240 243 250
layer_14.bin,none,8,8,18 20 21 29 32 35 41 44 50 51 52 54 55 64 85 87
layer_14.bin,none,8,8,92 94 103 112 115 124 132 134 137 141 146 148 153 160 167 171
layer_14.bin,none,4,4,173 184 190 200 204 229 248 252
layer_15.bin,none,5,11,3 11 12 23 35 38 43 58 64 70 74 79 81 82 87 88
layer_15.bin,none,8,8,90 97 102 111 117 122 138 139 144 145 146 147 148 162 165 169
layer_15.bin,none,7,9,178 189 191 193 200 204 206 214 221 227 228 229 235 238 240 242
layer_15.bin,none,0,2,249 255
layer_16.bin,none,4,12,1 2 4 5 6 9 24 28 32 34 39 43 45 46 48 49
layer_16.bin,none,5,11,50 59 62 68 74 78 83 88 91 100 101 115 117 124 130 133
layer_16.bin,none,5,11,134 151 164 168 170 172 186 189 191 194 195 196 197 201 204 218
layer_16.bin,none,3,3,228 229 234 248 250 252
layer_17.bin,none,8,8,0 1 2 4 5 8 10 13 16 27 35 46 58 60 64 69
layer_17.bin,none,5,11,71 73 76 84 87 89 91 95 98 107 109 110 115 116 119 121
layer_17.bin,none,6,10,138 152 162 170 172 183 184 196 204 210 215 217 220 222 223 225
layer_17.bin,none,3,2,233 237 244 248 250
layer_18.bin,none,4,12,0 3 8 13 15 16 22 30 34 38 39 40 43 51 52 57
layer_18.bin,none,6,10,58 64 74 77 91 92 96 97 99 104 117 128 129 133 134 143
layer_18.bin,none,10,6,145 146 152 163 176 179 182 186 192 197 203 204 209 224 233 237
layer_18.bin,none,1,1,239 241
layer_19.bin,none,8,8,9 13 14 20 23 26 29 30 35 36 37 47 48 49 50 54
layer_19.bin,none,8,8,59 75 88 95 109 115 116 121 127 129 133 135 137 142 144 149
layer_19.bin,none,4,12,153 161 162 163 165 171 174 180 183 186 188 189 190 192 201 211
layer_19.bin,none,2,6,212 218 221 231 235 240 246 250
layer_20.bin,none,6,10,7 17 18 22 23 24 26 30 36 47 53 66 70 72 81 82
layer_20.bin,none,4,12,83 85 88 89 91 99 113 116 118 119 122 124 133 134 135 145
layer_20.bin,none,6,10,148 154 158 161 174 175 191 195 199 202 203 205 216 220 223 224
layer_20.bin,none,4,4,228 234 239 240 247 248 251 253
layer_21.bin,none,5,11,1 2 6 22 37 38 44 52 58 65 68 69 77 78 79 83
layer_21.bin,none,5,11,86 88 95 99 109 114 115 116 121 128 132 134 139 143 149 161
layer_21.bin,none,8,8,164 166 169 170 174 191 193 194 197 199 203 207 210 214 216 222
layer_21.bin,none,1,5,229 231 241 246 248 251
layer_22.bin,none,4,12,20 23 25 26 27 28 33 34 35 38 41 42 53 59 63 65
layer_22.bin,none,7,9,70 73 74 78 79 80 88 89 96 106 109 113 116 117 123 124
layer_22.bin,none,9,7,125 126 127 129 132 133 135 140 146 149 160 168 169 170 175 176
layer_22.bin,none,4,12,184 195 196 197 198 207 208 210 217 219 221 226 230 234 243 245
layer_22.bin,none,1,1,246 250
layer_23.bin,none,5,11,7 14 23 28 32 36 40 41 43 47 54 56 61 62 63 65
layer_23.bin,none,4,12,71 72 77 78 80 81 83 86 88 103 107 108 110 117 123 126
layer_23.bin,none,5,11,128 134 136 138 139 140 141 146 148 149 151 152 157 159 160 161
layer_23.bin,none,5,11,162 166 170 174 177 178 179 180 189 192 193 200 204 205 206 208
layer_23.bin,none,2,10,211 212 214 215 223 226 237 238 244 248 252 253
layer_24.bin,none,4,12,1 2 7 9 10 20 22 26 27 32 37 44 47 48 50 58
layer_24.bin,none,6,10,60 63 72 73 74 75 79 87 93 94 102 109 112 116 125 131
layer_24.bin,none,4,12,133 136 142 144 145 149 151 153 163 169 174 176 178 183 184 189
layer_24.bin,none,5,8,211 217 220 221 222 235 240 242 244 246 247 248 252
layer_25.bin,none,6,10,0 2 11 13 15 18 23 34 36 45 47 64 65 66 70 71
layer_25.bin,none,7,9,78 83 88 92 93 98 104 115 117 120 130 134 136 144 145 146
layer_25.bin,none,7,9,147 153 168 171 179 180 182 185 188 193 202 204 207 208 212 219
layer_25.bin,none,1,7,222 223 227 240 246 250 253 254
layer_26.bin,none,6,10,3 9 17 20 21 26 29 30 32 34 35 36 42 44 50 51
layer_26.bin,none,4,12,52 54 55 64 67 68 70 78 85 88 91 92 94 95 96 99
layer_26.bin,none,9,7,103 104 105 109 115 124 130 132 134 137 142 144 148 150 152 160
layer_26.bin,none,4,12,162 167 173 178 179 184 188 191 194 197 201 204 214 215 216 219
layer_26.bin,none,2,3,229 236 247 248 254
layer_27.bin,none,4,12,3 9 11 12 17 23 26 38 43 57 58 62 63 69 82 85
layer_27.bin,none,5,11,87 88 90 97 98 100 105 115 117 127 129 136 137 138 139 145
layer_27.bin,none,7,9,146 147 151 152 154 156 162 165 169 178 179 183 184 185 187 189
layer_27.bin,none,8,7,200 206 214 218 220 225 227 228 229 231 235 239 242 249 254
layer_28.bin,none,3,13,1 6 9 24 25 28 29 34 39 43 45 46 48 50 57 59
layer_28.bin,none,3,13,63 66 68 72 74 80 88 89 91 93 100 101 104 105 107 108
layer_28.bin,none,9,7,115 117 124 130 133 134 151 152 158 163 164 170 175 191 194 195
layer_28.bin,none,3,13,200 204 210 213 215 216 218 224 226 228 229 234 248 249 250 254
layer_28.bin,none,0,1,255
layer_29.bin,none,3,13,0 1 5 8 9 10 13 16 27 30 34 36 37 45 46 51
layer_29.bin,none,8,8,59 60 64 69 71 73 76 84 87 89 91 94 95 109 110 115
layer_29.bin,none,4,12,116 119 121 126 131 150 158 160 165 167 170 179 184 194 196 198
layer_29.bin,none,2,9,210 217 220 221 225 226 228 232 233 246 248
layer_30.bin,none,3,13,0 8 13 15 16 17 18 24 30 37 38 42 43 51 52 57
layer_30.bin,none,5,11,58 60 64 74 77 88 89 91 92 96 99 104 105 111 117 120
layer_30.bin,none,8,8,122 128 129 134 141 146 152 155 156 163 172 176 181 190 192 196
layer_30.bin,none,2,11,197 205 209 213 222 224 225 229 234 235 239 240 241
layer_31.bin,none,6,10,0 1 4 10 13 14 16 17 20 23 26 30 35 36 37 39
layer_31.bin,none,4,12,47 55 56 57 59 60 67 69 72 75 77 78 79 80 88 89
layer_31.bin,none,7,9,94 95 98 99 109 116 118 121 122 123 125 127 132 133 137 144
layer_31.bin,none,2,14,148 149 153 158 160 162 163 164 165 174 175 176 184 186 191 192
layer_31.bin,none,5,6,205 206 207 212 215 221 242 246 247 254 255
layer_32.bin,none,5,11,3 5 10 16 23 25 26 27 29 33 38 43 45 47 52 53
layer_32.bin,none,3,13,58 60 63 66 67 71 73 78 82 90 92 95 97 101 106 108
layer_32.bin,none,5,11,109 111 112 115 117 119 120 134 144 146 149 151 156 157 160 162
layer_32.bin,none,2,14,163 170 173 178 180 183 192 203 204 208 209 215 218 219 226 232
layer_32.bin,none,4,3,233 236 241 248 250 252 255
layer_33.bin,none,6,10,0 5 9 12 27 33 39 40 43 49 60 61 66 67 70 72
layer_33.bin,none,8,8,75 76 77 79 81 85 86 87 90 92 93 102 106 108 109 127
layer_33.bin,none,4,12,133 137 138 140 142 144 150 155 157 161 164 167 176 177 181 183
layer_33.bin,none,2,14,184 189 192 197 198 203 204 207 209 210 213 220 223 225 227 238
layer_33.bin,none,0,4,250 251 252 254
layer_34.bin,none,8,8,1 10 13 15 16 20 21 25 26 27 40 46 51 52 63 65
layer_34.bin,none,6,10,66 74 76 80 85 86 91 92 93 96 103 108 109 113 120 121
layer_34.bin,none,3,13,122 123 128 132 133 137 140 141 154 159 162 165 166 169 179 181
layer_34.bin,none,3,13,182 186 192 202 203 207 211 216 218 219 222 231 239 243 244 246
layer_34.bin,none,1,1,247 249
layer_35.bin,none,8,8,9 11 14 16 18 22 30 34 36 38 42 43 44 47 53 57
layer_35.bin,none,5,11,58 64 65 69 71 72 77 79 81 84 103 106 117 119 125 126
layer_35.bin,none,5,11,130 133 134 136 140 142 149 152 155 159 164 167 168 171 174 176
layer_35.bin,none,5,9,180 185 194 195 197 199 202 203 209 215 225 235 239 240
layer_36.bin,none,3,13,2 4 5 7 10 17 18 20 21 29 31 36 45 47 51 55
layer_36.bin,none,5,11,60 63 64 70 73 74 75 76 77 79 81 84 93 94 101 106
layer_36.bin,none,6,10,110 118 120 134 135 140 148 149 151 153 158 159 164 165 167 171
layer_36.bin,none,6,10,186 188 191 199 201 210 212 213 217 220 222 225 228 230 232 240
layer_37.bin,none,7,9,1 2 3 4 5 8 19 22 24 25 33 36 39 55 61 62
layer_37.bin,none,4,12,63 64 65 71 72 73 74 76 86 89 92 97 98 99 100 101
layer_37.bin,none,6,10,103 104 109 110 111 113 116 122 123 124 125 127 129 132 137 144
layer_37.bin,none,5,11,145 156 163 165 166 170 171 180 182 184 186 187 190 194 196 199
layer_37.bin,none,4,9,202 212 214 218 219 224 233 238 242 243 244 245 250
layer_38.bin,none,4,12,8 16 17 18 24 35 60 61 64 67 68 73 77 83 87 98
layer_38.bin,none,6,10,103 108 109 112 117 120 123 128 132 135 137 141 143 144 147 149
layer_38.bin,none,7,9,150 151 156 159 161 166 173 175 176 180 182 191 196 202 209 222
layer_38.bin,none,4,5,232 233 236 239 243 245 249 254 255
layer_39.bin,none,2,14,5 8 10 17 18 20 22 24 25 31 32 35 37 39 40 42
layer_39.bin,none,1,15,45 46 50 56 57 60 66 83 88 91 93 95 96 98 101 105
layer_39.bin,none,6,10,107 108 110 120 123 127 128 139 140 141 148 154 162 163 169 173
layer_39.bin,none,4,12,174 175 184 186 190 193 195 198 202 204 216 218 222 223 224 227
layer_39.bin,none,5,4,228 230 235 238 245 249 251 253 255
layer_00.bin,decodeProtected,3,5,77 184 173 37 138 75 26 232
layer_01.bin,decodeProtected,6,2,172 214 147 224 112 129 250 94
layer_02.bin,decodeProtected,7,1,153 49 217 219 11 167 41 29
layer_03.bin,decodeProtected,6,2,6 69 224 196 87 26 225 230
layer_04.bin,decodeProtected,8,0,163 200 195 140 28 90 121 108
layer_05.bin,decodeProtected,4,4,65 71 251 86 110 222 127 43
layer_06.bin,decodeProtected,7,1,169 143 138 203 60 22 210 226
layer_07.bin,decodeProtected,6,2,184 125 245 229 185 78 175 203
layer_08.bin,decodeProtected,6,2,224 133 23 98 20 72 141 191
layer_09.bin,decodeProtected,6,2,255 20 2 243 170 176 161 189
layer_10.bin,decodeProtected,8,0,243 185 157 247 65 125 196 198
layer_11.bin,decodeProtected,7,1,89 150 206 128 160 204 108 47
layer_12.bin,decodeProtected,5,3,189 145 192 221 60 13 193 220
layer_13.bin,decodeProtected,8,0,89 93 202 212 182 243 66 32
layer_14.bin,decodeProtected,8,0,28 103 189 137 214 125 32 88
layer_15.bin,decodeProtected,6,2,244 229 185 165 238 242 46 58
layer_16.bin,decodeProtected,6,2,163 35 60 28 38 134 130 229
layer_17.bin,decodeProtected,5,3,248 208 5 89 87 167 64 22
layer_18.bin,decodeProtected,6,2,134 43 213 203 124 197 2 177
layer_19.bin,decodeProtected,7,1,36 121 195 201 167 20 231 116
layer_20.bin,decodeProtected,6,2,224 173 99 116 175 50 191 61
layer_21.bin,decodeProtected,5,3,18 255 2 170 95 176 189 155
layer_22.bin,decodeProtected,6,2,65 243 125 185 247 176 35 150
layer_23.bin,decodeProtected,4,4,89 150 16 239 160 128 206 143
layer_24.bin,decodeProtected,5,3,60 235 145 221 193 0 167 41
layer_25.bin,decodeProtected,7,1,243 89 202 182 78 185 212 44
layer_26.bin,decodeProtected,6,2,103 28 88 12 137 230 214 189
layer_27.bin,decodeProtected,6,2,185 229 165 242 46 183 204 93
layer_28.bin,decodeProtected,5,3,163 229 205 35 28 60 75 238
layer_29.bin,decodeProtected,6,2,22 241 248 87 15 46 64 167
layer_30.bin,decodeProtected,6,2,126 134 43 15 124 155 161 197
layer_31.bin,decodeProtected,8,0,36 121 201 20 167 26 75 154
layer_32.bin,decodeProtected,6,2,112 53 2 150 95 250 160 90
layer_33.bin,decodeProtected,7,1,127 164 92 9 52 43 72 241
layer_34.bin,decodeProtected,8,0,186 85 63 26 92 105 1 132
layer_35.bin,decodeProtected,8,0,43 72 42 84 57 174 22 86
layer_36.bin,decodeProtected,6,2,45 14 20 75 221 201 120 83
layer_37.bin,decodeProtected,5,3,72 23 39 182 138 190 206 65
layer_38.bin,decodeProtected,5,3,209 249 103 120 151 154 91 220
layer_39.bin,decodeProtected,6,2,238 222 10 73 228 162 37 98
layer_00.bin,decodeProtected,3,5,132 81 115 158 86 177 47 206
layer_01.bin,decodeProtected,7,1,172 250 224 112 94 147 19 86
layer_02.bin,decodeProtected,6,2,41 106 153 129 11 29 49 95
layer_03.bin,decodeProtected,4,4,41 37 128 225 62 87 34 69
layer_04.bin,decodeProtected,7,1,58 129 165 88 154 163 219 195
layer_05.bin,decodeProtected,6,2,218 251 71 127 86 147 65 44
layer_06.bin,decodeProtected,7,1,65 7 169 138 143 22 226 196
layer_07.bin,decodeProtected,7,1,229 184 14 36 185 158 78 147
layer_08.bin,decodeProtected,8,0,224 133 180 99 4 173 23 191
layer_09.bin,decodeProtected,8,0,255 239 161 2 170 59 197 95
layer_10.bin,decodeProtected,7,1,196 65 125 185 247 243 157 27
layer_11.bin,decodeProtected,6,2,160 19 99 206 108 128 150 107
layer_12.bin,decodeProtected,7,1,145 221 60 193 151 189 128 223
layer_13.bin,decodeProtected,7,1,89 182 103 202 93 32 134 212
layer_14.bin,decodeProtected,8,0,28 189 103 137 51 88 32 64
layer_15.bin,decodeProtected,8,0,229 58 165 185 242 238 46 244
layer_16.bin,decodeProtected,7,1,163 28 130 238 35 60 38 229
layer_17.bin,decodeProtected,7,1,248 87 0 46 167 5 89 64
layer_18.bin,decodeProtected,5,3,43 134 254 124 161 126 195 213
layer_19.bin,decodeProtected,7,1,121 36 116 173 20 195 201 207
layer_20.bin,decodeProtected,8,0,224 191 116 23 133 173 61 175
layer_21.bin,decodeProtected,6,2,239 2 255 191 95 170 197 221
layer_22.bin,decodeProtected,7,1,125 243 65 176 185 35 196 27
layer_23.bin,decodeProtected,5,3,108 206 128 160 86 9 237 19
layer_24.bin,decodeProtected,6,2,60 151 221 93 145 199 85 23
layer_25.bin,decodeProtected,7,1,243 103 182 212 202 89 93 134
layer_26.bin,decodeProtected,7,1,88 103 214 189 226 137 28 105
layer_27.bin,decodeProtected,7,1,185 242 46 165 58 204 229 31
layer_28.bin,decodeProtected,6,2,17 229 35 61 60 238 40 163
layer_29.bin,decodeProtected,5,3,46 248 87 0 37 22 111 198
layer_30.bin,decodeProtected,6,2,43 15 254 134 163 89 203 201
layer_31.bin,decodeProtected,7,1,121 57 20 116 26 36 154 166
layer_32.bin,decodeProtected,8,0,112 119 53 252 90 95 2 250
layer_33.bin,decodeProtected,8,0,92 43 52 127 210 93 164 9
layer_34.bin,decodeProtected,7,1,132 85 92 26 133 1 113 105
layer_35.bin,decodeProtected,6,2,72 84 42 57 119 18 160 135
layer_36.bin,decodeProtected,7,1,45 20 73 83 222 221 56 70
layer_37.bin,decodeProtected,7,1,72 182 39 138 88 233 23 211
layer_38.bin,decodeProtected,6,2,120 249 151 103 209 41 88 7
layer_39.bin,decodeProtected,3,5,162 238 170 149 74 39 222 221
layer_00.bin,decodeProtected,6,2,173 43 30 238 200 95 75 160
layer_01.bin,decodeProtected,8,0,250 172 224 129 112 147 19 86
layer_02.bin,decodeProtected,8,0,49 11 219 217 153 41 129 60
layer_03.bin,decodeProtected,6,2,69 6 38 113 25 196 199 163
layer_04.bin,decodeProtected,7,1,58 195 108 88 205 28 90 163
layer_05.bin,decodeProtected,8,0,251 65 127 218 205 86 71 158
layer_06.bin,decodeProtected,7,1,169 226 138 143 22 36 65 68
layer_07.bin,decodeProtected,8,0,49 125 78 36 14 185 35 117
layer_08.bin,decodeProtected,8,0,224 99 133 173 98 20 23 191
layer_09.bin,decodeProtected,7,1,255 2 170 161 243 59 36 176
layer_10.bin,decodeProtected,7,1,65 185 243 247 196 125 25 157
layer_11.bin,decodeProtected,5,3,160 206 108 128 89 192 62 106
layer_12.bin,decodeProtected,8,0,221 199 145 223 220 93 128 193
layer_13.bin,decodeProtected,7,1,89 182 202 243 134 93 32 160
layer_14.bin,decodeProtected,8,0,32 189 137 28 103 51 64 148
layer_15.bin,decodeProtected,8,0,242 165 87 4 185 229 58 148
layer_16.bin,decodeProtected,7,1,60 238 43 28 163 229 9 130
layer_17.bin,decodeProtected,8,0,87 248 64 0 89 15 5 35
layer_18.bin,decodeProtected,7,1,134 43 197 163 34 13 195 124
layer_19.bin,decodeProtected,7,1,36 20 167 121 109 116 86 195
layer_20.bin,decodeProtected,7,1,116 224 23 239 77 133 191 180
layer_21.bin,decodeProtected,6,2,2 255 170 191 197 161 38 95
layer_22.bin,decodeProtected,7,1,125 65 196 243 176 35 185 150
layer_23.bin,decodeProtected,5,3,160 206 128 9 150 108 74 254
layer_24.bin,decodeProtected,8,0,199 93 145 151 193 221 60 16
layer_25.bin,decodeProtected,7,1,202 134 182 243 89 93 251 212
layer_26.bin,decodeProtected,7,1,137 103 51 32 28 88 214 64
layer_27.bin,decodeProtected,7,1,58 165 242 87 172 185 162 88
layer_28.bin,decodeProtected,6,2,229 43 238 205 9 46 28 35
layer_29.bin,decodeProtected,7,1,0 87 64 124 248 5 20 35
layer_30.bin,decodeProtected,8,0,163 43 134 197 15 89 226 254
layer_31.bin,decodeProtected,5,3,20 116 167 109 26 86 4 164
layer_32.bin,decodeProtected,6,2,119 90 134 252 2 192 112 181
layer_33.bin,decodeProtected,8,0,92 43 93 129 127 83 39 86
layer_34.bin,decodeProtected,7,1,85 1 26 186 132 86 82 133
layer_35.bin,decodeProtected,7,1,72 84 42 57 160 108 22 97
layer_36.bin,decodeProtected,7,1,20 83 70 120 221 45 181 23
layer_37.bin,decodeProtected,8,0,182 72 39 190 58 104 124 138
layer_38.bin,decodeProtected,8,0,148 209 92 175 249 151 180 252
layer_39.bin,decodeProtected,7,1,238 38 243 2 217 70 69 154
layer_00.bin,decodeProtected,8,0,81 200 140 158 132 115 208 86
layer_01.bin,decodeProtected,6,2,182 233 82 193 250 33 16 172
layer_02.bin,decodeProtected,6,2,172 41 153 106 179 95 129 119
layer_03.bin,decodeProtected,8,0,225 41 199 233 37 69 6 25
layer_04.bin,decodeProtected,8,0,58 154 142 102 108 195 165 129
layer_05.bin,decodeProtected,8,0,135 127 65 251 218 79 205 43
layer_06.bin,decodeProtected,8,0,138 22 36 65 226 79 169 143
layer_07.bin,decodeProtected,8,0,36 49 117 185 14 78 184 229
layer_08.bin,decodeProtected,8,0,180 224 23 133 99 4 173 191
layer_09.bin,decodeProtected,8,0,2 255 239 161 203 36 191 59
layer_10.bin,decodeProtected,8,0,196 243 65 185 198 25 247 125
layer_11.bin,decodeProtected,7,1,160 206 128 108 62 107 7 150
layer_12.bin,decodeProtected,8,0,93 220 221 145 223 1 60 128
layer_13.bin,decodeProtected,7,1,134 182 93 202 160 108 32 212
layer_14.bin,decodeProtected,8,0,51 137 52 64 32 160 167 189
layer_15.bin,decodeProtected,8,0,242 148 162 58 165 4 147 238
layer_16.bin,decodeProtected,7,1,229 130 28 32 43 252 205 51
layer_17.bin,decodeProtected,8,0,64 87 5 0 35 115 89 248
layer_18.bin,decodeProtected,8,0,43 197 204 134 13 161 155 192
layer_19.bin,decodeProtected,6,2,20 109 116 167 205 231 39 30
layer_20.bin,decodeProtected,8,0,23 239 175 133 116 180 224 72
layer_21.bin,decodeProtected,8,0,2 207 203 161 197 95 191 255
layer_22.bin,decodeProtected,8,0,196 35 243 65 150 198 125 234
layer_23.bin,decodeProtected,6,2,108 128 206 160 107 42 51 62
layer_24.bin,decodeProtected,7,1,93 1 193 164 199 221 235 145
layer_25.bin,decodeProtected,7,1,134 182 93 202 138 32 78 18
layer_26.bin,decodeProtected,8,0,137 51 88 32 54 103 52 214
layer_27.bin,decodeProtected,8,0,58 165 162 242 88 87 181 172
layer_28.bin,decodeProtected,8,0,46 229 205 9 43 170 35 28
layer_29.bin,decodeProtected,7,1,87 0 5 248 64 16 250 1
layer_30.bin,decodeProtected,7,1,43 197 134 163 205 179 91 226
layer_31.bin,decodeProtected,6,2,116 39 109 20 75 164 4 231
layer_32.bin,decodeProtected,5,3,119 134 90 47 192 106 185 186
layer_33.bin,decodeProtected,6,2,93 183 92 127 86 238 43 83
layer_34.bin,decodeProtected,6,2,85 82 1 86 26 207 96 180
layer_35.bin,decodeProtected,8,0,57 84 167 42 235 22 160 36
layer_36.bin,decodeProtected,7,1,120 70 188 20 14 74 181 153
layer_37.bin,decodeProtected,7,1,104 182 31 190 124 58 22 39
layer_38.bin,decodeProtected,8,0,27 148 92 71 118 151 212 209
layer_39.bin,decodeProtected,8,0,110 38 154 243 69 217 70 12
layer_00.bin,decodeProtected,1,7,212 106 33 43 218 57 236 99
layer_01.bin,decodeProtected,4,4,242 128 19 124 33 224 211 132
layer_02.bin,decodeProtected,6,2,49 11 217 60 133 238 188 119
layer_03.bin,decodeProtected,2,6,214 219 225 30 171 55 246 199
layer_04.bin,decodeProtected,4,4,154 74 88 79 242 54 195 160
layer_05.bin,decodeProtected,5,3,178 251 127 218 44 147 88 31
layer_06.bin,decodeProtected,8,0,65 138 68 22 36 226 196 143
layer_07.bin,decodeProtected,8,0,14 185 35 147 78 36 229 184
layer_08.bin,decodeProtected,8,0,157 180 23 224 133 99 220 191
layer_09.bin,decodeProtected,6,2,161 255 59 2 217 197 151 207
layer_10.bin,decodeProtected,5,3,196 46 68 157 185 65 171 247
layer_11.bin,decodeProtected,5,3,107 93 27 160 64 7 108 128
layer_12.bin,decodeProtected,8,0,1 128 223 191 145 15 199 220
layer_13.bin,decodeProtected,7,1,182 164 89 134 160 93 202 154
layer_14.bin,decodeProtected,7,1,51 137 189 32 88 167 83 52
layer_15.bin,decodeProtected,7,1,242 165 58 162 204 88 87 4
layer_16.bin,decodeProtected,8,0,28 32 205 252 130 229 170 9
layer_17.bin,decodeProtected,7,1,87 64 15 89 104 0 35 20
layer_18.bin,decodeProtected,7,1,43 155 161 204 93 34 134 192
layer_19.bin,decodeProtected,7,1,225 109 20 4 205 30 39 26
layer_20.bin,decodeProtected,8,0,23 116 133 180 157 224 56 239
layer_21.bin,decodeProtected,5,3,207 148 161 197 255 151 95 217
layer_22.bin,decodeProtected,5,3,196 68 46 234 157 228 243 65
layer_23.bin,decodeProtected,4,4,107 27 93 64 195 128 108 206
layer_24.bin,decodeProtected,5,3,1 145 191 199 116 15 155 81
layer_25.bin,decodeProtected,6,2,134 164 93 32 113 219 182 202
layer_26.bin,decodeProtected,6,2,137 51 213 54 131 88 52 214
layer_27.bin,decodeProtected,6,2,162 58 242 110 165 88 116 147
layer_28.bin,decodeProtected,4,4,188 181 170 46 237 152 80 205
layer_29.bin,decodeProtected,4,4,104 89 1 132 166 248 229 60
layer_30.bin,decodeProtected,3,5,155 159 91 13 139 142 190 81
layer_31.bin,decodeProtected,6,2,225 39 59 75 207 88 145 30
layer_32.bin,decodeProtected,4,4,42 224 47 197 254 48 102 50
layer_33.bin,decodeProtected,4,4,18 121 156 205 81 143 127 206
layer_34.bin,decodeProtected,3,5,175 196 217 63 49 208 33 10
layer_35.bin,decodeProtected,4,4,5 94 167 202 36 2 14 85
layer_36.bin,decodeProtected,4,4,188 255 67 153 24 195 74 239
layer_37.bin,decodeProtected,4,4,124 22 43 50 14 103 35 153
layer_38.bin,decodeProtected,5,3,124 127 163 118 212 79 86 120
layer_39.bin,decodeProtected,1,7,138 70 34 30 116 177 215 13
layer_00.bin,decodeProtected,1,7,228 102 127 14 85 18 84 153
layer_01.bin,decodeProtected,5,3,85 137 29 63 234 33 118 193
layer_02.bin,decodeProtected,4,4,49 217 94 80 117 234 172 11
layer_03.bin,decodeProtected,4,4,214 20 116 51 171 55 203 199
layer_04.bin,decodeProtected,6,2,154 74 79 12 88 195 228 54
layer_05.bin,decodeProtected,6,2,178 251 147 88 218 169 11 158
layer_06.bin,decodeProtected,5,3,65 138 183 196 42 36 61 226
layer_07.bin,decodeProtected,7,1,78 35 14 229 147 184 155 158
layer_08.bin,decodeProtected,7,1,120 180 133 173 23 110 61 220
layer_09.bin,decodeProtected,7,1,59 161 151 255 197 207 198 98
layer_10.bin,decodeProtected,5,3,196 46 171 72 24 234 91 218
layer_11.bin,decodeProtected,4,4,107 114 93 27 236 160 208 195
layer_12.bin,decodeProtected,6,2,1 128 138 15 223 206 191 193
layer_13.bin,decodeProtected,6,2,160 38 113 202 93 92 182 32
layer_14.bin,decodeProtected,7,1,51 83 167 213 64 28 137 52
layer_15.bin,decodeProtected,7,1,242 88 204 162 54 165 71 4
layer_16.bin,decodeProtected,6,2,137 32 28 205 46 130 136 170
layer_17.bin,decodeProtected,6,2,104 89 218 35 64 87 15 48
layer_18.bin,decodeProtected,6,2,203 155 177 43 159 13 115 161
layer_19.bin,decodeProtected,7,1,39 225 30 4 201 226 137 75
layer_20.bin,decodeProtected,7,1,120 23 148 133 224 4 35 180
layer_21.bin,decodeProtected,8,0,207 151 161 197 148 229 1 228
layer_22.bin,decodeProtected,6,2,196 46 234 218 116 72 132 187
layer_23.bin,decodeProtected,6,2,114 107 248 130 195 27 93 60
layer_24.bin,decodeProtected,4,4,1 116 35 191 7 138 15 223
layer_25.bin,decodeProtected,4,4,219 18 38 93 113 111 29 92
layer_26.bin,decodeProtected,6,2,67 137 54 131 51 241 204 71
layer_27.bin,decodeProtected,5,3,206 169 110 242 100 162 26 71
layer_28.bin,decodeProtected,6,2,137 188 170 237 72 20 46 152
layer_29.bin,decodeProtected,5,3,218 104 89 1 229 8 102 166
layer_30.bin,decodeProtected,7,1,190 91 77 139 155 159 177 142
layer_31.bin,decodeProtected,6,2,225 39 233 14 207 59 30 71
layer_32.bin,decodeProtected,4,4,221 47 102 194 21 254 156 50
layer_33.bin,decodeProtected,4,4,121 168 205 81 224 94 40 96
layer_34.bin,decodeProtected,4,4,81 55 208 19 247 95 33 54
layer_35.bin,decodeProtected,5,3,167 202 212 39 36 99 11 14
layer_36.bin,decodeProtected,3,5,188 8 49 34 117 153 23 0
layer_37.bin,decodeProtected,7,1,124 90 22 209 103 229 153 64
layer_38.bin,decodeProtected,5,3,127 86 118 212 94 189 175 22
layer_39.bin,decodeProtected,4,4,68 36 70 16 72 23 241 34
layer_00.bin,decodeProtected,5,3,136 14 78 241 122 56 68 18
layer_01.bin,decodeProtected,5,3,85 63 126 29 234 57 107 6
layer_02.bin,decodeProtected,5,3,94 117 234 217 194 172 236 189
layer_03.bin,decodeProtected,5,3,20 17 166 214 228 194 203 186
layer_04.bin,decodeProtected,7,1,154 253 79 195 74 12 228 160
layer_05.bin,decodeProtected,7,1,251 178 158 174 153 218 147 79
layer_06.bin,decodeProtected,5,3,196 79 62 36 209 42 65 102
layer_07.bin,decodeProtected,7,1,185 36 14 142 35 78 147 85
layer_08.bin,decodeProtected,7,1,148 133 157 224 72 23 120 53
layer_09.bin,decodeProtected,7,1,207 161 99 95 198 166 1 85
layer_10.bin,decodeProtected,6,2,196 234 68 12 116 46 132 178
layer_11.bin,decodeProtected,6,2,64 248 107 42 111 160 170 130
layer_12.bin,decodeProtected,7,1,116 1 193 3 39 223 56 163
layer_13.bin,decodeProtected,8,0,42 160 219 45 92 208 113 47
layer_14.bin,decodeProtected,8,0,44 54 64 204 52 83 51 213
layer_15.bin,decodeProtected,6,2,206 147 139 242 3 169 90 210
layer_16.bin,decodeProtected,5,3,32 45 137 130 2 191 237 195
layer_17.bin,decodeProtected,6,2,8 69 185 1 89 104 115 132
layer_18.bin,decodeProtected,7,1,77 91 186 16 158 43 161 64
layer_19.bin,decodeProtected,8,0,59 30 39 212 88 75 4 225
layer_20.bin,decodeProtected,7,1,148 133 220 23 72 124 161 157
layer_21.bin,decodeProtected,7,1,207 99 161 151 1 229 148 166
layer_22.bin,decodeProtected,6,2,116 68 196 12 117 26 46 132
layer_23.bin,decodeProtected,4,4,64 107 248 170 56 80 236 141
layer_24.bin,decodeProtected,4,4,116 1 7 56 3 189 2 125
layer_25.bin,decodeProtected,6,2,42 219 208 222 93 98 250 92
layer_26.bin,decodeProtected,6,2,96 67 44 204 54 78 194 71
layer_27.bin,decodeProtected,7,1,206 116 3 169 100 26 139 147
layer_28.bin,decodeProtected,6,2,137 72 20 247 170 147 188 191
layer_29.bin,decodeProtected,7,1,185 89 1 60 69 8 104 229
layer_30.bin,decodeProtected,6,2,77 72 91 190 221 176 139 155
layer_31.bin,decodeProtected,7,1,207 14 137 59 233 30 94 95
layer_32.bin,decodeProtected,7,1,224 197 47 156 206 21 102 50
layer_33.bin,decodeProtected,5,3,63 156 81 18 168 40 217 206
layer_34.bin,decodeProtected,5,3,152 213 55 54 247 188 181 10
layer_35.bin,decodeProtected,7,1,167 202 39 212 36 14 11 196
layer_36.bin,decodeProtected,6,2,188 239 24 251 153 10 158 34
layer_37.bin,decodeProtected,8,0,124 50 90 22 103 153 209 64
layer_38.bin,decodeProtected,7,1,127 146 86 212 118 79 94 175
layer_39.bin,decodeProtected,5,3,36 85 13 177 203 70 34 30
layer_00.bin,decodeProtected,2,6,36 134 86 41 65 2 29 223
layer_01.bin,decodeProtected,5,3,254 101 221 165 33 85 95 126
layer_02.bin,decodeProtected,5,3,194 182 117 94 139 236 77 63
layer_03.bin,decodeProtected,6,2,202 214 58 225 25 199 177 213
layer_04.bin,decodeProtected,7,1,253 149 154 152 37 216 192 160
layer_05.bin,decodeProtected,7,1,251 218 178 27 2 213 153 158
layer_06.bin,decodeProtected,5,3,62 61 245 196 36 42 79 142
layer_07.bin,decodeProtected,7,1,32 14 7 185 158 85 78 35
layer_08.bin,decodeProtected,8,0,220 157 61 110 133 191 52 224
layer_09.bin,decodeProtected,7,1,207 161 99 120 59 73 98 198
layer_10.bin,decodeProtected,5,3,196 46 12 117 1 17 222 171
layer_11.bin,decodeProtected,6,2,209 170 107 248 236 93 101 3
layer_12.bin,decodeProtected,7,1,1 116 166 223 193 128 19 39
layer_13.bin,decodeProtected,6,2,42 160 219 38 113 18 99 92
layer_14.bin,decodeProtected,7,1,179 83 51 167 54 64 131 160
layer_15.bin,decodeProtected,5,3,57 116 242 88 204 71 206 54
layer_16.bin,decodeProtected,5,3,32 237 137 138 188 154 98 170
layer_17.bin,decodeProtected,6,2,185 104 78 49 89 16 115 48
layer_18.bin,decodeProtected,6,2,16 91 68 77 203 13 232 161
layer_19.bin,decodeProtected,5,3,39 30 171 91 59 137 88 124
layer_20.bin,decodeProtected,8,0,148 23 133 4 157 110 220 72
layer_21.bin,decodeProtected,5,3,207 151 161 95 197 14 120 85
layer_22.bin,decodeProtected,4,4,196 17 117 12 218 46 1 222
layer_23.bin,decodeProtected,5,3,209 248 107 236 170 59 12 247
layer_24.bin,decodeProtected,7,1,1 166 15 116 119 3 56 35
layer_25.bin,decodeProtected,4,4,42 38 18 219 108 111 28 113
layer_26.bin,decodeProtected,6,2,54 67 179 131 137 167 51 161
layer_27.bin,decodeProtected,7,1,116 206 169 100 54 242 129 3
layer_28.bin,decodeProtected,8,0,137 138 170 72 20 201 188 250
layer_29.bin,decodeProtected,7,1,78 185 89 1 104 8 157 230
layer_30.bin,decodeProtected,6,2,72 91 77 237 139 13 16 66
layer_31.bin,decodeProtected,7,1,59 137 30 14 132 88 207 233
layer_32.bin,decodeProtected,8,0,75 197 47 206 14 255 156 50
layer_33.bin,decodeProtected,7,1,5 161 103 81 18 63 75 162
layer_34.bin,decodeProtected,8,0,227 152 11 213 247 55 10 202
layer_35.bin,decodeProtected,7,1,202 167 36 14 244 11 136 56
layer_36.bin,decodeProtected,8,0,188 48 239 251 24 153 23 158
layer_37.bin,decodeProtected,7,1,124 22 229 162 103 35 64 82
layer_38.bin,decodeProtected,7,1,127 124 118 212 79 175 94 189
layer_39.bin,decodeProtected,7,1,177 13 116 34 70 30 62 77
layer_00.bin,decodeProtected,1,7,49 22 51 153 247 85 128 18
layer_01.bin,decodeProtected,4,4,254 206 10 101 227 169 16 157
layer_02.bin,decodeProtected,1,7,16 75 235 24 63 242 229 213
layer_03.bin,decodeProtected,3,5,139 98 97 216 189 150 225 27
layer_04.bin,decodeProtected,3,5,167 253 154 14 240 4 160 231
layer_05.bin,decodeProtected,5,3,67 251 218 191 183 213 27 178
layer_06.bin,decodeProtected,5,3,245 61 62 196 36 100 137 136
layer_07.bin,decodeProtected,7,1,14 44 7 85 158 32 155 78
layer_08.bin,decodeProtected,8,0,33 164 180 61 57 220 4 52
layer_09.bin,decodeProtected,6,2,161 132 207 197 98 59 73 9
layer_10.bin,decodeProtected,6,2,196 216 117 12 46 248 171 178
layer_11.bin,decodeProtected,7,1,248 170 107 36 20 209 236 101
layer_12.bin,decodeProtected,8,0,1 128 166 223 3 15 193 116
layer_13.bin,decodeProtected,7,1,42 33 142 18 160 219 29 113
layer_14.bin,decodeProtected,6,2,51 147 167 64 83 52 93 241
layer_15.bin,decodeProtected,7,1,71 242 206 3 54 57 88 26
layer_16.bin,decodeProtected,7,1,137 32 188 156 237 154 147 170
layer_17.bin,decodeProtected,5,3,110 185 104 89 229 8 166 132
layer_18.bin,decodeProtected,5,3,16 112 190 128 232 77 91 17
layer_19.bin,decodeProtected,7,1,39 30 120 4 59 226 137 108
layer_20.bin,decodeProtected,7,1,33 148 133 23 220 4 120 242
layer_21.bin,decodeProtected,7,1,207 132 151 1 229 5 99 120
layer_22.bin,decodeProtected,7,1,117 116 248 12 196 34 46 79
layer_23.bin,decodeProtected,5,3,20 36 107 170 248 208 236 101
layer_24.bin,decodeProtected,7,1,116 1 222 189 7 3 39 56
layer_25.bin,decodeProtected,6,2,33 142 219 18 93 42 29 98
layer_26.bin,decodeProtected,5,3,96 147 167 67 14 241 180 131
layer_27.bin,decodeProtected,7,1,206 3 169 54 71 100 26 110
layer_28.bin,decodeProtected,7,1,156 170 147 188 137 72 231 237
layer_29.bin,decodeProtected,6,2,110 89 229 1 8 185 104 139
layer_30.bin,decodeProtected,6,2,128 190 112 91 77 221 139 16
layer_31.bin,decodeProtected,7,1,120 59 30 39 14 137 226 228
layer_32.bin,decodeProtected,6,2,238 113 156 47 158 21 102 50
layer_33.bin,decodeProtected,5,3,41 73 224 81 40 63 168 232
layer_34.bin,decodeProtected,8,0,97 34 55 161 152 213 21 202
layer_35.bin,decodeProtected,6,2,167 39 212 36 202 14 99 61
layer_36.bin,decodeProtected,8,0,188 181 49 239 74 34 158 23
layer_37.bin,decodeProtected,7,1,124 90 209 15 153 22 103 64
layer_38.bin,decodeProtected,8,0,127 86 118 212 79 94 47 189
layer_39.bin,decodeProtected,6,2,72 203 36 70 13 62 34 52
layer_00.bin,decodeProtected,6,2,4 41 223 29 86 144 62 2
layer_01.bin,decodeProtected,4,4,33 254 173 52 193 245 14 233
layer_02.bin,decodeProtected,7,1,16 76 75 63 235 24 139 93
layer_03.bin,decodeProtected,7,1,139 199 25 58 213 225 154 117
layer_04.bin,decodeProtected,7,1,149 203 253 152 154 192 134 216
layer_05.bin,decodeProtected,8,0,251 115 153 213 218 2 183 158
layer_06.bin,decodeProtected,5,3,245 62 61 19 25 136 196 142
layer_07.bin,decodeProtected,8,0,158 185 7 14 35 32 57 120
layer_08.bin,decodeProtected,7,1,220 224 133 61 242 148 72 53
layer_09.bin,decodeProtected,8,0,207 161 99 98 61 5 229 73
layer_10.bin,decodeProtected,7,1,117 17 196 234 12 171 132 165
layer_11.bin,decodeProtected,5,3,209 170 136 248 208 151 101 103
layer_12.bin,decodeProtected,7,1,166 116 115 128 223 1 222 39
layer_13.bin,decodeProtected,7,1,219 18 113 42 28 92 93 160
layer_14.bin,decodeProtected,6,2,167 18 64 83 44 51 96 204
layer_15.bin,decodeProtected,6,2,3 71 116 54 242 169 76 206
layer_16.bin,decodeProtected,7,1,138 188 32 237 170 99 154 137
layer_17.bin,decodeProtected,6,2,78 89 185 8 104 238 1 206
layer_18.bin,decodeProtected,8,0,190 16 91 237 232 130 77 161
layer_19.bin,decodeProtected,7,1,39 249 30 226 14 59 108 60
layer_20.bin,decodeProtected,8,0,242 133 148 23 220 4 72 124
layer_21.bin,decodeProtected,8,0,207 151 1 95 161 229 120 14
layer_22.bin,decodeProtected,6,2,117 17 216 116 12 46 218 79
layer_23.bin,decodeProtected,6,2,209 151 248 136 107 170 208 59
layer_24.bin,decodeProtected,7,1,1 115 166 119 128 116 222 15
layer_25.bin,decodeProtected,7,1,42 219 93 18 28 111 113 19
layer_26.bin,decodeProtected,5,3,96 67 167 54 93 14 146 161
layer_27.bin,decodeProtected,8,0,116 206 3 100 71 26 54 169
layer_28.bin,decodeProtected,8,0,138 137 72 20 170 201 188 250
layer_29.bin,decodeProtected,7,1,78 89 185 1 8 104 230 101
layer_30.bin,decodeProtected,8,0,77 237 91 72 139 13 177 16
layer_31.bin,decodeProtected,7,1,249 14 59 132 137 30 207 60
layer_32.bin,decodeProtected,7,1,197 47 75 14 206 151 50 255
layer_33.bin,decodeProtected,7,1,161 5 81 103 63 18 189 59
layer_34.bin,decodeProtected,7,1,227 109 152 213 11 247 55 181
layer_35.bin,decodeProtected,7,1,202 167 36 14 244 11 214 142
layer_36.bin,decodeProtected,7,1,188 48 239 153 55 251 10 158
layer_37.bin,decodeProtected,8,0,124 162 22 229 103 14 64 153
layer_38.bin,decodeProtected,8,0,127 212 124 118 79 175 94 87
layer_39.bin,decodeProtected,8,0,13 177 70 34 116 203 77 30
layer_00.bin,decodeProtected,5,3,62 231 124 134 211 224 155 175
layer_01.bin,decodeProtected,6,2,206 254 195 120 44 101 193 33
layer_02.bin,decodeProtected,6,2,235 75 3 17 77 24 149 54
layer_03.bin,decodeProtected,6,2,213 76 25 199 177 139 216 184
layer_04.bin,decodeProtected,8,0,44 154 253 192 160 134 152 216
layer_05.bin,decodeProtected,7,1,153 251 218 178 115 158 210 183
layer_06.bin,decodeProtected,5,3,245 79 82 62 196 126 161 100
layer_07.bin,decodeProtected,8,0,185 78 14 158 35 36 85 32
layer_08.bin,decodeProtected,7,1,133 148 224 23 72 220 53 233
layer_09.bin,decodeProtected,8,0,207 161 99 98 95 9 61 58
layer_10.bin,decodeProtected,7,1,234 216 196 9 46 132 207 12
layer_11.bin,decodeProtected,8,0,85 248 93 59 107 209 170 3
layer_12.bin,decodeProtected,7,1,116 39 208 3 1 35 223 128
layer_13.bin,decodeProtected,7,1,219 45 160 92 212 113 130 108
layer_14.bin,decodeProtected,8,0,83 54 64 167 44 204 51 160
layer_15.bin,decodeProtected,7,1,147 82 242 71 204 206 54 248
layer_16.bin,decodeProtected,5,3,32 190 230 170 185 45 193 188
layer_17.bin,decodeProtected,8,0,104 89 69 1 8 16 78 125
layer_18.bin,decodeProtected,6,2,77 250 16 91 69 204 115 161
layer_19.bin,decodeProtected,8,0,39 14 88 59 85 30 75 122
layer_20.bin,decodeProtected,8,0,148 133 23 220 56 72 115 180
layer_21.bin,decodeProtected,7,1,207 161 98 95 1 251 99 197
layer_22.bin,decodeProtected,8,0,196 116 234 9 242 216 12 46
layer_23.bin,decodeProtected,7,1,107 85 248 59 15 60 236 220
layer_24.bin,decodeProtected,7,1,1 15 3 119 35 7 81 128
layer_25.bin,decodeProtected,7,1,219 42 19 28 18 93 113 26
layer_26.bin,decodeProtected,7,1,137 54 146 96 67 231 52 167
layer_27.bin,decodeProtected,6,2,206 169 26 3 248 147 54 96
layer_28.bin,decodeProtected,8,0,190 230 170 72 193 188 250 137
layer_29.bin,decodeProtected,7,1,89 21 1 88 185 166 61 8
layer_30.bin,decodeProtected,6,2,250 91 151 77 204 50 139 63
layer_31.bin,decodeProtected,7,1,59 14 137 30 132 34 88 39
layer_32.bin,decodeProtected,7,1,146 47 76 179 247 123 117 12
layer_33.bin,decodeProtected,6,2,75 56 81 104 95 11 139 6
layer_34.bin,decodeProtected,7,1,72 247 19 44 240 202 10 181
layer_35.bin,decodeProtected,7,1,202 167 11 36 79 74 129 185
layer_36.bin,decodeProtected,6,2,188 10 26 119 176 98 153 142
layer_37.bin,decodeProtected,6,2,229 124 103 22 4 89 163 35
layer_38.bin,decodeProtected,6,2,127 212 118 128 230 205 189 119
layer_39.bin,decodeProtected,3,5,146 165 70 63 139 129 22 227
layer_00.bin,decodeProtected,1,7,226 247 96 93 11 171 80 107
layer_01.bin,decodeProtected,5,3,195 120 2 202 254 252 193 107
layer_02.bin,decodeProtected,5,3,75 149 253 191 63 118 208 235
layer_03.bin,decodeProtected,4,4,188 221 170 216 17 213 228 50
layer_04.bin,decodeProtected,5,3,119 105 152 253 216 8 154 192
layer_05.bin,decodeProtected,7,1,153 61 218 251 178 194 183 2
layer_06.bin,decodeProtected,7,1,62 79 16 245 92 196 100 82
layer_07.bin,decodeProtected,8,0,14 181 185 78 35 85 158 36
layer_08.bin,decodeProtected,7,1,112 180 148 164 23 57 159 53
layer_09.bin,decodeProtected,6,2,120 207 206 161 98 99 178 95
layer_10.bin,decodeProtected,5,3,229 196 46 163 216 234 178 218
layer_11.bin,decodeProtected,5,3,18 107 248 130 3 250 170 142
layer_12.bin,decodeProtected,6,2,106 1 116 3 35 119 39 128
layer_13.bin,decodeProtected,5,3,200 219 116 160 74 28 29 113
layer_14.bin,decodeProtected,6,2,71 83 54 51 38 52 167 40
layer_15.bin,decodeProtected,6,2,241 248 213 82 206 147 99 139
layer_16.bin,decodeProtected,5,3,54 149 185 137 32 231 205 188
layer_17.bin,decodeProtected,5,3,236 89 69 218 8 104 60 220
layer_18.bin,decodeProtected,6,2,77 6 69 176 199 204 118 91
layer_19.bin,decodeProtected,6,2,233 14 137 51 30 59 122 124
layer_20.bin,decodeProtected,6,2,148 112 133 23 72 195 161 53
layer_21.bin,decodeProtected,7,1,99 207 206 1 251 166 229 120
layer_22.bin,decodeProtected,3,5,116 229 163 78 203 132 79 90
layer_23.bin,decodeProtected,4,4,18 130 142 107 204 56 248 66
layer_24.bin,decodeProtected,4,4,106 2 125 104 116 87 251 67
layer_25.bin,decodeProtected,5,3,200 208 219 212 250 13 174 91
layer_26.bin,decodeProtected,7,1,78 54 67 204 38 44 248 161
layer_27.bin,decodeProtected,5,3,206 100 241 139 82 213 129 85
layer_28.bin,decodeProtected,3,5,149 72 54 185 191 73 173 183
layer_29.bin,decodeProtected,4,4,69 236 89 165 220 8 102 1
layer_30.bin,decodeProtected,4,4,77 6 176 122 91 13 69 117
layer_31.bin,decodeProtected,6,2,233 137 67 14 94 207 51 95
layer_32.bin,decodeProtected,2,6,89 194 47 17 199 151 101 59
layer_33.bin,decodeProtected,3,5,94 214 81 23 72 217 220 105
layer_34.bin,decodeProtected,6,2,187 247 19 54 182 202 211 10
layer_35.bin,decodeProtected,7,1,202 167 11 194 36 103 14 79
layer_36.bin,decodeProtected,4,4,188 8 253 10 153 158 0 235
layer_37.bin,decodeProtected,7,1,103 229 124 164 22 89 219 4
layer_38.bin,decodeProtected,6,2,127 22 128 212 118 136 189 230
layer_39.bin,decodeProtected,5,3,16 68 70 146 145 23 63 213
layer_00.bin,decodeProtected,1,7,181 82 107 251 99 39 68 83
layer_01.bin,decodeProtected,0,8,131 89 166 9 175 35 8 149
layer_02.bin,decodeProtected,4,4,253 191 211 149 20 196 209 246
layer_03.bin,decodeProtected,5,3,17 50 119 150 9 216 173 48
layer_04.bin,decodeProtected,2,6,133 20 227 184 21 211 216 182
layer_05.bin,decodeProtected,6,2,174 251 153 250 32 79 120 218
layer_06.bin,decodeProtected,2,6,56 149 102 129 209 100 21 236
layer_07.bin,decodeProtected,6,2,195 142 30 185 253 221 78 32
layer_08.bin,decodeProtected,6,2,148 72 133 53 224 23 24 68
layer_09.bin,decodeProtected,8,0,99 207 161 120 95 1 166 134
layer_10.bin,decodeProtected,6,2,68 116 178 132 234 106 196 156
layer_11.bin,decodeProtected,4,4,64 204 56 201 134 160 97 60
layer_12.bin,decodeProtected,5,3,116 163 96 244 10 50 134 164
layer_13.bin,decodeProtected,5,3,164 208 230 83 212 130 45 118
layer_14.bin,decodeProtected,7,1,44 132 248 204 54 21 252 12
layer_15.bin,decodeProtected,5,3,90 206 139 145 122 3 100 14
layer_16.bin,decodeProtected,6,2,191 74 195 45 185 112 198 228
layer_17.bin,decodeProtected,5,3,69 8 26 114 1 151 152 244
layer_18.bin,decodeProtected,4,4,77 233 186 64 91 55 214 24
layer_19.bin,decodeProtected,7,1,59 237 115 137 54 212 95 171
layer_20.bin,decodeProtected,6,2,148 53 133 49 72 22 187 23
layer_21.bin,decodeProtected,5,3,99 207 1 143 166 128 86 199
layer_22.bin,decodeProtected,6,2,116 160 26 68 108 132 202 34
layer_23.bin,decodeProtected,4,4,80 170 64 202 214 134 79 56
layer_24.bin,decodeProtected,3,5,96 2 116 203 56 178 217 244
layer_25.bin,decodeProtected,3,5,208 76 164 195 98 92 34 79
layer_26.bin,decodeProtected,6,2,132 96 204 248 59 78 44 146
layer_27.bin,decodeProtected,7,1,206 139 3 169 100 26 137 249
layer_28.bin,decodeProtected,5,3,191 72 74 45 173 129 149 200
layer_29.bin,decodeProtected,6,2,26 69 165 101 89 8 1 220
layer_30.bin,decodeProtected,6,2,55 77 122 176 91 13 118 117
layer_31.bin,decodeProtected,6,2,237 67 137 14 233 95 61 94
layer_32.bin,decodeProtected,8,0,224 47 197 151 101 199 59 206
layer_33.bin,decodeProtected,6,2,201 179 156 81 217 220 72 40
layer_34.bin,decodeProtected,6,2,49 217 247 213 211 202 10 181
layer_35.bin,decodeProtected,8,0,202 224 167 11 36 79 14 103
layer_36.bin,decodeProtected,7,1,188 255 10 153 24 158 176 239
layer_37.bin,decodeProtected,8,0,229 103 219 124 22 89 50 4
layer_38.bin,decodeProtected,6,2,128 127 146 118 212 189 230 205
layer_39.bin,decodeProtected,7,1,85 13 213 177 70 34 63 30
layer_00.bin,decodeProtected,2,6,88 109 135 108 61 75 160 79
layer_01.bin,decodeProtected,7,1,192 140 233 155 181 146 33 193
layer_02.bin,decodeProtected,3,5,221 36 8 253 43 77 115 211
layer_03.bin,decodeProtected,6,2,226 106 199 236 225 113 29 110
layer_04.bin,decodeProtected,5,3,133 240 129 154 171 160 243 54
layer_05.bin,decodeProtected,6,2,47 153 251 218 158 46 65 254
layer_06.bin,decodeProtected,6,2,255 122 100 196 129 149 62 56
layer_07.bin,decodeProtected,8,0,185 78 14 199 117 184 147 32
layer_08.bin,decodeProtected,7,1,115 180 116 173 56 148 224 35
layer_09.bin,decodeProtected,7,1,180 69 99 161 255 197 207 95
layer_10.bin,decodeProtected,7,1,196 125 247 88 240 65 39 178
layer_11.bin,decodeProtected,6,2,39 99 107 108 128 19 201 160
layer_12.bin,decodeProtected,6,2,85 128 1 151 3 15 119 223
layer_13.bin,decodeProtected,7,1,204 103 230 112 160 74 32 29
layer_14.bin,decodeProtected,8,0,51 88 137 52 167 64 54 125
layer_15.bin,decodeProtected,8,0,162 242 46 165 204 36 58 4
layer_16.bin,decodeProtected,6,2,61 32 28 80 205 137 170 252
layer_17.bin,decodeProtected,8,0,87 89 198 60 26 15 35 0
layer_18.bin,decodeProtected,7,1,170 43 55 77 161 122 226 13
layer_19.bin,decodeProtected,6,2,166 237 137 20 30 197 122 26
layer_20.bin,decodeProtected,8,0,148 23 133 116 53 72 56 115
layer_21.bin,decodeProtected,7,1,69 180 99 207 1 197 255 251
layer_22.bin,decodeProtected,6,2,116 120 196 65 88 125 176 194
layer_23.bin,decodeProtected,6,2,39 99 107 19 188 51 56 111
layer_24.bin,decodeProtected,6,2,151 251 3 235 1 2 163 116
layer_25.bin,decodeProtected,5,3,204 112 103 208 212 132 158 32
layer_26.bin,decodeProtected,7,1,78 149 252 54 88 226 248 21
layer_27.bin,decodeProtected,6,2,206 46 139 100 166 155 195 27
layer_28.bin,decodeProtected,5,3,61 191 173 72 129 37 165 73
layer_29.bin,decodeProtected,8,0,69 165 220 60 26 102 89 1
layer_30.bin,decodeProtected,7,1,77 170 55 122 176 91 117 38
layer_31.bin,decodeProtected,8,0,166 67 237 137 95 94 61 14
layer_32.bin,decodeProtected,8,0,60 151 158 101 47 224 59 255
layer_33.bin,decodeProtected,7,1,229 81 220 33 201 179 63 72
layer_34.bin,decodeProtected,8,0,82 247 211 49 217 152 181 213
layer_35.bin,decodeProtected,8,0,202 167 36 224 79 14 11 103
layer_36.bin,decodeProtected,8,0,188 10 153 158 176 255 235 82
layer_37.bin,decodeProtected,8,0,104 103 89 124 22 4 219 199
layer_38.bin,decodeProtected,7,1,128 27 127 212 135 118 175 205
layer_39.bin,decodeProtected,8,0,110 243 12 70 63 36 69 78
layer_00.bin,decodeProtected,3,5,120 191 75 78 236 16 160 72
layer_01.bin,decodeProtected,3,5,167 1 63 137 236 51 193 7
layer_02.bin,decodeProtected,4,4,223 228 187 216 221 165 170 95
layer_03.bin,decodeProtected,5,3,249 154 108 196 56 161 16 201
layer_04.bin,decodeProtected,5,3,134 243 28 121 186 249 208 152
layer_05.bin,decodeProtected,5,3,251 0 120 60 153 210 113 56
layer_06.bin,decodeProtected,4,4,102 71 32 12 21 212 151 11
layer_07.bin,decodeProtected,4,4,30 142 6 145 187 185 96 132
layer_08.bin,decodeProtected,7,1,148 53 72 22 225 133 63 47
layer_09.bin,decodeProtected,8,0,99 134 251 199 44 32 65 229
layer_10.bin,decodeProtected,5,3,109 116 146 20 77 233 106 201
layer_11.bin,decodeProtected,4,4,37 71 97 70 141 204 56 146
layer_12.bin,decodeProtected,6,2,47 50 116 38 10 244 119 239
layer_13.bin,decodeProtected,7,1,20 0 13 19 208 203 230 130
layer_14.bin,decodeProtected,6,2,44 252 146 196 144 54 105 204
layer_15.bin,decodeProtected,4,4,206 12 147 178 100 35 95 130
layer_16.bin,decodeProtected,5,3,102 59 53 185 219 191 10 228
layer_17.bin,decodeProtected,5,3,4 69 60 220 8 10 89 170
layer_18.bin,decodeProtected,5,3,77 66 209 55 116 17 229 220
layer_19.bin,decodeProtected,6,2,48 47 137 59 55 197 14 30
layer_20.bin,decodeProtected,6,2,148 47 133 53 72 220 41 171
layer_21.bin,decodeProtected,7,1,207 99 134 251 0 128 1 32
layer_22.bin,decodeProtected,6,2,116 109 20 146 233 137 26 194
layer_23.bin,decodeProtected,6,2,37 56 70 71 99 204 19 146
layer_24.bin,decodeProtected,6,2,50 119 166 55 47 87 1 116
layer_25.bin,decodeProtected,6,2,0 20 13 230 219 208 222 192
layer_26.bin,decodeProtected,7,1,78 196 144 252 54 67 146 214
layer_27.bin,decodeProtected,7,1,12 206 35 100 178 139 26 112
layer_28.bin,decodeProtected,4,4,59 53 10 105 56 72 228 234
layer_29.bin,decodeProtected,6,2,4 165 69 126 220 60 170 10
layer_30.bin,decodeProtected,4,4,77 209 55 66 18 143 32 38
layer_31.bin,decodeProtected,3,5,55 47 37 83 157 118 94 137
layer_32.bin,decodeProtected,4,4,58 19 120 26 173 78 248 151
layer_33.bin,decodeProtected,5,3,250 176 81 229 47 133 4 72
layer_34.bin,decodeProtected,5,3,15 80 247 249 166 164 211 94
layer_35.bin,decodeProtected,4,4,202 77 176 121 9 106 36 95
layer_36.bin,decodeProtected,6,2,228 21 188 17 55 158 153 10
layer_37.bin,decodeProtected,5,3,214 156 110 244 89 92 219 103
layer_38.bin,decodeProtected,1,7,24 141 204 195 242 177 73 209
layer_39.bin,decodeProtected,1,7,83 173 66 112 219 209 5 174
layer_00.bin,decodeProtected,3,5,156 176 131 15 241 240 16 52
layer_01.bin,decodeProtected,3,5,63 137 82 92 203 120 52 7
layer_02.bin,decodeProtected,6,2,254 223 121 165 71 170 69 139
layer_03.bin,decodeProtected,6,2,16 163 196 249 48 108 212 56
layer_04.bin,decodeProtected,7,1,134 206 175 208 186 121 243 152
layer_05.bin,decodeProtected,6,2,77 64 251 0 164 71 58 163
layer_06.bin,decodeProtected,3,5,195 102 12 25 78 185 71 213
layer_07.bin,decodeProtected,6,2,30 6 166 142 223 137 185 57
layer_08.bin,decodeProtected,7,1,148 53 72 63 172 47 22 133
layer_09.bin,decodeProtected,7,1,134 32 99 199 221 65 79 44
layer_10.bin,decodeProtected,7,1,109 146 116 233 20 217 245 77
layer_11.bin,decodeProtected,6,2,37 97 237 214 204 141 146 19
layer_12.bin,decodeProtected,7,1,50 10 23 96 244 116 239 13
layer_13.bin,decodeProtected,7,1,0 208 185 13 83 20 130 34
layer_14.bin,decodeProtected,6,2,44 17 248 252 132 54 35 78
layer_15.bin,decodeProtected,8,0,12 206 138 90 122 139 145 100
layer_16.bin,decodeProtected,7,1,191 234 59 82 102 169 37 195
layer_17.bin,decodeProtected,5,3,69 4 60 8 220 9 144 103
layer_18.bin,decodeProtected,7,1,77 116 209 66 102 176 237 108
layer_19.bin,decodeProtected,5,3,48 47 67 137 94 37 59 248
layer_20.bin,decodeProtected,7,1,148 47 72 133 53 187 23 145
layer_21.bin,decodeProtected,7,1,32 99 207 134 1 251 128 68
layer_22.bin,decodeProtected,6,2,116 109 20 146 233 77 26 106
layer_23.bin,decodeProtected,8,0,37 19 71 204 56 70 141 134
layer_24.bin,decodeProtected,6,2,50 119 104 96 116 2 87 47
layer_25.bin,decodeProtected,7,1,0 208 13 20 212 250 130 91
layer_26.bin,decodeProtected,7,1,17 78 196 144 248 54 252 35
layer_27.bin,decodeProtected,6,2,12 206 178 139 100 255 122 126
layer_28.bin,decodeProtected,8,0,234 59 191 53 105 72 102 56
layer_29.bin,decodeProtected,7,1,69 60 220 9 126 4 170 89
layer_30.bin,decodeProtected,8,0,116 77 151 143 66 176 55 209
layer_31.bin,decodeProtected,7,1,47 37 157 94 55 83 137 49
layer_32.bin,decodeProtected,8,0,78 19 151 120 47 26 101 140
layer_33.bin,decodeProtected,7,1,161 167 81 229 47 250 176 72
layer_34.bin,decodeProtected,8,0,15 109 249 247 211 94 18 80
layer_35.bin,decodeProtected,6,2,77 202 106 44 180 121 167 176
layer_36.bin,decodeProtected,7,1,228 55 148 188 21 153 158 126
layer_37.bin,decodeProtected,6,2,214 196 244 156 219 137 124 92
layer_38.bin,decodeProtected,6,2,141 88 182 24 242 236 204 177
layer_39.bin,decodeProtected,6,2,142 83 219 224 173 251 5 209
layer_00.bin,decodeProtected,2,6,159 146 220 17 240 128 209 215
layer_01.bin,decodeProtected,1,7,80 63 29 178 23 67 131 13
layer_02.bin,decodeProtected,8,0,121 165 17 235 149 83 249 223
layer_03.bin,decodeProtected,5,3,163 197 36 69 224 243 51 52
layer_04.bin,decodeProtected,8,0,175 206 221 243 134 253 233 28
layer_05.bin,decodeProtected,7,1,77 64 58 145 60 164 71 198
layer_06.bin,decodeProtected,6,2,12 195 249 102 4 124 168 210
layer_07.bin,decodeProtected,7,1,142 246 185 38 245 57 166 6
layer_08.bin,decodeProtected,8,0,148 63 72 133 121 53 16 224
layer_09.bin,decodeProtected,7,1,99 1 32 44 134 79 243 130
layer_10.bin,decodeProtected,7,1,146 116 217 137 132 20 156 233
layer_11.bin,decodeProtected,8,0,97 204 37 174 141 237 134 32
layer_12.bin,decodeProtected,7,1,50 10 116 38 96 21 244 153
layer_13.bin,decodeProtected,8,0,0 208 83 13 20 19 185 45
layer_14.bin,decodeProtected,7,1,44 17 204 54 248 252 113 132
layer_15.bin,decodeProtected,8,0,147 12 139 206 90 122 3 227
layer_16.bin,decodeProtected,6,2,59 191 102 234 82 230 53 172
layer_17.bin,decodeProtected,8,0,69 21 60 4 220 9 8 185
layer_18.bin,decodeProtected,6,2,77 116 209 176 55 141 66 151
layer_19.bin,decodeProtected,8,0,48 47 137 59 85 60 95 94
layer_20.bin,decodeProtected,7,1,148 133 72 53 195 187 23 171
layer_21.bin,decodeProtected,7,1,99 207 32 1 251 134 63 214
layer_22.bin,decodeProtected,8,0,137 116 20 146 78 233 132 77
layer_23.bin,decodeProtected,7,1,174 71 204 37 56 19 70 222
layer_24.bin,decodeProtected,8,0,50 119 166 2 116 163 3 11
layer_25.bin,decodeProtected,7,1,0 101 208 230 13 20 19 219
layer_26.bin,decodeProtected,8,0,78 204 54 17 196 252 214 248
layer_27.bin,decodeProtected,8,0,12 206 139 100 26 147 129 122
layer_28.bin,decodeProtected,8,0,191 59 102 53 72 234 130 219
layer_29.bin,decodeProtected,8,0,69 220 19 60 89 1 165 9
layer_30.bin,decodeProtected,8,0,77 116 151 55 66 91 143 176
layer_31.bin,decodeProtected,7,1,137 47 157 14 59 85 94 248
layer_32.bin,decodeProtected,7,1,120 47 14 19 151 92 78 26
layer_33.bin,decodeProtected,7,1,47 229 167 81 250 181 189 203
layer_34.bin,decodeProtected,7,1,247 18 94 128 109 11 195 121
layer_35.bin,decodeProtected,8,0,202 167 185 129 14 9 44 36
layer_36.bin,decodeProtected,8,0,188 153 44 26 10 158 48 74
layer_37.bin,decodeProtected,6,2,229 100 103 124 21 22 162 64
layer_38.bin,decodeProtected,8,0,127 118 242 87 189 94 47 79
layer_39.bin,decodeProtected,8,0,219 197 99 77 70 44 116 203
layer_00.bin,decodeProtected,2,6,179 91 145 79 197 130 119 213
layer_01.bin,decodeProtected,1,7,64 123 139 87 216 0 11 59
layer_02.bin,decodeProtected,3,5,164 40 111 88 175 158 38 37
layer_03.bin,decodeProtected,3,5,59 37 211 146 129 142 199 8
layer_04.bin,decodeProtected,4,4,240 241 131 129 170 181 15 160
layer_05.bin,decodeProtected,5,3,251 120 58 153 46 252 0 89
layer_06.bin,decodeProtected,4,4,255 102 196 149 209 100 71 246
layer_07.bin,decodeProtected,6,2,185 199 30 78 154 132 187 68
layer_08.bin,decodeProtected,8,0,148 72 133 53 115 202 23 56
layer_09.bin,decodeProtected,8,0,69 99 207 161 95 44 229 255
layer_10.bin,decodeProtected,8,0,137 116 196 132 77 178 156 20
layer_11.bin,decodeProtected,7,1,174 99 107 201 97 248 134 204
layer_12.bin,decodeProtected,8,0,160 119 3 116 15 128 50 1
layer_13.bin,decodeProtected,6,2,219 222 130 20 204 208 45 92
layer_14.bin,decodeProtected,7,1,64 51 44 146 160 54 167 161
layer_15.bin,decodeProtected,8,0,147 242 155 206 139 54 204 4
layer_16.bin,decodeProtected,7,1,32 53 185 102 59 98 130 188
layer_17.bin,decodeProtected,6,2,89 60 94 21 220 214 8 69
layer_18.bin,decodeProtected,8,0,151 77 204 220 43 91 161 66
layer_19.bin,decodeProtected,8,0,48 88 137 197 59 4 122 14
layer_20.bin,decodeProtected,7,1,115 148 72 23 195 133 152 56
layer_21.bin,decodeProtected,7,1,69 207 161 85 0 95 214 99
layer_22.bin,decodeProtected,7,1,137 196 116 234 34 178 132 12
layer_23.bin,decodeProtected,7,1,174 107 201 248 56 220 204 222
layer_24.bin,decodeProtected,7,1,119 3 1 15 128 50 35 116
layer_25.bin,decodeProtected,8,0,19 219 230 28 130 0 92 20
layer_26.bin,decodeProtected,8,0,54 52 67 137 252 78 161 44
layer_27.bin,decodeProtected,7,1,23 206 12 100 26 129 147 169
layer_28.bin,decodeProtected,7,1,72 102 193 59 53 219 170 36
layer_29.bin,decodeProtected,7,1,88 89 69 1 60 101 8 21
layer_30.bin,decodeProtected,6,2,77 151 63 91 66 162 118 204
layer_31.bin,decodeProtected,8,0,137 14 59 85 166 132 47 157
layer_32.bin,decodeProtected,6,2,47 140 179 14 254 151 12 210
layer_33.bin,decodeProtected,7,1,126 81 47 104 203 56 11 139
layer_34.bin,decodeProtected,7,1,18 247 94 11 44 67 238 195
layer_35.bin,decodeProtected,8,0,202 167 129 74 185 14 121 11
layer_36.bin,decodeProtected,7,1,188 2 153 10 44 48 26 74
layer_37.bin,decodeProtected,7,1,124 103 162 22 21 35 32 64
layer_38.bin,decodeProtected,7,1,127 118 212 94 79 189 242 255
layer_39.bin,decodeProtected,8,0,219 77 99 70 44 116 34 203
layer_00.bin,decodeProtected,6,2,62 231 174 58 70 151 13 81
layer_01.bin,decodeProtected,2,6,141 123 80 236 193 4 239 215
layer_02.bin,decodeProtected,4,4,111 40 207 141 165 158 184 206
layer_03.bin,decodeProtected,3,5,39 56 191 123 252 147 196 254
layer_04.bin,decodeProtected,7,1,148 134 44 243 221 175 160 29
layer_05.bin,decodeProtected,8,0,153 251 164 58 120 252 77 210
layer_06.bin,decodeProtected,7,1,102 100 149 12 161 209 8 196
layer_07.bin,decodeProtected,7,1,199 185 30 142 38 78 187 253
layer_08.bin,decodeProtected,7,1,148 72 133 53 63 23 121 59
layer_09.bin,decodeProtected,8,0,99 44 134 207 95 161 1 58
layer_10.bin,decodeProtected,8,0,116 137 242 146 178 132 234 156
layer_11.bin,decodeProtected,8,0,174 220 97 85 201 204 60 218
layer_12.bin,decodeProtected,7,1,116 3 208 119 50 163 39 167
layer_13.bin,decodeProtected,8,0,219 19 208 45 130 212 47 66
layer_14.bin,decodeProtected,8,0,44 54 167 204 248 161 105 64
layer_15.bin,decodeProtected,8,0,147 206 139 12 242 145 3 71
layer_16.bin,decodeProtected,7,1,193 53 190 102 32 185 59 170
layer_17.bin,decodeProtected,7,1,21 69 8 60 89 1 104 229
layer_18.bin,decodeProtected,7,1,77 151 108 91 250 204 176 117
layer_19.bin,decodeProtected,8,0,59 85 14 4 88 48 137 197
layer_20.bin,decodeProtected,8,0,148 133 72 195 220 23 53 121
layer_21.bin,decodeProtected,7,1,207 99 161 98 85 0 251 229
layer_22.bin,decodeProtected,7,1,242 116 137 196 216 132 12 34
layer_23.bin,decodeProtected,8,0,174 201 220 107 218 248 59 56
layer_24.bin,decodeProtected,8,0,3 11 119 128 1 116 15 35
layer_25.bin,decodeProtected,6,2,19 219 28 101 208 97 93 254
layer_26.bin,decodeProtected,8,0,204 67 44 96 252 54 52 146
layer_27.bin,decodeProtected,8,0,206 169 3 100 139 28 147 26
layer_28.bin,decodeProtected,6,2,193 72 196 102 170 190 250 195
layer_29.bin,decodeProtected,7,1,21 88 89 1 61 8 69 166
layer_30.bin,decodeProtected,7,1,77 63 91 162 204 250 50 151
layer_31.bin,decodeProtected,6,2,132 59 137 34 30 28 88 85
layer_32.bin,decodeProtected,8,0,179 254 47 123 125 140 156 76
layer_33.bin,decodeProtected,7,1,104 95 139 132 81 11 102 68
layer_34.bin,decodeProtected,7,1,240 44 67 238 220 181 195 10
layer_35.bin,decodeProtected,7,1,202 74 148 190 167 14 36 71
layer_36.bin,decodeProtected,8,0,188 142 115 227 39 26 158 153
layer_37.bin,decodeProtected,7,1,78 124 27 22 103 175 64 35
layer_38.bin,decodeProtected,6,2,119 127 80 215 212 118 169 18
layer_39.bin,decodeProtected,4,4,158 244 122 70 182 183 231 22
layer_00.bin,decodeProtected,2,6,11 185 117 68 226 128 171 187
layer_01.bin,decodeProtected,3,5,66 169 13 123 43 202 107 81
layer_02.bin,decodeProtected,3,5,164 90 208 169 130 149 107 253
layer_03.bin,decodeProtected,4,4,221 188 191 170 119 195 92 196
layer_04.bin,decodeProtected,3,5,8 139 55 228 152 160 123 105
layer_05.bin,decodeProtected,5,3,153 223 61 120 251 183 170 114
layer_06.bin,decodeProtected,7,1,3 114 100 62 102 79 196 209
layer_07.bin,decodeProtected,6,2,185 78 19 108 76 131 35 81
layer_08.bin,decodeProtected,7,1,148 133 23 180 212 224 72 61
layer_09.bin,decodeProtected,6,2,206 19 207 99 161 98 95 0
layer_10.bin,decodeProtected,5,3,59 163 196 229 234 116 132 171
layer_11.bin,decodeProtected,4,4,18 142 116 107 248 60 250 130
layer_12.bin,decodeProtected,7,1,67 3 116 39 1 119 128 193
layer_13.bin,decodeProtected,6,2,219 200 93 74 212 239 28 45
layer_14.bin,decodeProtected,8,0,38 167 204 44 54 71 52 64
layer_15.bin,decodeProtected,6,2,103 241 147 213 54 206 242 4
layer_16.bin,decodeProtected,5,3,232 149 32 185 231 170 205 243
layer_17.bin,decodeProtected,5,3,155 89 1 218 69 236 8 104
layer_18.bin,decodeProtected,5,3,6 91 77 43 34 203 139 188
layer_19.bin,decodeProtected,6,2,212 132 14 233 30 59 122 88
layer_20.bin,decodeProtected,7,1,148 133 23 112 72 195 240 224
layer_21.bin,decodeProtected,6,2,1 206 207 19 251 229 99 255
layer_22.bin,decodeProtected,3,5,59 163 116 170 156 253 132 234
layer_23.bin,decodeProtected,5,3,142 18 141 60 107 130 56 248
layer_24.bin,decodeProtected,7,1,67 3 116 125 163 1 189 145
layer_25.bin,decodeProtected,6,2,93 200 212 219 66 98 45 221
layer_26.bin,decodeProtected,6,2,38 204 67 54 96 194 31 214
layer_27.bin,decodeProtected,5,3,103 241 206 70 147 139 26 228
layer_28.bin,decodeProtected,4,4,232 72 149 112 152 130 250 49
layer_29.bin,decodeProtected,6,2,155 89 1 152 102 220 69 116
layer_30.bin,decodeProtected,6,2,6 91 77 139 44 13 122 240
layer_31.bin,decodeProtected,6,2,132 212 233 14 59 137 33 253
layer_32.bin,decodeProtected,3,5,175 37 17 151 47 199 50 89
layer_33.bin,decodeProtected,3,5,214 23 117 81 94 72 142 82
layer_34.bin,decodeProtected,3,5,182 58 181 187 54 110 114 194
layer_35.bin,decodeProtected,6,2,7 14 202 36 167 71 129 104
layer_36.bin,decodeProtected,7,1,245 188 8 10 158 0 153 74
layer_37.bin,decodeProtected,6,2,164 124 89 84 22 64 175 229
layer_38.bin,decodeProtected,6,2,136 212 22 127 118 177 175 18
layer_39.bin,decodeProtected,5,3,16 23 146 145 70 68 22 63
layer_00.bin,decodeProtected,3,5,122 81 254 191 208 222 139 10
layer_01.bin,decodeProtected,2,6,153 51 9 149 48 190 193 89
layer_02.bin,decodeProtected,3,5,223 47 185 216 184 158 193 115
layer_03.bin,decodeProtected,8,0,199 243 154 56 36 196 39 69
layer_04.bin,decodeProtected,7,1,160 175 233 134 90 154 178 140
layer_05.bin,decodeProtected,8,0,153 223 77 251 58 60 218 50
layer_06.bin,decodeProtected,7,1,12 243 171 102 196 79 114 210
layer_07.bin,decodeProtected,8,0,185 175 38 142 35 78 245 6
layer_08.bin,decodeProtected,8,0,148 23 72 133 16 63 53 22
layer_09.bin,decodeProtected,8,0,99 1 207 161 251 229 44 255
layer_10.bin,decodeProtected,7,1,59 132 146 20 116 156 119 225
layer_11.bin,decodeProtected,7,1,37 201 141 60 71 204 231 12
layer_12.bin,decodeProtected,7,1,116 145 163 208 39 3 176 189
layer_13.bin,decodeProtected,7,1,212 19 45 93 219 126 74 83
layer_14.bin,decodeProtected,7,1,204 44 64 54 167 231 96 105
layer_15.bin,decodeProtected,7,1,12 147 95 242 4 169 139 227
layer_16.bin,decodeProtected,6,2,53 59 102 32 72 232 193 189
layer_17.bin,decodeProtected,6,2,89 1 69 152 62 214 8 220
layer_18.bin,decodeProtected,7,1,77 91 66 151 229 43 139 204
layer_19.bin,decodeProtected,8,0,212 47 59 14 88 30 122 48
layer_20.bin,decodeProtected,8,0,148 133 72 23 240 195 56 220
layer_21.bin,decodeProtected,7,1,1 207 99 251 229 128 98 161
layer_22.bin,decodeProtected,7,1,59 116 156 132 170 225 20 146
layer_23.bin,decodeProtected,8,0,201 71 60 37 141 107 59 248
layer_24.bin,decodeProtected,7,1,116 119 3 128 11 163 55 1
layer_25.bin,decodeProtected,7,1,93 19 0 219 212 97 221 45
layer_26.bin,decodeProtected,7,1,204 96 54 137 67 167 231 214
layer_27.bin,decodeProtected,7,1,3 12 169 147 206 26 242 95
layer_28.bin,decodeProtected,6,2,193 72 196 102 53 219 82 170
layer_29.bin,decodeProtected,6,2,62 88 89 21 1 61 166 94
layer_30.bin,decodeProtected,6,2,91 204 162 139 77 232 16 50
layer_31.bin,decodeProtected,7,1,59 4 205 39 88 183 137 33
layer_32.bin,decodeProtected,7,1,125 254 179 47 144 140 151 156
layer_33.bin,decodeProtected,6,2,132 47 104 81 139 143 166 102
layer_34.bin,decodeProtected,5,3,44 128 67 240 103 238 220 181
layer_35.bin,decodeProtected,8,0,74 190 148 167 14 202 36 235
layer_36.bin,decodeProtected,8,0,115 188 227 142 39 74 248 153
layer_37.bin,decodeProtected,7,1,78 124 27 22 175 16 169 229
layer_38.bin,decodeProtected,6,2,119 169 215 127 212 118 251 175
layer_39.bin,decodeProtected,4,4,158 231 122 117 75 70 244 179
layer_00.bin,decodeProtected,0,8,123 196 249 229 216 105 7 104
layer_01.bin,decodeProtected,4,4,225 231 27 150 155 93 244 11
layer_02.bin,decodeProtected,4,4,103 4 210 17 164 162 59 109
layer_03.bin,decodeProtected,4,4,31 133 187 37 235 152 84 119
layer_04.bin,decodeProtected,6,2,236 142 13 154 222 102 54 167
layer_05.bin,decodeProtected,6,2,104 161 186 193 158 153 218 251
layer_06.bin,decodeProtected,8,0,61 62 167 153 245 79 196 100
layer_07.bin,decodeProtected,7,1,23 185 14 29 78 147 10 7
layer_08.bin,decodeProtected,7,1,180 234 116 56 89 52 164 4
layer_09.bin,decodeProtected,8,0,94 29 161 164 197 59 207 9
layer_10.bin,decodeProtected,8,0,196 169 130 216 198 234 247 46
layer_11.bin,decodeProtected,6,2,107 189 248 236 128 160 108 147
layer_12.bin,decodeProtected,8,0,26 128 63 1 15 223 3 74
layer_13.bin,decodeProtected,6,2,43 134 160 147 108 32 97 99
layer_14.bin,decodeProtected,8,0,51 137 64 124 32 160 54 125
layer_15.bin,decodeProtected,7,1,162 242 81 58 165 57 204 88
layer_16.bin,decodeProtected,6,2,5 32 196 28 46 130 170 80
layer_17.bin,decodeProtected,6,2,87 250 61 172 35 89 16 64
layer_18.bin,decodeProtected,6,2,43 187 57 13 179 203 161 50
layer_19.bin,decodeProtected,6,2,109 39 20 130 205 30 4 183
layer_20.bin,decodeProtected,8,0,234 23 116 115 56 180 4 99
layer_21.bin,decodeProtected,7,1,29 161 207 94 164 197 95 85
layer_22.bin,decodeProtected,5,3,196 169 198 130 234 222 65 150
layer_23.bin,decodeProtected,6,2,189 128 107 42 206 111 236 62
layer_24.bin,decodeProtected,8,0,74 1 63 26 15 160 128 3
layer_25.bin,decodeProtected,8,0,134 147 43 32 182 93 92 130
layer_26.bin,decodeProtected,8,0,137 51 124 32 52 148 88 231
layer_27.bin,decodeProtected,7,1,162 58 81 181 165 200 242 88
layer_28.bin,decodeProtected,6,2,5 133 170 196 80 43 46 205
layer_29.bin,decodeProtected,7,1,87 250 172 76 61 0 1 20
layer_30.bin,decodeProtected,5,3,179 187 205 91 43 16 139 81
layer_31.bin,decodeProtected,7,1,109 205 130 4 39 20 59 88
layer_32.bin,decodeProtected,5,3,98 99 186 254 185 178 47 90
layer_33.bin,decodeProtected,4,4,126 183 238 86 73 43 232 129
layer_34.bin,decodeProtected,3,5,84 96 207 180 101 21 62 26
layer_35.bin,decodeProtected,6,2,160 57 84 235 167 153 145 22
layer_36.bin,decodeProtected,6,2,70 181 120 98 188 14 20 74
layer_37.bin,decodeProtected,7,1,31 182 65 190 58 88 124 22
layer_38.bin,decodeProtected,7,1,148 71 92 209 118 151 212 95
layer_39.bin,decodeProtected,6,2,2 69 217 38 189 154 213 70
layer_00.bin,decodeProtected,4,4,132 115 158 177 81 235 47 208
layer_01.bin,decodeProtected,8,0,182 233 93 244 155 250 33 11
layer_02.bin,decodeProtected,5,3,10 121 57 123 103 93 145 217
layer_03.bin,decodeProtected,8,0,117 119 133 187 37 199 225 6
layer_04.bin,decodeProtected,8,0,142 236 54 222 154 102 95 160
layer_05.bin,decodeProtected,8,0,193 158 90 43 218 47 251 153
layer_06.bin,decodeProtected,8,0,138 153 79 196 60 36 22 65
layer_07.bin,decodeProtected,8,0,14 78 185 117 23 229 147 29
layer_08.bin,decodeProtected,7,1,239 234 77 180 99 56 116 173
layer_09.bin,decodeProtected,8,0,255 239 164 191 2 161 197 59
layer_10.bin,decodeProtected,8,0,196 169 125 247 185 198 65 243
layer_11.bin,decodeProtected,6,2,108 107 128 189 206 160 62 86
layer_12.bin,decodeProtected,8,0,93 128 74 1 223 26 145 15
layer_13.bin,decodeProtected,8,0,93 134 182 154 202 147 66 32
layer_14.bin,decodeProtected,8,0,51 137 32 52 64 88 167 148
layer_15.bin,decodeProtected,7,1,242 162 165 58 4 87 200 88
layer_16.bin,decodeProtected,7,1,28 43 205 133 80 51 5 252
layer_17.bin,decodeProtected,7,1,87 250 89 15 0 64 35 76
layer_18.bin,decodeProtected,7,1,43 134 179 161 13 226 204 163
layer_19.bin,decodeProtected,8,0,20 205 116 109 39 183 26 121
layer_20.bin,decodeProtected,7,1,23 116 239 234 56 4 180 77
layer_21.bin,decodeProtected,6,2,197 161 191 164 255 239 207 35
layer_22.bin,decodeProtected,8,0,169 176 125 196 198 65 150 243
layer_23.bin,decodeProtected,6,2,128 189 206 160 107 111 9 193
layer_24.bin,decodeProtected,8,0,235 93 151 74 145 220 15 1
layer_25.bin,decodeProtected,8,0,134 93 147 154 182 32 212 66
layer_26.bin,decodeProtected,8,0,137 51 88 148 52 32 214 124
layer_27.bin,decodeProtected,8,0,58 165 162 242 181 87 200 81
layer_28.bin,decodeProtected,8,0,43 133 80 5 170 238 111 205
layer_29.bin,decodeProtected,6,2,0 250 87 76 20 172 124 16
layer_30.bin,decodeProtected,8,0,163 226 43 179 192 187 170 134
layer_31.bin,decodeProtected,8,0,116 20 109 205 4 26 75 39
layer_32.bin,decodeProtected,7,1,119 178 90 181 252 185 134 112
layer_33.bin,decodeProtected,7,1,93 43 129 83 184 16 183 86
layer_34.bin,decodeProtected,8,0,85 82 26 96 1 207 92 21
layer_35.bin,decodeProtected,8,0,72 84 42 57 160 135 174 167
layer_36.bin,decodeProtected,8,0,83 20 70 120 221 74 98 181
layer_37.bin,decodeProtected,8,0,88 182 104 229 58 145 190 124
layer_38.bin,decodeProtected,7,1,148 27 92 151 71 212 118 121
layer_39.bin,decodeProtected,8,0,154 38 69 243 217 78 110 12
layer_00.bin,decodeProtected,6,2,41 238 173 43 86 30 24 124
layer_01.bin,decodeProtected,8,0,182 155 233 140 93 244 250 146
layer_02.bin,decodeProtected,8,0,121 49 60 20 11 217 10 219
layer_03.bin,decodeProtected,7,1,117 199 113 119 6 38 233 25
layer_04.bin,decodeProtected,6,2,54 154 58 88 165 163 5 235
layer_05.bin,decodeProtected,8,0,158 188 43 88 251 218 127 153
layer_06.bin,decodeProtected,7,1,138 65 79 68 60 196 143 122
layer_07.bin,decodeProtected,8,0,78 117 23 185 229 184 14 35
layer_08.bin,decodeProtected,8,0,116 180 239 173 99 104 52 23
layer_09.bin,decodeProtected,8,0,59 197 255 2 161 239 191 164
layer_10.bin,decodeProtected,8,0,196 125 157 247 185 65 234 88
layer_11.bin,decodeProtected,8,0,39 181 108 47 111 128 107 206
layer_12.bin,decodeProtected,8,0,220 191 151 193 1 93 128 15
layer_13.bin,decodeProtected,7,1,134 182 154 32 103 6 168 93
layer_14.bin,decodeProtected,8,0,51 52 137 167 32 125 231 88
layer_15.bin,decodeProtected,8,0,46 162 165 242 58 4 204 181
layer_16.bin,decodeProtected,8,0,205 80 170 28 43 252 133 32
layer_17.bin,decodeProtected,7,1,5 15 87 20 89 0 166 158
layer_18.bin,decodeProtected,8,0,192 226 204 43 170 161 197 134
layer_19.bin,decodeProtected,8,0,109 30 167 20 26 39 205 231
layer_20.bin,decodeProtected,7,1,116 239 133 56 23 104 180 148
layer_21.bin,decodeProtected,8,0,191 207 197 155 255 161 239 2
layer_22.bin,decodeProtected,8,0,196 234 157 125 65 63 236 169
layer_23.bin,decodeProtected,6,2,39 111 128 206 189 47 86 195
layer_24.bin,decodeProtected,6,2,93 220 151 15 145 74 54 164
layer_25.bin,decodeProtected,8,0,134 6 93 182 32 66 154 103
layer_26.bin,decodeProtected,8,0,137 52 51 54 167 86 88 231
layer_27.bin,decodeProtected,8,0,46 162 58 165 181 147 242 172
layer_28.bin,decodeProtected,8,0,170 43 80 111 133 252 250 35
layer_29.bin,decodeProtected,8,0,5 87 20 158 0 89 76 46
layer_30.bin,decodeProtected,8,0,192 43 226 170 91 163 139 77
layer_31.bin,decodeProtected,7,1,167 109 30 116 231 59 20 226
layer_32.bin,decodeProtected,8,0,178 119 90 223 181 206 47 112
layer_33.bin,decodeProtected,8,0,83 74 43 93 129 40 81 92
layer_34.bin,decodeProtected,8,0,116 186 21 1 85 26 82 92
layer_35.bin,decodeProtected,8,0,84 167 42 244 160 22 224 36
layer_36.bin,decodeProtected,8,0,70 129 188 83 181 74 120 239
layer_37.bin,decodeProtected,8,0,145 88 58 182 124 147 57 229
layer_38.bin,decodeProtected,8,0,92 148 79 71 118 127 151 212
layer_39.bin,decodeProtected,8,0,2 189 38 78 69 242 154 70
layer_00.bin,decodeProtected,6,2,30 95 238 104 99 32 75 43
layer_01.bin,decodeProtected,7,1,140 146 124 70 33 118 167 193
layer_02.bin,decodeProtected,8,0,253 60 49 106 255 11 217 188
layer_03.bin,decodeProtected,6,2,121 199 117 58 6 25 113 131
layer_04.bin,decodeProtected,7,1,154 54 58 129 195 88 160 146
layer_05.bin,decodeProtected,7,1,158 44 218 153 251 188 88 127
layer_06.bin,decodeProtected,8,0,65 14 138 79 156 22 196 226
layer_07.bin,decodeProtected,8,0,229 7 185 14 35 78 117 147
layer_08.bin,decodeProtected,8,0,173 56 116 180 133 164 239 4
layer_09.bin,decodeProtected,7,1,255 197 180 161 59 98 207 104
layer_10.bin,decodeProtected,8,0,157 171 196 122 125 234 247 65
layer_11.bin,decodeProtected,8,0,39 108 99 19 111 181 47 150
layer_12.bin,decodeProtected,8,0,220 128 85 151 1 191 223 15
layer_13.bin,decodeProtected,8,0,103 154 18 32 182 93 134 113
layer_14.bin,decodeProtected,7,1,52 51 167 231 88 137 179 125
layer_15.bin,decodeProtected,8,0,46 162 58 181 242 165 204 88
layer_16.bin,decodeProtected,5,3,80 61 28 170 205 32 231 35
layer_17.bin,decodeProtected,8,0,46 158 5 15 20 87 89 166
layer_18.bin,decodeProtected,8,0,226 43 170 192 161 204 203 16
layer_19.bin,decodeProtected,8,0,39 109 167 231 201 30 26 183
layer_20.bin,decodeProtected,8,0,116 239 4 23 115 104 56 180
layer_21.bin,decodeProtected,8,0,207 156 180 197 161 120 155 255
layer_22.bin,decodeProtected,8,0,157 196 234 63 222 65 125 185
layer_23.bin,decodeProtected,7,1,39 111 19 47 188 14 128 195
layer_24.bin,decodeProtected,6,2,151 220 1 15 54 138 116 191
layer_25.bin,decodeProtected,8,0,18 211 6 32 134 103 204 154
layer_26.bin,decodeProtected,7,1,52 179 51 167 137 86 54 231
layer_27.bin,decodeProtected,8,0,46 162 58 181 172 233 165 242
layer_28.bin,decodeProtected,7,1,111 170 61 80 188 136 43 250
layer_29.bin,decodeProtected,8,0,46 158 5 20 89 142 1 230
layer_30.bin,decodeProtected,6,2,226 192 139 91 43 142 16 68
layer_31.bin,decodeProtected,8,0,167 30 39 231 226 109 59 26
layer_32.bin,decodeProtected,6,2,178 223 149 206 47 90 185 235
layer_33.bin,decodeProtected,6,2,74 83 92 49 40 43 129 73
layer_34.bin,decodeProtected,6,2,42 1 21 116 186 141 63 86
layer_35.bin,decodeProtected,8,0,167 244 214 22 224 160 212 84
layer_36.bin,decodeProtected,8,0,70 129 188 120 181 239 74 23
layer_37.bin,decodeProtected,8,0,145 58 147 124 182 22 190 57
layer_38.bin,decodeProtected,8,0,92 148 79 118 127 71 84 212
layer_39.bin,decodeProtected,8,0,2 189 38 78 242 69 213 70
layer_00.bin,decodeProtected,2,6,233 127 236 147 40 157 106 99
layer_01.bin,decodeProtected,5,3,124 211 242 233 19 118 128 98
layer_02.bin,decodeProtected,7,1,60 188 11 49 255 253 108 106
layer_03.bin,decodeProtected,5,3,117 202 30 236 177 121 6 219
layer_04.bin,decodeProtected,6,2,122 154 88 98 172 165 160 152
layer_05.bin,decodeProtected,7,1,153 31 251 188 158 151 218 44
layer_06.bin,decodeProtected,7,1,79 14 65 156 157 49 183 138
layer_07.bin,decodeProtected,7,1,199 185 7 101 76 158 35 191
layer_08.bin,decodeProtected,8,0,56 116 180 159 164 61 52 173
layer_09.bin,decodeProtected,7,1,217 156 98 197 161 207 178 59
layer_10.bin,decodeProtected,7,1,234 157 122 171 62 196 91 63
layer_11.bin,decodeProtected,6,2,27 111 181 47 99 3 145 66
layer_12.bin,decodeProtected,7,1,191 43 1 193 128 220 39 15
layer_13.bin,decodeProtected,7,1,199 154 113 28 219 66 93 168
layer_14.bin,decodeProtected,8,0,167 52 231 51 54 125 64 131
layer_15.bin,decodeProtected,7,1,233 162 206 110 54 181 71 88
layer_16.bin,decodeProtected,6,2,170 205 32 80 231 136 28 98
layer_17.bin,decodeProtected,7,1,158 15 89 166 88 20 16 60
layer_18.bin,decodeProtected,7,1,192 226 204 77 159 205 91 43
layer_19.bin,decodeProtected,8,0,4 30 39 88 26 59 137 51
layer_20.bin,decodeProtected,8,0,107 148 116 133 4 23 110 72
layer_21.bin,decodeProtected,6,2,207 217 156 151 197 96 120 229
layer_22.bin,decodeProtected,5,3,157 234 122 62 63 196 72 171
layer_23.bin,decodeProtected,4,4,111 27 195 145 47 66 14 247
layer_24.bin,decodeProtected,6,2,191 206 220 116 138 155 39 15
layer_25.bin,decodeProtected,7,1,199 66 93 113 6 32 20 130
layer_26.bin,decodeProtected,7,1,52 231 167 54 83 67 137 214
layer_27.bin,decodeProtected,8,0,233 162 110 147 169 206 181 54
layer_28.bin,decodeProtected,6,2,170 80 111 188 72 54 0 46
layer_29.bin,decodeProtected,7,1,158 15 20 89 1 115 236 166
layer_30.bin,decodeProtected,7,1,192 226 91 159 139 142 13 77
layer_31.bin,decodeProtected,6,2,59 30 151 137 228 88 71 39
layer_32.bin,decodeProtected,2,6,75 96 116 18 47 186 199 42
layer_33.bin,decodeProtected,4,4,49 74 11 253 182 58 81 224
layer_34.bin,decodeProtected,2,6,63 205 180 101 95 196 64 9
layer_35.bin,decodeProtected,5,3,132 153 167 2 235 202 36 85
layer_36.bin,decodeProtected,6,2,117 188 8 67 74 171 248 153
layer_37.bin,decodeProtected,3,5,58 22 61 186 250 43 51 220
layer_38.bin,decodeProtected,5,3,92 120 123 17 93 173 62 196
layer_39.bin,decodeProtected,5,3,189 2 27 23 241 9 218 10
layer_00.bin,decodeProtected,1,7,57 165 127 56 191 59 84 45
layer_01.bin,decodeProtected,2,6,222 241 135 234 134 227 157 16
layer_02.bin,decodeProtected,4,4,108 253 238 89 234 158 179 0
layer_03.bin,decodeProtected,3,5,188 171 228 70 20 95 118 132
layer_04.bin,decodeProtected,5,3,154 138 74 254 79 160 152 122
layer_05.bin,decodeProtected,6,2,153 249 151 251 61 11 236 183
layer_06.bin,decodeProtected,6,2,14 79 156 49 235 157 254 42
layer_07.bin,decodeProtected,7,1,185 199 47 57 56 35 78 142
layer_08.bin,decodeProtected,7,1,148 120 56 72 133 53 23 65
layer_09.bin,decodeProtected,6,2,148 99 207 217 96 161 229 197
layer_10.bin,decodeProtected,7,1,122 46 234 24 132 196 116 178
layer_11.bin,decodeProtected,7,1,93 210 42 111 181 160 12 239
layer_12.bin,decodeProtected,5,3,116 199 3 35 220 10 81 11
layer_13.bin,decodeProtected,7,1,45 20 219 208 83 92 130 164
layer_14.bin,decodeProtected,8,0,204 44 52 64 54 213 248 83
layer_15.bin,decodeProtected,8,0,147 90 139 169 3 227 145 242
layer_16.bin,decodeProtected,7,1,191 117 195 32 72 170 24 189
layer_17.bin,decodeProtected,7,1,69 8 1 89 158 104 204 244
layer_18.bin,decodeProtected,7,1,77 91 225 204 64 22 43 117
layer_19.bin,decodeProtected,8,0,59 88 212 95 4 75 171 225
layer_20.bin,decodeProtected,8,0,148 133 72 23 220 180 240 110
layer_21.bin,decodeProtected,8,0,207 99 148 161 1 229 151 166
layer_22.bin,decodeProtected,8,0,116 160 132 34 46 122 196 26
layer_23.bin,decodeProtected,6,2,80 170 56 107 210 93 111 141
layer_24.bin,decodeProtected,8,0,116 7 3 56 1 176 50 2
layer_25.bin,decodeProtected,8,0,219 222 93 45 20 211 254 208
layer_26.bin,decodeProtected,8,0,96 44 204 67 52 146 54 14
layer_27.bin,decodeProtected,7,1,3 206 169 147 26 203 249 177
layer_28.bin,decodeProtected,6,2,188 170 72 224 191 74 0 71
layer_29.bin,decodeProtected,7,1,104 158 1 89 150 214 8 20
layer_30.bin,decodeProtected,6,2,192 155 226 188 91 204 158 77
layer_31.bin,decodeProtected,3,5,225 199 228 59 146 137 108 142
layer_32.bin,decodeProtected,5,3,18 48 19 221 47 224 21 156
layer_33.bin,decodeProtected,4,4,96 49 74 107 121 253 177 81
layer_34.bin,decodeProtected,5,3,208 175 64 63 95 220 252 21
layer_35.bin,decodeProtected,6,2,94 2 85 167 5 235 36 202
layer_36.bin,decodeProtected,5,3,188 246 152 195 67 117 23 248
layer_37.bin,decodeProtected,4,4,58 43 161 60 56 22 186 135
layer_38.bin,decodeProtected,2,6,92 201 195 163 30 148 234 237
layer_39.bin,decodeProtected,3,5,189 138 2 1 92 246 215 213
layer_00.bin,decodeProtected,3,5,234 122 188 92 186 84 144 172
layer_01.bin,decodeProtected,2,6,234 111 211 198 29 241 255 85
layer_02.bin,decodeProtected,6,2,253 108 234 89 238 23 92 237
layer_03.bin,decodeProtected,6,2,188 228 116 132 95 199 118 251
layer_04.bin,decodeProtected,5,3,154 164 74 94 12 71 152 160
layer_05.bin,decodeProtected,7,1,81 153 251 236 151 183 178 115
layer_06.bin,decodeProtected,7,1,79 14 156 49 235 157 196 142
layer_07.bin,decodeProtected,7,1,199 185 158 76 78 7 35 250
layer_08.bin,decodeProtected,8,0,148 56 133 220 116 72 53 107
layer_09.bin,decodeProtected,7,1,207 98 99 197 96 161 85 59
layer_10.bin,decodeProtected,8,0,122 234 196 9 157 46 171 63
layer_11.bin,decodeProtected,6,2,111 116 114 47 93 85 3 145
layer_12.bin,decodeProtected,8,0,3 116 191 220 193 35 1 199
layer_13.bin,decodeProtected,6,2,199 154 219 28 20 113 29 38
layer_14.bin,decodeProtected,7,1,52 167 54 231 51 83 67 214
layer_15.bin,decodeProtected,8,0,233 162 206 147 181 139 71 169
layer_16.bin,decodeProtected,8,0,170 231 205 188 32 80 181 28
layer_17.bin,decodeProtected,8,0,158 15 89 60 78 166 8 69
layer_18.bin,decodeProtected,7,1,192 204 77 226 197 91 43 69
layer_19.bin,decodeProtected,8,0,4 59 30 88 26 137 39 122
layer_20.bin,decodeProtected,8,0,148 133 4 23 180 107 115 220
layer_21.bin,decodeProtected,8,0,207 96 151 197 161 156 85 99
layer_22.bin,decodeProtected,7,1,157 234 9 122 196 0 63 116
layer_23.bin,decodeProtected,5,3,111 116 59 47 145 114 107 85
layer_24.bin,decodeProtected,7,1,220 15 81 116 128 199 35 39
layer_25.bin,decodeProtected,8,0,20 32 134 130 19 113 154 93
layer_26.bin,decodeProtected,8,0,52 86 231 137 54 51 252 67
layer_27.bin,decodeProtected,8,0,162 165 181 177 147 206 58 172
layer_28.bin,decodeProtected,8,0,111 170 80 193 0 252 230 150
layer_29.bin,decodeProtected,7,1,15 20 49 158 21 88 1 166
layer_30.bin,decodeProtected,8,0,197 226 192 204 162 91 250 77
layer_31.bin,decodeProtected,6,2,4 20 30 26 59 151 205 79
layer_32.bin,decodeProtected,7,1,19 90 146 86 47 178 254 140
layer_33.bin,decodeProtected,6,2,74 97 49 36 6 75 189 83
layer_34.bin,decodeProtected,5,3,1 191 212 238 44 255 63 20
layer_35.bin,decodeProtected,6,2,190 160 43 97 21 148 114 84
layer_36.bin,decodeProtected,2,6,19 227 171 124 9 93 47 85
layer_37.bin,decodeProtected,6,2,65 229 58 61 16 186 80 66
layer_38.bin,decodeProtected,6,2,0 92 93 158 16 88 159 17
layer_39.bin,decodeProtected,7,1,129 189 117 10 225 98 2 224
layer_00.bin,decodeProtected,5,3,101 11 35 79 197 108 242 135
layer_01.bin,decodeProtected,7,1,155 62 97 146 75 27 118 11
layer_02.bin,decodeProtected,7,1,109 253 210 20 43 179 252 158
layer_03.bin,decodeProtected,8,0,37 117 211 236 228 199 226 118
layer_04.bin,decodeProtected,7,1,15 102 142 154 222 200 105 54
layer_05.bin,decodeProtected,7,1,236 188 151 220 44 158 153 198
layer_06.bin,decodeProtected,8,0,79 182 157 14 156 196 133 65
layer_07.bin,decodeProtected,8,0,185 23 199 14 78 2 158 147
layer_08.bin,decodeProtected,7,1,35 239 180 56 116 52 148 83
layer_09.bin,decodeProtected,8,0,203 29 197 180 207 98 161 99
layer_10.bin,decodeProtected,8,0,196 88 157 122 234 63 132 169
layer_11.bin,decodeProtected,6,2,42 111 107 239 47 145 92 185
layer_12.bin,decodeProtected,8,0,116 220 3 193 1 15 81 35
layer_13.bin,decodeProtected,8,0,112 45 29 138 28 208 160 44
layer_14.bin,decodeProtected,8,0,52 204 44 54 248 132 51 21
layer_15.bin,decodeProtected,7,1,90 139 120 147 162 145 36 227
layer_16.bin,decodeProtected,7,1,191 24 195 181 183 205 117 228
layer_17.bin,decodeProtected,8,0,69 8 1 60 166 244 204 158
layer_18.bin,decodeProtected,8,0,77 204 197 64 225 146 233 91
layer_19.bin,decodeProtected,6,2,88 142 59 95 212 129 205 4
layer_20.bin,decodeProtected,8,0,148 239 72 110 133 23 195 180
layer_21.bin,decodeProtected,6,2,207 99 203 1 37 166 199 55
layer_22.bin,decodeProtected,7,1,116 236 34 207 132 250 157 160
layer_23.bin,decodeProtected,6,2,80 111 42 134 107 239 56 54
layer_24.bin,decodeProtected,6,2,116 220 3 10 96 2 164 9
layer_25.bin,decodeProtected,5,3,208 45 250 253 254 79 29 206
layer_26.bin,decodeProtected,8,0,252 248 204 86 54 52 67 21
layer_27.bin,decodeProtected,8,0,162 172 147 206 165 139 90 145
layer_28.bin,decodeProtected,5,3,24 191 43 195 88 5 170 169
layer_29.bin,decodeProtected,7,1,250 1 69 60 87 5 151 8
layer_30.bin,decodeProtected,8,0,77 197 205 91 226 170 155 64
layer_31.bin,decodeProtected,8,0,109 4 20 205 59 88 122 173
layer_32.bin,decodeProtected,6,2,90 98 186 254 47 134 96 198
layer_33.bin,decodeProtected,4,4,126 238 86 215 83 183 223 213
layer_34.bin,decodeProtected,8,0,116 1 207 96 132 180 211 26
layer_35.bin,decodeProtected,6,2,160 84 235 197 17 57 202 36
layer_36.bin,decodeProtected,5,3,9 171 133 101 221 47 29 19
layer_37.bin,decodeProtected,4,4,65 72 61 229 2 19 51 86
layer_38.bin,decodeProtected,3,5,18 236 182 159 117 143 99 150
layer_39.bin,decodeProtected,3,5,22 228 91 10 134 6 39 198
layer_00.bin,decodeProtected,5,3,182 237 208 81 235 79 141 253
layer_01.bin,decodeProtected,8,0,182 62 155 217 146 140 152 70
layer_02.bin,decodeProtected,7,1,255 43 109 253 123 121 106 167
layer_03.bin,decodeProtected,7,1,117 37 199 236 190 230 150 228
layer_04.bin,decodeProtected,8,0,102 54 15 142 154 222 200 129
layer_05.bin,decodeProtected,8,0,43 188 90 65 158 153 151 218
layer_06.bin,decodeProtected,8,0,79 14 138 182 157 133 196 156
layer_07.bin,decodeProtected,8,0,185 23 117 199 14 78 64 229
layer_08.bin,decodeProtected,8,0,116 180 239 56 35 4 99 52
layer_09.bin,decodeProtected,8,0,197 191 203 116 161 2 255 59
layer_10.bin,decodeProtected,8,0,196 157 88 125 198 234 65 122
layer_11.bin,decodeProtected,8,0,128 108 111 42 107 206 47 19
layer_12.bin,decodeProtected,8,0,93 128 220 1 3 15 74 193
layer_13.bin,decodeProtected,8,0,134 182 154 29 32 66 202 93
layer_14.bin,decodeProtected,8,0,51 137 88 52 86 167 32 125
layer_15.bin,decodeProtected,8,0,242 162 58 165 148 172 87 181
layer_16.bin,decodeProtected,7,1,5 28 80 43 238 231 51 32
layer_17.bin,decodeProtected,8,0,87 250 0 15 89 166 16 20
layer_18.bin,decodeProtected,8,0,43 161 197 204 134 170 226 163
layer_19.bin,decodeProtected,7,1,109 116 205 20 4 243 36 195
layer_20.bin,decodeProtected,6,2,23 180 4 116 239 77 164 21
layer_21.bin,decodeProtected,7,1,161 191 116 255 197 203 239 35
layer_22.bin,decodeProtected,8,0,125 65 176 196 198 169 157 88
layer_23.bin,decodeProtected,7,1,128 206 111 42 160 86 107 189
layer_24.bin,decodeProtected,8,0,235 151 93 220 74 145 15 199
layer_25.bin,decodeProtected,8,0,134 147 154 32 182 93 212 103
layer_26.bin,decodeProtected,7,1,51 137 86 88 52 10 214 32
layer_27.bin,decodeProtected,7,1,58 162 172 165 242 181 31 87
layer_28.bin,decodeProtected,7,1,238 43 150 5 111 93 35 134
layer_29.bin,decodeProtected,7,1,87 0 5 250 1 15 153 69
layer_30.bin,decodeProtected,8,0,163 197 43 170 226 77 179 205
layer_31.bin,decodeProtected,8,0,116 20 109 4 205 167 26 122
layer_32.bin,decodeProtected,8,0,252 90 119 223 53 134 112 47
layer_33.bin,decodeProtected,6,2,93 83 129 184 86 231 92 238
layer_34.bin,decodeProtected,8,0,85 1 82 132 26 96 207 86
layer_35.bin,decodeProtected,7,1,84 72 160 57 42 108 36 135
layer_36.bin,decodeProtected,6,2,83 20 22 70 221 188 75 106
layer_37.bin,decodeProtected,6,2,229 104 182 61 88 39 212 31
layer_38.bin,decodeProtected,7,1,151 27 148 143 17 67 16 18
layer_39.bin,decodeProtected,5,3,217 243 154 110 46 38 37 42
layer_00.bin,decodeProtected,3,5,252 238 43 25 205 147 42 112
layer_01.bin,decodeProtected,8,0,182 140 217 250 152 146 62 224
layer_02.bin,decodeProtected,8,0,11 121 167 43 217 60 20 49
layer_03.bin,decodeProtected,7,1,117 130 236 199 226 106 26 230
layer_04.bin,decodeProtected,5,3,54 45 144 58 235 205 154 250
layer_05.bin,decodeProtected,8,0,90 188 43 65 135 158 44 251
layer_06.bin,decodeProtected,8,0,157 14 65 182 79 138 22 196
layer_07.bin,decodeProtected,8,0,78 23 117 185 176 229 49 184
layer_08.bin,decodeProtected,8,0,116 239 180 35 104 56 133 4
layer_09.bin,decodeProtected,8,0,191 98 171 197 255 169 2 9
layer_10.bin,decodeProtected,5,3,157 88 173 196 125 39 247 139
layer_11.bin,decodeProtected,7,1,39 72 111 42 108 239 181 47
layer_12.bin,decodeProtected,6,2,220 249 3 93 54 193 151 116
layer_13.bin,decodeProtected,8,0,138 112 29 103 134 154 45 28
layer_14.bin,decodeProtected,7,1,52 86 51 167 54 125 93 204
layer_15.bin,decodeProtected,8,0,162 172 147 165 166 181 206 36
layer_16.bin,decodeProtected,7,1,231 181 205 170 24 43 223 152
layer_17.bin,decodeProtected,8,0,5 166 87 69 1 15 60 89
layer_18.bin,decodeProtected,8,0,77 197 204 170 43 226 161 91
layer_19.bin,decodeProtected,8,0,109 205 88 167 4 59 243 122
layer_20.bin,decodeProtected,8,0,239 148 23 4 180 35 133 185
layer_21.bin,decodeProtected,7,1,191 116 207 203 99 229 113 85
layer_22.bin,decodeProtected,7,1,157 236 88 65 173 125 207 247
layer_23.bin,decodeProtected,7,1,39 239 111 42 72 188 181 47
layer_24.bin,decodeProtected,7,1,220 116 93 54 154 15 10 151
layer_25.bin,decodeProtected,7,1,138 112 134 45 29 253 105 32
layer_26.bin,decodeProtected,8,0,86 204 51 118 52 248 21 54
layer_27.bin,decodeProtected,8,0,162 172 147 165 139 14 206 145
layer_28.bin,decodeProtected,8,0,43 24 191 117 111 183 238 195
layer_29.bin,decodeProtected,7,1,5 69 1 87 151 158 250 204
layer_30.bin,decodeProtected,8,0,77 197 226 170 225 91 64 117
layer_31.bin,decodeProtected,8,0,167 59 109 88 122 4 20 95
layer_32.bin,decodeProtected,7,1,223 90 119 47 236 178 255 128
layer_33.bin,decodeProtected,7,1,83 231 86 32 74 28 238 220
layer_34.bin,decodeProtected,7,1,186 1 241 246 10 211 116 252
layer_35.bin,decodeProtected,8,0,202 167 36 160 129 235 57 11
layer_36.bin,decodeProtected,5,3,70 188 153 29 98 78 181 43
layer_37.bin,decodeProtected,8,0,229 62 163 58 103 22 199 31
layer_38.bin,decodeProtected,5,3,166 175 239 159 8 233 147 10
layer_39.bin,decodeProtected,2,6,238 95 17 223 50 140 91 67
layer_00.bin,decodeProtected,4,4,209 104 43 206 30 95 105 147
layer_01.bin,decodeProtected,8,0,62 155 182 217 146 47 11 46
layer_02.bin,decodeProtected,6,2,43 20 52 49 167 217 233 179
layer_03.bin,decodeProtected,7,1,117 236 119 233 226 130 12 162
layer_04.bin,decodeProtected,6,2,144 87 20 193 79 54 245 184
layer_05.bin,decodeProtected,6,2,220 188 230 90 160 158 145 229
layer_06.bin,decodeProtected,8,0,43 65 12 14 254 237 157 79
layer_07.bin,decodeProtected,7,1,142 185 199 57 47 187 140 175
layer_08.bin,decodeProtected,6,2,148 35 239 133 187 53 152 56
layer_09.bin,decodeProtected,5,3,203 99 207 1 88 229 143 39
layer_10.bin,decodeProtected,4,4,157 82 11 240 10 76 115 62
layer_11.bin,decodeProtected,5,3,239 42 181 107 253 224 51 111
layer_12.bin,decodeProtected,5,3,10 220 116 3 51 175 16 0
layer_13.bin,decodeProtected,6,2,112 45 138 208 34 136 183 5
layer_14.bin,decodeProtected,6,2,173 248 216 204 44 252 132 54
layer_15.bin,decodeProtected,7,1,90 120 139 145 147 150 122 228
layer_16.bin,decodeProtected,7,1,191 24 181 183 243 169 172 115
layer_17.bin,decodeProtected,6,2,69 5 60 1 217 47 196 109
layer_18.bin,decodeProtected,6,2,77 224 146 102 58 176 83 64
layer_19.bin,decodeProtected,6,2,88 129 142 212 95 229 127 72
layer_20.bin,decodeProtected,7,1,148 72 239 23 113 195 35 110
layer_21.bin,decodeProtected,7,1,99 207 1 203 214 71 217 166
layer_22.bin,decodeProtected,5,3,236 157 207 245 162 249 132 250
layer_23.bin,decodeProtected,5,3,239 42 181 241 72 253 134 224
layer_24.bin,decodeProtected,4,4,116 10 16 220 175 126 43 48
layer_25.bin,decodeProtected,7,1,45 208 211 83 138 162 34 212
layer_26.bin,decodeProtected,7,1,173 248 21 86 204 252 118 132
layer_27.bin,decodeProtected,6,2,139 147 145 120 90 0 122 138
layer_28.bin,decodeProtected,5,3,191 24 183 169 116 115 195 223
layer_29.bin,decodeProtected,6,2,69 5 1 58 91 151 60 158
layer_30.bin,decodeProtected,7,1,77 225 197 176 91 226 71 64
layer_31.bin,decodeProtected,6,2,95 167 248 94 59 240 88 186
layer_32.bin,decodeProtected,7,1,223 128 47 236 64 68 158 251
layer_33.bin,decodeProtected,7,1,72 190 74 86 83 81 85 220
layer_34.bin,decodeProtected,7,1,1 116 211 246 10 186 34 196
layer_35.bin,decodeProtected,8,0,167 202 36 129 197 235 14 11
layer_36.bin,decodeProtected,8,0,70 188 153 78 181 10 60 23
layer_37.bin,decodeProtected,8,0,103 163 22 229 58 104 39 199
layer_38.bin,decodeProtected,8,0,92 148 127 118 27 230 151 71
layer_39.bin,decodeProtected,7,1,2 243 38 217 70 69 78 46
layer_00.bin,decodeProtected,6,2,32 88 238 95 200 43 112 89
layer_01.bin,decodeProtected,8,0,181 140 152 47 182 70 146 155
layer_02.bin,decodeProtected,7,1,49 52 20 43 253 8 218 11
layer_03.bin,decodeProtected,6,2,106 117 236 226 233 199 110 29
layer_04.bin,decodeProtected,5,3,54 193 45 5 235 171 250 165
layer_05.bin,decodeProtected,8,0,47 188 90 220 230 135 43 65
layer_06.bin,decodeProtected,7,1,65 14 122 138 22 43 173 237
layer_07.bin,decodeProtected,7,1,78 117 176 185 123 70 229 199
layer_08.bin,decodeProtected,8,0,116 239 180 115 179 104 35 237
layer_09.bin,decodeProtected,6,2,69 180 169 255 152 119 171 197
layer_10.bin,decodeProtected,7,1,157 88 125 196 122 247 240 121
layer_11.bin,decodeProtected,7,1,39 181 111 239 224 19 108 188
layer_12.bin,decodeProtected,6,2,16 151 220 154 85 104 62 3
layer_13.bin,decodeProtected,7,1,103 112 138 149 204 211 5 29
layer_14.bin,decodeProtected,5,3,86 52 31 88 149 226 204 71
layer_15.bin,decodeProtected,8,0,46 162 90 36 120 206 139 147
layer_16.bin,decodeProtected,6,2,24 61 191 181 231 205 223 183
layer_17.bin,decodeProtected,8,0,5 69 158 60 1 166 8 198
layer_18.bin,decodeProtected,8,0,170 77 226 204 146 176 197 91
layer_19.bin,decodeProtected,6,2,88 167 122 166 59 243 109 51
layer_20.bin,decodeProtected,7,1,148 239 23 4 72 110 185 57
layer_21.bin,decodeProtected,7,1,69 207 99 120 180 229 113 156
layer_22.bin,decodeProtected,7,1,157 236 245 116 207 250 132 120
layer_23.bin,decodeProtected,8,0,39 239 181 111 224 188 99 134
layer_24.bin,decodeProtected,7,1,116 220 151 104 16 154 189 10
layer_25.bin,decodeProtected,7,1,208 211 138 45 212 6 139 250
layer_26.bin,decodeProtected,7,1,252 86 248 204 110 21 132 35
layer_27.bin,decodeProtected,8,0,139 206 122 46 147 228 145 90
layer_28.bin,decodeProtected,8,0,191 24 61 116 183 20 169 43
layer_29.bin,decodeProtected,7,1,69 5 1 158 204 151 91 58
layer_30.bin,decodeProtected,8,0,77 170 226 225 91 176 44 64
layer_31.bin,decodeProtected,8,0,167 166 59 248 95 240 94 122
layer_32.bin,decodeProtected,8,0,223 60 158 128 47 68 251 236
layer_33.bin,decodeProtected,8,0,74 72 83 229 81 190 220 41
layer_34.bin,decodeProtected,8,0,82 116 1 211 10 246 34 132
layer_35.bin,decodeProtected,8,0,202 167 36 129 224 197 14 11
layer_36.bin,decodeProtected,8,0,70 188 153 78 60 129 239 10
layer_37.bin,decodeProtected,8,0,104 163 103 22 219 58 124 199
layer_38.bin,decodeProtected,8,0,27 127 92 148 118 230 151 175
layer_39.bin,decodeProtected,7,1,110 243 38 12 70 78 69 45
layer_00.bin,decodeProtected,4,4,211 29 70 20 224 62 217 75
layer_01.bin,decodeProtected,5,3,124 193 197 245 5 14 165 153
layer_02.bin,decodeProtected,6,2,193 188 60 157 11 143 228 49
layer_03.bin,decodeProtected,6,2,197 56 30 154 177 201 218 199
layer_04.bin,decodeProtected,7,1,134 152 98 149 132 88 121 186
layer_05.bin,decodeProtected,8,0,213 58 153 210 251 164 115 0
layer_06.bin,decodeProtected,6,2,12 43 14 102 125 25 168 113
layer_07.bin,decodeProtected,8,0,142 185 187 246 132 57 175 81
layer_08.bin,decodeProtected,7,1,148 22 133 246 72 85 53 16
layer_09.bin,decodeProtected,6,2,99 207 134 166 1 229 140 15
layer_10.bin,decodeProtected,7,1,233 122 109 132 245 232 226 250
layer_11.bin,decodeProtected,5,3,239 97 17 253 209 137 223 15
layer_12.bin,decodeProtected,6,2,51 10 116 166 252 48 96 50
layer_13.bin,decodeProtected,8,0,45 208 180 34 183 136 83 0
layer_14.bin,decodeProtected,7,1,57 173 248 102 252 21 204 132
layer_15.bin,decodeProtected,4,4,90 221 0 116 122 255 138 139
layer_16.bin,decodeProtected,6,2,191 115 183 138 172 169 24 35
layer_17.bin,decodeProtected,3,5,69 58 171 158 86 165 1 51
layer_18.bin,decodeProtected,7,1,77 58 130 209 83 100 146 176
layer_19.bin,decodeProtected,4,4,99 60 129 244 88 254 9 127
layer_20.bin,decodeProtected,7,1,148 72 195 110 47 22 57 122
layer_21.bin,decodeProtected,6,2,99 156 207 71 1 229 32 143
layer_22.bin,decodeProtected,8,0,109 233 157 245 122 132 250 207
layer_23.bin,decodeProtected,7,1,181 99 59 241 239 253 223 216
layer_24.bin,decodeProtected,7,1,116 50 175 149 48 10 210 195
layer_25.bin,decodeProtected,7,1,0 45 211 183 208 212 34 180
layer_26.bin,decodeProtected,6,2,57 21 248 173 86 204 102 165
layer_27.bin,decodeProtected,8,0,0 79 139 14 122 147 130 145
layer_28.bin,decodeProtected,7,1,191 56 183 138 190 186 24 117
layer_29.bin,decodeProtected,7,1,69 158 1 58 126 171 19 165
layer_30.bin,decodeProtected,8,0,130 77 225 209 51 91 226 197
layer_31.bin,decodeProtected,7,1,99 157 83 85 186 59 88 122
layer_32.bin,decodeProtected,5,3,19 209 14 92 47 157 128 236
layer_33.bin,decodeProtected,6,2,72 74 68 161 28 103 229 81
layer_34.bin,decodeProtected,8,0,191 249 18 11 211 121 246 195
layer_35.bin,decodeProtected,8,0,43 191 36 44 121 14 185 129
layer_36.bin,decodeProtected,6,2,79 26 153 188 55 48 138 37
layer_37.bin,decodeProtected,4,4,196 229 163 30 126 219 254 173
layer_38.bin,decodeProtected,6,2,132 120 0 242 92 217 185 90
layer_39.bin,decodeProtected,4,4,107 99 189 166 224 174 44 167
layer_00.bin,decodeProtected,4,4,159 116 13 174 199 250 50 220
layer_01.bin,decodeProtected,1,7,88 17 23 193 80 154 166 44
layer_02.bin,decodeProtected,4,4,144 52 215 43 83 137 97 253
layer_03.bin,decodeProtected,6,2,243 163 22 154 69 201 30 180
layer_04.bin,decodeProtected,8,0,134 221 175 152 44 121 243 43
layer_05.bin,decodeProtected,8,0,164 58 236 251 210 115 183 77
layer_06.bin,decodeProtected,8,0,43 14 125 12 161 2 157 25
layer_07.bin,decodeProtected,8,0,142 246 185 187 30 158 132 57
layer_08.bin,decodeProtected,7,1,148 133 121 85 63 53 117 72
layer_09.bin,decodeProtected,8,0,99 207 134 166 32 143 221 8
layer_10.bin,decodeProtected,8,0,122 233 26 250 242 132 245 157
layer_11.bin,decodeProtected,7,1,239 85 97 111 220 241 59 209
layer_12.bin,decodeProtected,8,0,51 10 116 175 3 252 48 239
layer_13.bin,decodeProtected,7,1,45 20 211 208 183 180 34 25
layer_14.bin,decodeProtected,6,2,57 173 21 252 59 123 248 204
layer_15.bin,decodeProtected,8,0,0 122 221 90 92 206 138 238
layer_16.bin,decodeProtected,8,0,191 190 183 169 24 115 138 35
layer_17.bin,decodeProtected,8,0,69 158 225 21 58 1 51 93
layer_18.bin,decodeProtected,8,0,250 77 58 130 100 151 83 102
layer_19.bin,decodeProtected,6,2,85 99 88 243 129 114 254 125
layer_20.bin,decodeProtected,7,1,148 57 110 72 85 23 195 185
layer_21.bin,decodeProtected,6,2,99 207 98 156 203 60 143 170
layer_22.bin,decodeProtected,7,1,157 233 242 122 245 132 127 207
layer_23.bin,decodeProtected,6,2,85 59 220 239 241 150 17 99
layer_24.bin,decodeProtected,7,1,116 220 50 175 149 10 128 6
layer_25.bin,decodeProtected,7,1,211 45 101 20 183 0 19 2
layer_26.bin,decodeProtected,7,1,86 21 57 173 101 248 252 165
layer_27.bin,decodeProtected,8,0,0 172 162 147 28 139 169 145
layer_28.bin,decodeProtected,7,1,191 24 195 190 102 183 117 32
layer_29.bin,decodeProtected,7,1,69 1 21 58 225 151 158 132
layer_30.bin,decodeProtected,7,1,197 77 225 250 91 64 205 232
layer_31.bin,decodeProtected,6,2,88 4 59 95 167 85 218 243
layer_32.bin,decodeProtected,7,1,19 236 123 186 254 215 247 47
layer_33.bin,decodeProtected,7,1,95 86 28 238 74 139 166 32
layer_34.bin,decodeProtected,7,1,1 191 10 101 202 195 240 72
layer_35.bin,decodeProtected,6,2,129 235 191 43 160 78 21 77
layer_36.bin,decodeProtected,4,4,188 106 124 19 98 85 26 140
layer_37.bin,decodeProtected,7,1,229 58 163 16 123 22 66 19
layer_38.bin,decodeProtected,5,3,0 92 158 143 31 96 93 112
layer_39.bin,decodeProtected,6,2,189 197 129 223 235 109 163 122
layer_00.bin,decodeProtected,4,4,35 101 34 79 179 197 242 9
layer_01.bin,decodeProtected,6,2,155 62 27 150 47 146 70 123
layer_02.bin,decodeProtected,5,3,210 109 90 43 164 130 88 253
layer_03.bin,decodeProtected,8,0,37 230 26 211 236 199 226 233
layer_04.bin,decodeProtected,7,1,54 102 15 241 142 200 222 129
layer_05.bin,decodeProtected,7,1,90 236 188 43 220 235 142 251
layer_06.bin,decodeProtected,8,0,14 43 157 215 182 156 79 2
layer_07.bin,decodeProtected,6,2,23 185 199 78 64 2 232 95
layer_08.bin,decodeProtected,8,0,35 239 180 116 148 56 52 115
layer_09.bin,decodeProtected,7,1,203 180 29 207 99 98 85 143
layer_10.bin,decodeProtected,7,1,157 26 196 88 122 248 120 132
layer_11.bin,decodeProtected,7,1,42 111 239 17 99 107 185 98
layer_12.bin,decodeProtected,8,0,220 3 116 160 128 15 10 193
layer_13.bin,decodeProtected,8,0,29 211 45 138 112 183 20 154
layer_14.bin,decodeProtected,8,0,86 173 51 52 21 125 244 204
layer_15.bin,decodeProtected,7,1,172 213 162 0 36 221 90 14
layer_16.bin,decodeProtected,7,1,231 181 191 243 183 24 223 115
layer_17.bin,decodeProtected,7,1,69 166 250 1 225 5 60 132
layer_18.bin,decodeProtected,7,1,197 170 77 58 204 225 90 83
layer_19.bin,decodeProtected,7,1,205 88 243 153 229 109 4 130
layer_20.bin,decodeProtected,7,1,148 239 35 180 212 4 57 23
layer_21.bin,decodeProtected,6,2,203 99 180 143 207 229 31 141
layer_22.bin,decodeProtected,5,3,236 157 83 62 132 207 245 249
layer_23.bin,decodeProtected,7,1,42 241 39 239 216 17 106 150
layer_24.bin,decodeProtected,7,1,116 220 10 149 87 175 167 22
layer_25.bin,decodeProtected,7,1,45 29 183 208 105 138 211 34
layer_26.bin,decodeProtected,8,0,248 173 86 21 204 101 132 118
layer_27.bin,decodeProtected,7,1,120 139 172 0 145 90 36 162
layer_28.bin,decodeProtected,7,1,191 96 24 183 195 5 142 178
layer_29.bin,decodeProtected,7,1,69 5 1 250 58 151 132 65
layer_30.bin,decodeProtected,8,0,77 225 170 197 64 91 205 71
layer_31.bin,decodeProtected,7,1,95 240 88 59 130 167 109 243
layer_32.bin,decodeProtected,5,3,98 96 236 186 247 46 7 99
layer_33.bin,decodeProtected,7,1,126 86 238 232 28 190 72 183
layer_34.bin,decodeProtected,8,0,116 10 180 1 252 101 246 207
layer_35.bin,decodeProtected,6,2,235 129 153 202 160 14 167 218
layer_36.bin,decodeProtected,7,1,188 181 70 153 119 118 98 78
layer_37.bin,decodeProtected,7,1,31 163 22 58 103 95 199 143
layer_38.bin,decodeProtected,8,0,92 148 118 71 127 230 93 31
layer_39.bin,decodeProtected,7,1,2 189 69 217 138 38 70 248
layer_00.bin,decodeProtected,2,6,40 106 127 22 66 236 185 46
layer_01.bin,decodeProtected,3,5,124 73 242 128 193 211 226 72
layer_02.bin,decodeProtected,5,3,188 255 58 60 217 87 43 22
layer_03.bin,decodeProtected,2,6,92 55 219 19 30 177 186 189
layer_04.bin,decodeProtected,4,4,122 228 139 54 172 88 199 152
layer_05.bin,decodeProtected,4,4,11 147 18 114 160 58 161 248
layer_06.bin,decodeProtected,4,4,43 14 147 90 166 89 65 183
layer_07.bin,decodeProtected,3,5,172 142 101 13 187 185 22 195
layer_08.bin,decodeProtected,5,3,148 122 85 35 53 24 41 137
layer_09.bin,decodeProtected,7,1,217 178 156 99 207 143 229 121
layer_10.bin,decodeProtected,3,5,62 142 26 245 224 163 71 132
layer_11.bin,decodeProtected,3,5,247 69 241 27 239 98 107 215
layer_12.bin,decodeProtected,7,1,175 16 10 51 6 252 116 0
layer_13.bin,decodeProtected,7,1,112 1 34 29 45 20 211 208
layer_14.bin,decodeProtected,7,1,173 59 46 35 21 248 123 132
layer_15.bin,decodeProtected,6,2,120 0 90 221 150 139 213 141
layer_16.bin,decodeProtected,6,2,191 115 183 243 169 13 175 181
layer_17.bin,decodeProtected,4,4,69 236 74 58 25 65 51 188
layer_18.bin,decodeProtected,4,4,58 77 158 83 39 6 162 146
layer_19.bin,decodeProtected,5,3,186 233 34 54 127 51 229 243
layer_20.bin,decodeProtected,8,0,148 122 72 23 22 57 85 240
layer_21.bin,decodeProtected,5,3,217 99 178 1 156 71 214 93
layer_22.bin,decodeProtected,6,2,62 142 249 251 245 217 149 121
layer_23.bin,decodeProtected,4,4,241 69 247 239 27 181 42 90
layer_24.bin,decodeProtected,5,3,106 10 175 48 149 116 196 184
layer_25.bin,decodeProtected,7,1,1 183 45 34 242 138 208 83
layer_26.bin,decodeProtected,8,0,248 21 173 35 132 204 101 200
layer_27.bin,decodeProtected,7,1,139 120 0 145 90 36 14 141
layer_28.bin,decodeProtected,5,3,191 142 183 13 122 169 115 100
layer_29.bin,decodeProtected,5,3,69 65 188 1 58 177 120 236
layer_30.bin,decodeProtected,5,3,77 158 225 64 142 186 83 58
layer_31.bin,decodeProtected,5,3,95 34 240 152 233 88 3 59
layer_32.bin,decodeProtected,6,2,96 236 46 186 199 137 7 42
layer_33.bin,decodeProtected,4,4,151 72 11 28 87 58 232 209
layer_34.bin,decodeProtected,5,3,196 12 10 180 246 101 45 23
layer_35.bin,decodeProtected,6,2,129 153 202 14 16 220 0 11
layer_36.bin,decodeProtected,6,2,188 8 166 181 153 0 119 118
layer_37.bin,decodeProtected,6,2,199 103 22 31 95 160 158 219
layer_38.bin,decodeProtected,6,2,93 127 22 118 175 230 235 233
layer_39.bin,decodeProtected,4,4,68 241 9 70 16 23 95 10
layer_00.bin,decodeProtected,0,8,82 181 107 251 68 83 39 246
layer_01.bin,decodeProtected,0,8,135 35 222 79 134 92 89 9
layer_02.bin,decodeProtected,1,7,101 113 240 224 238 156 62 179
layer_03.bin,decodeProtected,1,7,42 107 147 85 105 134 131 164
layer_04.bin,decodeProtected,3,5,254 172 17 199 92 219 122 120
layer_05.bin,decodeProtected,5,3,174 29 18 159 147 58 160 95
layer_06.bin,decodeProtected,3,5,145 147 12 149 89 194 119 193
layer_07.bin,decodeProtected,7,1,195 13 22 142 136 75 57 11
layer_08.bin,decodeProtected,5,3,148 122 24 22 125 253 85 118
layer_09.bin,decodeProtected,5,3,99 217 214 194 200 15 143 230
layer_10.bin,decodeProtected,4,4,68 228 226 96 76 142 22 121
layer_11.bin,decodeProtected,4,4,64 253 249 215 69 92 25 181
layer_12.bin,decodeProtected,4,4,106 105 16 10 175 53 51 211
layer_13.bin,decodeProtected,4,4,164 34 208 26 216 149 146 242
layer_14.bin,decodeProtected,6,2,35 248 59 132 173 216 12 166
layer_15.bin,decodeProtected,6,2,90 150 120 139 53 145 126 138
layer_16.bin,decodeProtected,5,3,14 191 149 169 245 183 175 248
layer_17.bin,decodeProtected,6,2,69 26 25 217 99 51 65 74
layer_18.bin,decodeProtected,7,1,77 55 64 146 180 58 233 176
layer_19.bin,decodeProtected,6,2,186 237 129 34 95 54 221 135
layer_20.bin,decodeProtected,7,1,148 22 72 157 122 17 240 161
layer_21.bin,decodeProtected,7,1,99 217 71 214 134 148 228 37
layer_22.bin,decodeProtected,3,5,68 104 228 249 76 108 78 80
layer_23.bin,decodeProtected,3,5,64 28 239 224 181 58 253 249
layer_24.bin,decodeProtected,4,4,106 175 105 16 126 10 232 6
layer_25.bin,decodeProtected,2,6,164 149 255 242 208 200 57 216
layer_26.bin,decodeProtected,3,5,35 248 238 163 136 110 119 112
layer_27.bin,decodeProtected,4,4,139 225 241 53 138 255 70 145
layer_28.bin,decodeProtected,3,5,191 183 149 14 185 245 175 169
layer_29.bin,decodeProtected,5,3,69 26 65 1 101 79 99 188
layer_30.bin,decodeProtected,8,0,77 55 45 225 64 83 158 176
layer_31.bin,decodeProtected,7,1,237 95 186 240 88 248 3 59
layer_32.bin,decodeProtected,8,0,224 199 42 197 236 128 7 255
layer_33.bin,decodeProtected,3,5,72 179 201 156 217 206 28 57
layer_34.bin,decodeProtected,6,2,196 217 49 10 246 213 211 202
layer_35.bin,decodeProtected,5,3,129 210 14 224 202 58 142 16
layer_36.bin,decodeProtected,6,2,255 188 24 153 60 143 158 118
layer_37.bin,decodeProtected,6,2,50 219 22 158 199 103 20 213
layer_38.bin,decodeProtected,6,2,146 127 118 175 230 189 45 212
layer_39.bin,decodeProtected,7,1,85 177 203 70 13 10 30 116
layer_00.bin,decodeProtected,5,3,211 70 24 109 62 75 151 231
layer_01.bin,decodeProtected,1,7,193 236 226 22 85 228 186 238
layer_02.bin,decodeProtected,2,6,3 221 58 143 193 77 5 182
layer_03.bin,decodeProtected,4,4,167 243 42 56 132 78 79 107
layer_04.bin,decodeProtected,7,1,243 134 175 28 121 29 43 132
layer_05.bin,decodeProtected,5,3,164 58 60 0 210 91 180 237
layer_06.bin,decodeProtected,7,1,12 149 145 147 125 240 213 43
layer_07.bin,decodeProtected,8,0,38 13 142 175 246 75 57 185
layer_08.bin,decodeProtected,8,0,148 72 16 22 133 63 224 53
layer_09.bin,decodeProtected,7,1,99 1 134 253 58 143 243 44
layer_10.bin,decodeProtected,5,3,242 228 226 172 108 217 146 191
layer_11.bin,decodeProtected,4,4,218 117 97 225 93 230 197 10
layer_12.bin,decodeProtected,4,4,10 167 126 254 208 13 96 16
layer_13.bin,decodeProtected,6,2,83 19 45 208 212 14 1 13
layer_14.bin,decodeProtected,7,1,35 204 55 115 248 132 54 105
layer_15.bin,decodeProtected,6,2,227 150 139 126 147 90 255 225
layer_16.bin,decodeProtected,7,1,191 183 190 102 14 169 53 247
layer_17.bin,decodeProtected,5,3,69 62 214 217 98 1 51 185
layer_18.bin,decodeProtected,8,0,77 176 108 64 146 209 55 102
layer_19.bin,decodeProtected,6,2,186 85 95 212 221 99 129 194
layer_20.bin,decodeProtected,6,2,148 240 72 22 23 195 217 150
layer_21.bin,decodeProtected,8,0,99 1 71 98 214 128 254 228
layer_22.bin,decodeProtected,4,4,242 228 226 104 251 195 231 121
layer_23.bin,decodeProtected,7,1,218 93 117 253 19 63 28 59
layer_24.bin,decodeProtected,6,2,10 11 116 105 232 167 148 92
layer_25.bin,decodeProtected,6,2,83 230 1 208 183 71 216 254
layer_26.bin,decodeProtected,7,1,248 35 21 204 110 173 62 163
layer_27.bin,decodeProtected,6,2,139 28 90 0 145 227 150 45
layer_28.bin,decodeProtected,5,3,191 142 183 102 169 14 247 100
layer_29.bin,decodeProtected,5,3,69 1 62 188 74 98 21 120
layer_30.bin,decodeProtected,6,2,77 158 188 225 64 83 90 186
layer_31.bin,decodeProtected,6,2,85 95 152 54 88 186 59 199
layer_32.bin,decodeProtected,5,3,123 137 46 48 109 22 236 247
layer_33.bin,decodeProtected,5,3,72 102 139 95 107 224 28 68
layer_34.bin,decodeProtected,3,5,175 240 67 94 64 10 206 23
layer_35.bin,decodeProtected,5,3,129 94 85 5 202 14 2 187
layer_36.bin,decodeProtected,3,5,26 188 195 246 142 67 152 138
layer_37.bin,decodeProtected,4,4,95 43 199 22 173 60 103 135
layer_38.bin,decodeProtected,5,3,163 201 93 132 175 119 241 118
layer_39.bin,decodeProtected,3,5,138 246 1 122 215 99 17 203
layer_00.bin,decodeProtected,1,7,172 63 111 127 188 85 121 202
layer_01.bin,decodeProtected,2,6,43 198 107 141 193 66 29 17
layer_02.bin,decodeProtected,0,8,169 232 23 90 110 70 101 200
layer_03.bin,decodeProtected,2,6,42 116 20 55 171 92 200 191
layer_04.bin,decodeProtected,4,4,228 12 71 152 134 37 89 182
layer_05.bin,decodeProtected,4,4,169 58 0 146 95 56 18 11
layer_06.bin,decodeProtected,5,3,147 235 12 149 178 240 73 145
layer_07.bin,decodeProtected,4,4,240 13 172 56 108 185 11 187
layer_08.bin,decodeProtected,6,2,148 22 65 85 53 72 24 114
layer_09.bin,decodeProtected,4,4,239 99 96 245 229 194 143 67
layer_10.bin,decodeProtected,2,6,251 24 96 142 218 108 212 49
layer_11.bin,decodeProtected,1,7,114 241 130 69 180 112 192 226
layer_12.bin,decodeProtected,3,5,10 175 11 6 216 16 53 206
layer_13.bin,decodeProtected,3,5,1 34 242 83 216 70 209 141
layer_14.bin,decodeProtected,4,4,180 173 35 46 21 248 230 119
layer_15.bin,decodeProtected,5,3,150 53 90 221 2 111 225 0
layer_16.bin,decodeProtected,5,3,191 126 183 175 29 115 147 169
layer_17.bin,decodeProtected,3,5,69 74 247 165 234 208 188 217
layer_18.bin,decodeProtected,5,3,156 58 77 158 64 67 100 146
layer_19.bin,decodeProtected,4,4,186 54 233 34 123 254 133 127
layer_20.bin,decodeProtected,6,2,148 122 65 135 22 72 57 120
layer_21.bin,decodeProtected,6,2,239 99 96 245 228 214 143 71
layer_22.bin,decodeProtected,3,5,251 151 218 183 95 104 121 108
layer_23.bin,decodeProtected,4,4,114 241 130 239 181 11 126 253
layer_24.bin,decodeProtected,7,1,175 105 198 87 16 48 6 110
layer_25.bin,decodeProtected,7,1,34 1 162 242 208 91 216 183
layer_26.bin,decodeProtected,6,2,21 248 35 166 173 219 132 101
layer_27.bin,decodeProtected,5,3,139 0 138 90 44 190 141 45
layer_28.bin,decodeProtected,5,3,142 191 183 13 169 15 175 178
layer_29.bin,decodeProtected,5,3,69 74 177 218 2 244 165 161
layer_30.bin,decodeProtected,4,4,156 77 51 67 64 88 47 225
layer_31.bin,decodeProtected,6,2,54 186 95 152 248 240 19 28
layer_32.bin,decodeProtected,6,2,137 195 221 46 7 128 31 64
layer_33.bin,decodeProtected,4,4,72 217 121 96 97 94 37 55
layer_34.bin,decodeProtected,5,3,206 81 188 54 10 211 23 187
layer_35.bin,decodeProtected,5,3,196 129 202 16 181 40 14 75
layer_36.bin,decodeProtected,4,4,188 0 168 8 4 60 185 160
layer_37.bin,decodeProtected,5,3,198 95 229 199 84 22 103 20
layer_38.bin,decodeProtected,3,5,93 139 46 22 106 105 189 136
layer_39.bin,decodeProtected,5,3,68 23 16 108 241 21 36 39
layer_00.bin,decodeProtected,0,8,135 168 255 246 216 61 181 149
layer_01.bin,decodeProtected,2,6,221 48 193 192 40 234 54 207
layer_02.bin,decodeProtected,2,6,201 178 232 236 101 56 94 125
layer_03.bin,decodeProtected,3,5,15 42 46 200 41 0 29 134
layer_04.bin,decodeProtected,7,1,134 37 89 171 132 182 123 150
layer_05.bin,decodeProtected,5,3,95 213 82 58 0 128 160 122
layer_06.bin,decodeProtected,4,4,147 12 240 33 77 213 178 186
layer_07.bin,decodeProtected,7,1,13 240 61 11 22 142 217 185
layer_08.bin,decodeProtected,7,1,148 22 135 72 157 53 24 152
layer_09.bin,decodeProtected,7,1,99 245 239 194 143 253 229 243
layer_10.bin,decodeProtected,5,3,251 96 98 29 108 250 123 217
layer_11.bin,decodeProtected,2,6,11 241 46 58 226 72 45 24
layer_12.bin,decodeProtected,6,2,10 198 116 149 51 216 174 96
layer_13.bin,decodeProtected,7,1,34 208 83 162 45 1 42 114
layer_14.bin,decodeProtected,7,1,248 173 132 35 44 59 115 112
layer_15.bin,decodeProtected,7,1,90 139 145 206 221 249 3 0
layer_16.bin,decodeProtected,7,1,191 195 74 24 183 115 39 45
layer_17.bin,decodeProtected,5,3,69 8 244 210 114 73 51 1
layer_18.bin,decodeProtected,7,1,77 91 233 186 64 225 117 232
layer_19.bin,decodeProtected,6,2,59 95 211 212 171 115 88 135
layer_20.bin,decodeProtected,7,1,148 23 133 53 85 134 22 161
layer_21.bin,decodeProtected,7,1,99 207 1 166 229 143 223 199
layer_22.bin,decodeProtected,6,2,160 26 251 132 116 117 175 254
layer_23.bin,decodeProtected,5,3,80 170 54 162 202 223 149 241
layer_24.bin,decodeProtected,3,5,116 96 178 2 217 244 37 176
layer_25.bin,decodeProtected,5,3,208 83 183 165 98 250 120 76
layer_26.bin,decodeProtected,5,3,59 248 132 204 21 96 58 162
layer_27.bin,decodeProtected,7,1,206 139 169 3 38 0 1 145
layer_28.bin,decodeProtected,4,4,191 74 195 173 26 235 4 186
layer_29.bin,decodeProtected,7,1,69 150 1 98 151 2 93 245
layer_30.bin,decodeProtected,4,4,77 156 180 39 62 181 60 158
layer_31.bin,decodeProtected,3,5,154 54 166 134 98 169 255 38
layer_32.bin,decodeProtected,3,5,137 57 174 187 142 240 46 139
layer_33.bin,decodeProtected,2,6,152 206 30 72 231 240 172 247
layer_34.bin,decodeProtected,2,6,183 206 179 131 112 211 233 69
layer_35.bin,decodeProtected,5,3,129 181 196 40 54 34 194 11
layer_36.bin,decodeProtected,2,6,168 185 145 225 63 143 1 240
layer_37.bin,decodeProtected,2,6,198 239 248 229 117 111 107 171
layer_38.bin,decodeProtected,3,5,20 48 93 8 46 220 144 177
layer_39.bin,decodeProtected,1,7,240 42 55 113 200 39 227 6
layer_00.bin,decodeProtected,0,8,42 252 25 12 165 83 160 100
layer_01.bin,decodeProtected,4,4,221 48 60 193 145 240 153 171
layer_02.bin,decodeProtected,6,2,201 178 232 236 56 94 234 182
layer_03.bin,decodeProtected,5,3,15 22 42 40 201 0 13 134
layer_04.bin,decodeProtected,5,3,37 132 134 146 155 180 171 29
layer_05.bin,decodeProtected,6,2,213 95 58 82 128 0 31 148
layer_06.bin,decodeProtected,7,1,18 12 147 240 135 33 237 178
layer_07.bin,decodeProtected,8,0,240 61 11 13 175 187 81 22
layer_08.bin,decodeProtected,7,1,148 38 22 72 157 53 16 152
layer_09.bin,decodeProtected,6,2,99 243 20 229 245 253 149 254
layer_10.bin,decodeProtected,3,5,251 32 98 131 139 1 183 245
layer_11.bin,decodeProtected,2,6,241 216 77 117 79 4 17 120
layer_12.bin,decodeProtected,6,2,149 10 32 198 6 175 110 51
layer_13.bin,decodeProtected,8,0,34 1 83 42 208 162 45 211
layer_14.bin,decodeProtected,6,2,21 173 248 35 132 115 254 143
layer_15.bin,decodeProtected,4,4,221 0 90 139 93 64 119 79
layer_16.bin,decodeProtected,4,4,191 183 115 58 169 1 126 219
layer_17.bin,decodeProtected,6,2,69 225 217 74 58 2 215 121
layer_18.bin,decodeProtected,4,4,79 58 77 83 32 64 62 54
layer_19.bin,decodeProtected,5,3,54 186 49 63 133 34 254 99
layer_20.bin,decodeProtected,7,1,148 38 135 157 122 22 72 57
layer_21.bin,decodeProtected,7,1,99 71 170 214 199 58 239 143
layer_22.bin,decodeProtected,4,4,32 251 26 98 245 244 151 76
layer_23.bin,decodeProtected,2,6,241 72 77 156 120 199 48 19
layer_24.bin,decodeProtected,5,3,175 149 110 249 87 198 6 157
layer_25.bin,decodeProtected,7,1,1 34 91 183 242 162 94 212
layer_26.bin,decodeProtected,4,4,143 21 254 35 248 132 219 207
layer_27.bin,decodeProtected,3,5,221 51 139 119 0 64 70 90
layer_28.bin,decodeProtected,5,3,142 191 169 58 183 22 15 201
layer_29.bin,decodeProtected,5,3,69 177 225 74 14 162 2 228
layer_30.bin,decodeProtected,6,2,77 19 156 51 79 208 64 83
layer_31.bin,decodeProtected,5,3,54 95 186 149 152 248 2 83
layer_32.bin,decodeProtected,7,1,137 57 7 174 31 128 116 139
layer_33.bin,decodeProtected,8,0,152 72 240 206 247 59 162 231
layer_34.bin,decodeProtected,6,2,241 183 206 179 211 112 11 152
layer_35.bin,decodeProtected,7,1,170 129 196 16 14 40 11 202
layer_36.bin,decodeProtected,6,2,185 251 188 1 168 12 56 143
layer_37.bin,decodeProtected,5,3,248 198 151 117 219 81 156 111
layer_38.bin,decodeProtected,4,4,20 7 93 41 159 72 8 150
layer_39.bin,decodeProtected,6,2,74 240 55 222 108 129 201 6
layer_00.bin,decodeProtected,1,7,51 18 22 153 88 154 219 247
layer_01.bin,decodeProtected,1,7,169 116 15 87 223 60 6 41
layer_02.bin,decodeProtected,2,6,113 24 45 108 201 22 203 226
layer_03.bin,decodeProtected,2,6,189 98 15 97 27 139 160 42
layer_04.bin,decodeProtected,1,7,14 240 65 167 10 134 219 82
layer_05.bin,decodeProtected,4,4,67 31 95 213 254 185 173 82
layer_06.bin,decodeProtected,5,3,147 18 135 129 98 33 204 186
layer_07.bin,decodeProtected,5,3,240 61 66 11 44 13 217 172
layer_08.bin,decodeProtected,7,1,33 148 22 135 85 149 157 38
layer_09.bin,decodeProtected,4,4,132 245 99 240 143 229 231 60
layer_10.bin,decodeProtected,6,2,251 95 248 108 32 26 98 220
layer_11.bin,decodeProtected,4,4,36 241 11 76 72 216 5 156
layer_12.bin,decodeProtected,6,2,203 242 198 149 110 32 105 6
layer_13.bin,decodeProtected,6,2,1 33 42 179 242 216 67 162
layer_14.bin,decodeProtected,6,2,21 147 173 248 143 107 207 132
layer_15.bin,decodeProtected,6,2,221 0 64 177 90 150 104 240
layer_16.bin,decodeProtected,8,0,156 183 191 169 243 115 151 178
layer_17.bin,decodeProtected,4,4,69 110 216 173 162 120 2 234
layer_18.bin,decodeProtected,3,5,128 112 58 67 77 172 19 156
layer_19.bin,decodeProtected,6,2,54 186 12 38 34 120 249 123
layer_20.bin,decodeProtected,7,1,122 135 148 33 22 38 157 75
layer_21.bin,decodeProtected,4,4,132 99 210 240 245 170 214 246
layer_22.bin,decodeProtected,3,5,95 182 118 251 32 189 104 26
layer_23.bin,decodeProtected,5,3,241 36 136 72 11 82 76 181
layer_24.bin,decodeProtected,6,2,242 105 198 87 102 195 110 16
layer_25.bin,decodeProtected,4,4,242 209 1 233 91 149 121 128
layer_26.bin,decodeProtected,6,2,21 143 142 254 197 166 62 207
layer_27.bin,decodeProtected,5,3,51 139 240 221 190 64 70 55
layer_28.bin,decodeProtected,4,4,175 183 177 142 169 29 156 235
layer_29.bin,decodeProtected,6,2,69 110 177 74 119 162 228 244
layer_30.bin,decodeProtected,6,2,128 19 67 156 112 77 51 64
layer_31.bin,decodeProtected,6,2,54 95 186 152 12 248 169 134
layer_32.bin,decodeProtected,5,3,238 7 137 174 158 113 210 139
layer_33.bin,decodeProtected,6,2,240 206 73 231 72 41 59 87
layer_34.bin,decodeProtected,7,1,206 183 97 112 161 211 4 34
layer_35.bin,decodeProtected,8,0,129 196 170 202 11 16 14 194
layer_36.bin,decodeProtected,5,3,188 168 102 181 171 99 56 64
layer_37.bin,decodeProtected,8,0,198 95 156 219 248 165 103 199
layer_38.bin,decodeProtected,4,4,93 159 233 241 43 196 5 209
layer_39.bin,decodeProtected,4,4,113 21 45 235 10 222 22 136
layer_00.bin,decodeProtected,0,8,255 168 246 181 34 135 149 216
layer_01.bin,decodeProtected,1,7,173 148 216 105 159 136 137 207
layer_02.bin,decodeProtected,4,4,113 76 108 16 24 61 1 222
layer_03.bin,decodeProtected,2,6,244 27 12 85 161 237 49 162
layer_04.bin,decodeProtected,3,5,97 184 87 219 69 21 240 134
layer_05.bin,decodeProtected,1,7,143 25 200 215 57 244 162 247
layer_06.bin,decodeProtected,2,6,12 254 21 139 78 127 163 199
layer_07.bin,decodeProtected,6,2,142 175 245 185 148 194 57 13
layer_08.bin,decodeProtected,7,1,148 72 133 91 187 59 53 123
layer_09.bin,decodeProtected,5,3,99 1 134 207 63 201 229 248
layer_10.bin,decodeProtected,3,5,176 79 116 217 78 243 23 144
layer_11.bin,decodeProtected,5,3,42 135 58 45 12 181 239 204
layer_12.bin,decodeProtected,6,2,10 116 96 176 51 126 21 30
layer_13.bin,decodeProtected,6,2,45 83 34 208 212 183 118 236
layer_14.bin,decodeProtected,8,0,204 248 132 44 173 54 21 115
layer_15.bin,decodeProtected,6,2,90 227 145 139 147 235 14 74
layer_16.bin,decodeProtected,7,1,191 74 24 195 117 172 183 228
layer_17.bin,decodeProtected,6,2,69 8 1 98 196 217 233 99
layer_18.bin,decodeProtected,7,1,77 91 64 117 225 224 97 73
layer_19.bin,decodeProtected,7,1,212 95 59 88 129 142 115 127
layer_20.bin,decodeProtected,7,1,148 240 23 133 134 53 72 1
layer_21.bin,decodeProtected,4,4,207 1 99 37 138 229 174 88
layer_22.bin,decodeProtected,6,2,116 160 207 132 34 149 120 53
layer_23.bin,decodeProtected,3,5,80 181 54 253 30 57 17 44
layer_24.bin,decodeProtected,5,3,116 10 176 7 36 94 134 16
layer_25.bin,decodeProtected,6,2,83 45 222 208 212 183 254 120
layer_26.bin,decodeProtected,7,1,204 44 248 59 21 96 132 115
layer_27.bin,decodeProtected,8,0,3 169 206 139 227 177 145 90
layer_28.bin,decodeProtected,5,3,74 191 117 228 72 129 45 169
layer_29.bin,decodeProtected,6,2,150 1 69 98 204 216 89 152
layer_30.bin,decodeProtected,6,2,77 91 176 97 225 175 182 64
layer_31.bin,decodeProtected,6,2,212 67 95 59 88 132 206 196
layer_32.bin,decodeProtected,6,2,33 47 255 236 63 117 208 156
layer_33.bin,decodeProtected,4,4,192 72 198 81 146 237 177 234
layer_34.bin,decodeProtected,4,4,16 246 10 15 164 5 225 243
layer_35.bin,decodeProtected,7,1,14 202 36 16 167 180 136 129
layer_36.bin,decodeProtected,5,3,188 153 110 134 60 118 78 245
layer_37.bin,decodeProtected,7,1,239 248 124 103 199 163 238 22
layer_38.bin,decodeProtected,6,2,20 103 175 93 241 230 5 166
layer_39.bin,decodeProtected,4,4,42 200 240 235 136 227 175 55
layer_00.bin,decodeProtected,0,8,252 25 42 205 12 89 100 165
layer_01.bin,decodeProtected,2,6,173 60 154 98 230 53 6 240
layer_02.bin,decodeProtected,7,1,113 24 61 76 108 16 45 201
layer_03.bin,decodeProtected,3,5,189 15 164 22 139 0 13 109
layer_04.bin,decodeProtected,2,6,203 219 134 22 250 188 180 231
layer_05.bin,decodeProtected,3,5,213 95 82 128 58 31 4 13
layer_06.bin,decodeProtected,6,2,18 147 240 54 12 135 102 152
layer_07.bin,decodeProtected,5,3,61 240 11 13 66 187 193 88
layer_08.bin,decodeProtected,8,0,148 135 22 157 53 85 152 72
layer_09.bin,decodeProtected,6,2,99 58 253 243 143 90 229 101
layer_10.bin,decodeProtected,4,4,251 98 139 217 74 26 162 37
layer_11.bin,decodeProtected,3,5,136 72 241 77 199 54 251 120
layer_12.bin,decodeProtected,6,2,203 242 32 149 10 115 198 110
layer_13.bin,decodeProtected,7,1,34 162 208 83 242 1 136 94
layer_14.bin,decodeProtected,7,1,173 21 171 248 115 132 143 254
layer_15.bin,decodeProtected,7,1,221 90 139 0 64 79 151 119
layer_16.bin,decodeProtected,6,2,191 115 169 1 183 175 201 219
layer_17.bin,decodeProtected,7,1,69 119 162 51 74 217 145 244
layer_18.bin,decodeProtected,6,2,172 79 77 58 180 151 72 66
layer_19.bin,decodeProtected,4,4,186 249 54 49 23 95 144 63
layer_20.bin,decodeProtected,5,3,148 157 135 243 22 50 72 89
layer_21.bin,decodeProtected,5,3,99 58 210 246 214 134 160 199
layer_22.bin,decodeProtected,4,4,121 98 118 104 231 189 251 245
layer_23.bin,decodeProtected,3,5,72 136 241 28 199 169 73 126
layer_24.bin,decodeProtected,8,0,102 115 242 149 175 157 105 166
layer_25.bin,decodeProtected,7,1,242 34 1 0 183 91 94 162
layer_26.bin,decodeProtected,7,1,143 171 21 35 0 248 173 88
layer_27.bin,decodeProtected,7,1,51 139 79 0 119 151 138 55
layer_28.bin,decodeProtected,6,2,175 201 191 183 177 169 142 235
layer_29.bin,decodeProtected,6,2,69 74 162 119 177 58 244 228
layer_30.bin,decodeProtected,8,0,19 77 64 151 156 66 158 225
layer_31.bin,decodeProtected,7,1,249 95 83 186 54 3 240 88
layer_32.bin,decodeProtected,5,3,148 7 236 197 116 1 31 139
layer_33.bin,decodeProtected,5,3,59 206 152 247 72 18 240 198
layer_34.bin,decodeProtected,6,2,183 241 45 11 10 206 211 246
layer_35.bin,decodeProtected,7,1,129 196 14 202 16 11 116 128
layer_36.bin,decodeProtected,3,5,251 188 99 61 217 143 106 151
layer_37.bin,decodeProtected,8,0,248 117 103 22 219 199 186 213
layer_38.bin,decodeProtected,5,3,20 124 93 7 47 149 175 127
layer_39.bin,decodeProtected,6,2,55 203 74 240 222 166 77 136
layer_00.bin,decodeProtected,2,6,154 219 211 62 1 23 223 48
layer_01.bin,decodeProtected,3,5,116 6 101 193 15 4 41 30
layer_02.bin,decodeProtected,5,3,201 113 24 180 143 45 182 96
layer_03.bin,decodeProtected,7,1,15 189 22 197 201 72 209 213
layer_04.bin,decodeProtected,7,1,10 134 44 219 180 221 148 175
layer_05.bin,decodeProtected,4,4,164 95 82 58 185 252 29 12
layer_06.bin,decodeProtected,7,1,18 147 240 33 54 39 12 125
layer_07.bin,decodeProtected,7,1,240 13 38 11 245 169 108 57
layer_08.bin,decodeProtected,7,1,148 22 135 50 16 72 24 243
layer_09.bin,decodeProtected,7,1,99 58 221 210 134 243 1 166
layer_10.bin,decodeProtected,3,5,213 95 121 104 251 98 162 49
layer_11.bin,decodeProtected,4,4,205 72 5 136 241 148 75 218
layer_12.bin,decodeProtected,5,3,203 254 10 149 175 184 32 102
layer_13.bin,decodeProtected,7,1,242 34 1 149 209 83 208 162
layer_14.bin,decodeProtected,5,3,177 173 57 166 248 254 35 41
layer_15.bin,decodeProtected,4,4,221 117 90 225 139 69 53 177
layer_16.bin,decodeProtected,4,4,175 191 115 177 193 126 169 223
layer_17.bin,decodeProtected,6,2,69 74 51 162 217 144 247 125
layer_18.bin,decodeProtected,7,1,172 151 77 99 58 156 72 19
layer_19.bin,decodeProtected,7,1,186 249 114 144 85 54 129 189
layer_20.bin,decodeProtected,5,3,148 89 72 22 57 40 36 88
layer_21.bin,decodeProtected,4,4,99 98 214 134 210 84 79 55
layer_22.bin,decodeProtected,5,3,121 104 80 95 189 245 142 1
layer_23.bin,decodeProtected,4,4,72 241 75 203 28 123 136 116
layer_24.bin,decodeProtected,5,3,175 105 32 254 158 149 232 11
layer_25.bin,decodeProtected,8,0,242 34 183 91 162 19 71 208
layer_26.bin,decodeProtected,6,2,21 248 173 35 203 132 222 101
layer_27.bin,decodeProtected,4,4,39 139 0 28 141 138 20 6
layer_28.bin,decodeProtected,5,3,191 175 183 102 181 115 195 204
layer_29.bin,decodeProtected,7,1,69 58 21 119 1 132 74 99
layer_30.bin,decodeProtected,6,2,77 142 225 90 64 19 91 71
layer_31.bin,decodeProtected,7,1,95 88 240 59 186 218 85 152
layer_32.bin,decodeProtected,6,2,148 236 186 96 123 215 140 128
layer_33.bin,decodeProtected,7,1,86 95 132 28 238 102 58 133
layer_34.bin,decodeProtected,8,0,45 183 10 240 180 252 101 44
layer_35.bin,decodeProtected,7,1,129 153 235 196 218 191 202 14
layer_36.bin,decodeProtected,5,3,115 188 143 64 151 47 93 39
layer_37.bin,decodeProtected,6,2,163 229 101 123 16 76 80 169
layer_38.bin,decodeProtected,5,3,93 119 169 143 115 176 96 35
layer_39.bin,decodeProtected,3,5,75 235 122 117 6 164 179 173
layer_00.bin,decodeProtected,1,7,97 166 142 113 123 205 150 210
layer_01.bin,decodeProtected,2,6,34 199 26 59 132 11 62 187
layer_02.bin,decodeProtected,3,5,59 210 90 146 180 17 227 226
layer_03.bin,decodeProtected,3,5,31 42 211 37 135 46 84 107
layer_04.bin,decodeProtected,1,7,161 17 167 131 13 102 251 170
layer_05.bin,decodeProtected,1,7,161 10 14 204 186 104 51 6
layer_06.bin,decodeProtected,6,2,147 54 167 18 135 243 33 178
layer_07.bin,decodeProtected,5,3,40 172 185 91 23 13 240 108
layer_08.bin,decodeProtected,4,4,148 89 85 7 212 36 24 56
layer_09.bin,decodeProtected,6,2,39 99 94 29 229 9 143 115
layer_10.bin,decodeProtected,6,2,142 26 96 248 251 1 121 130
layer_11.bin,decodeProtected,5,3,203 241 17 136 72 216 20 5
layer_12.bin,decodeProtected,7,1,10 149 32 203 160 198 51 12
layer_13.bin,decodeProtected,8,0,29 1 211 34 208 183 45 5
layer_14.bin,decodeProtected,6,2,173 21 248 132 104 35 41 200
layer_15.bin,decodeProtected,6,2,221 0 65 90 39 79 177 139
layer_16.bin,decodeProtected,7,1,115 191 183 243 186 24 169 223
layer_17.bin,decodeProtected,5,3,69 58 132 213 51 210 125 99
layer_18.bin,decodeProtected,6,2,90 58 77 172 83 176 148 233
layer_19.bin,decodeProtected,6,2,199 153 186 88 115 249 95 243
layer_20.bin,decodeProtected,7,1,148 72 85 57 195 89 23 65
layer_21.bin,decodeProtected,7,1,39 99 217 170 1 79 214 166
layer_22.bin,decodeProtected,5,3,83 62 121 207 245 104 44 142
layer_23.bin,decodeProtected,6,2,203 241 42 239 216 72 75 95
layer_24.bin,decodeProtected,7,1,116 149 10 105 175 32 160 43
layer_25.bin,decodeProtected,7,1,34 183 45 29 5 211 208 162
layer_26.bin,decodeProtected,6,2,173 248 21 204 35 73 132 42
layer_27.bin,decodeProtected,5,3,65 139 0 39 14 36 221 145
layer_28.bin,decodeProtected,6,2,191 183 13 115 168 181 195 24
layer_29.bin,decodeProtected,5,3,69 58 1 132 213 204 172 222
layer_30.bin,decodeProtected,8,0,77 225 71 142 64 91 51 90
layer_31.bin,decodeProtected,6,2,95 240 130 88 59 186 115 218
layer_32.bin,decodeProtected,6,2,236 96 148 186 113 128 99 247
layer_33.bin,decodeProtected,6,2,190 86 28 232 58 107 238 72
layer_34.bin,decodeProtected,6,2,88 252 10 180 45 101 161 56
layer_35.bin,decodeProtected,7,1,129 153 235 14 218 202 11 111
layer_36.bin,decodeProtected,5,3,207 188 181 143 152 8 120 29
layer_37.bin,decodeProtected,4,4,163 31 22 143 190 161 67 250
layer_38.bin,decodeProtected,5,3,93 73 71 198 196 143 139 118
layer_39.bin,decodeProtected,3,5,241 9 68 248 92 1 6 225
layer_00.bin,decodeProtected,1,7,57 56 165 66 6 59 127 110
layer_01.bin,decodeProtected,3,5,199 250 158 73 128 242 189 170
layer_02.bin,decodeProtected,1,7,238 134 234 198 239 64 87 127
layer_03.bin,decodeProtected,1,7,171 70 55 76 121 137 134 194
layer_04.bin,decodeProtected,1,7,254 17 74 138 122 39 106 182
layer_05.bin,decodeProtected,1,7,249 11 161 169 29 24 160 159
layer_06.bin,decodeProtected,1,7,166 164 90 194 43 137 11 160
layer_07.bin,decodeProtected,5,3,40 56 22 172 185 250 142 206
layer_08.bin,decodeProtected,4,4,148 120 85 65 24 125 36 42
layer_09.bin,decodeProtected,3,5,148 96 217 99 151 207 118 230
layer_10.bin,decodeProtected,2,6,24 46 252 189 0 82 104 84
layer_11.bin,decodeProtected,2,6,210 203 93 247 75 82 92 40
layer_12.bin,decodeProtected,3,5,105 43 190 10 6 16 197 84
layer_13.bin,decodeProtected,2,6,34 116 183 155 84 38 70 235
layer_14.bin,decodeProtected,5,3,213 180 234 173 21 248 41 59
layer_15.bin,decodeProtected,5,3,221 39 0 203 90 20 139 108
layer_16.bin,decodeProtected,7,1,223 191 181 183 195 180 186 24
layer_17.bin,decodeProtected,7,1,69 1 218 58 51 99 132 104
layer_18.bin,decodeProtected,6,2,77 58 90 225 176 38 188 233
layer_19.bin,decodeProtected,8,0,199 88 186 95 153 129 59 115
layer_20.bin,decodeProtected,5,3,148 65 120 225 85 72 21 118
layer_21.bin,decodeProtected,6,2,148 99 143 96 1 214 231 228
layer_22.bin,decodeProtected,5,3,24 46 104 252 249 132 11 245
layer_23.bin,decodeProtected,3,5,210 203 239 93 92 75 82 123
layer_24.bin,decodeProtected,6,2,105 116 10 43 190 149 92 16
layer_25.bin,decodeProtected,8,0,34 183 45 242 83 5 91 29
layer_26.bin,decodeProtected,8,0,204 21 248 173 35 73 132 165
layer_27.bin,decodeProtected,6,2,203 139 0 39 108 14 151 227
layer_28.bin,decodeProtected,6,2,191 183 13 181 195 204 161 169
layer_29.bin,decodeProtected,6,2,69 58 1 132 104 214 222 218
layer_30.bin,decodeProtected,7,1,77 188 71 142 225 64 91 51
layer_31.bin,decodeProtected,7,1,95 240 199 186 88 59 152 218
layer_32.bin,decodeProtected,4,4,221 48 102 236 246 254 128 156
layer_33.bin,decodeProtected,4,4,96 224 107 121 28 151 72 58
layer_34.bin,decodeProtected,4,4,208 175 10 64 67 252 211 202
layer_35.bin,decodeProtected,6,2,94 129 85 5 2 235 202 14
layer_36.bin,decodeProtected,3,5,188 195 246 152 67 117 143 51
layer_37.bin,decodeProtected,5,3,56 43 22 163 161 135 67 103
layer_38.bin,decodeProtected,4,4,195 163 201 127 118 234 175 143
layer_39.bin,decodeProtected,3,5,246 138 1 215 92 203 250 127
layer_00.bin,decodeProtected,3,5,102 122 194 228 57 84 14 88
layer_01.bin,decodeProtected,3,5,29 72 37 255 132 128 65 193
layer_02.bin,decodeProtected,5,3,238 134 234 15 239 64 169 80
layer_03.bin,decodeProtected,3,5,116 199 171 20 55 203 51 214
layer_04.bin,decodeProtected,5,3,254 54 12 215 74 17 138 116
layer_05.bin,decodeProtected,5,3,11 249 169 161 65 100 212 245
layer_06.bin,decodeProtected,4,4,166 73 136 42 135 182 43 61
layer_07.bin,decodeProtected,7,1,40 32 56 185 161 250 187 142
layer_08.bin,decodeProtected,7,1,120 148 85 116 65 56 180 142
layer_09.bin,decodeProtected,8,0,148 99 151 207 9 156 143 98
layer_10.bin,decodeProtected,7,1,46 24 252 218 104 26 84 82
layer_11.bin,decodeProtected,6,2,19 114 210 203 93 241 66 40
layer_12.bin,decodeProtected,4,4,206 190 11 10 105 252 197 224
layer_13.bin,decodeProtected,8,0,38 34 5 84 183 103 116 29
layer_14.bin,decodeProtected,6,2,180 234 173 213 223 46 21 248
layer_15.bin,decodeProtected,8,0,221 0 39 90 36 139 206 20
layer_16.bin,decodeProtected,7,1,137 191 13 223 183 180 169 115
layer_17.bin,decodeProtected,7,1,69 132 51 218 58 244 198 86
layer_18.bin,decodeProtected,7,1,77 188 58 176 29 64 83 102
layer_19.bin,decodeProtected,4,4,91 186 95 233 243 152 129 208
layer_20.bin,decodeProtected,8,0,120 148 161 72 57 22 53 65
layer_21.bin,decodeProtected,8,0,99 148 134 151 228 72 71 143
layer_22.bin,decodeProtected,8,0,24 46 104 80 121 249 252 189
layer_23.bin,decodeProtected,6,2,210 114 75 239 241 203 78 19
layer_24.bin,decodeProtected,7,1,105 190 254 206 116 139 10 92
layer_25.bin,decodeProtected,7,1,38 34 183 208 162 91 250 5
layer_26.bin,decodeProtected,7,1,248 21 35 132 222 101 173 252
layer_27.bin,decodeProtected,7,1,139 203 0 39 90 206 138 20
layer_28.bin,decodeProtected,7,1,191 13 183 137 169 195 237 142
layer_29.bin,decodeProtected,8,0,69 218 58 104 1 151 204 132
layer_30.bin,decodeProtected,8,0,77 188 51 142 64 83 225 176
layer_31.bin,decodeProtected,6,2,95 194 240 152 186 28 59 88
layer_32.bin,decodeProtected,8,0,221 102 236 7 48 128 31 254
layer_33.bin,decodeProtected,5,3,168 121 96 224 72 28 205 55
layer_34.bin,decodeProtected,6,2,208 81 15 55 211 64 10 67
layer_35.bin,decodeProtected,6,2,99 129 39 202 235 11 14 167
layer_36.bin,decodeProtected,8,0,188 49 195 117 152 78 23 51
layer_37.bin,decodeProtected,5,3,15 193 22 103 7 219 163 199
layer_38.bin,decodeProtected,6,2,127 139 118 189 230 143 106 93
layer_39.bin,decodeProtected,3,5,45 72 203 244 183 250 161 190
layer_00.bin,decodeProtected,1,7,180 46 212 218 65 4 63 122
layer_01.bin,decodeProtected,4,4,29 255 126 111 63 251 211 221
layer_02.bin,decodeProtected,4,4,234 238 110 15 23 212 236 134
layer_03.bin,decodeProtected,4,4,30 55 177 214 95 20 58 169
layer_04.bin,decodeProtected,3,5,37 12 239 152 164 228 71 74
layer_05.bin,decodeProtected,3,5,254 67 100 18 11 12 14 169
layer_06.bin,decodeProtected,7,1,178 136 166 2 125 73 42 61
layer_07.bin,decodeProtected,8,0,56 40 161 185 187 142 158 57
layer_08.bin,decodeProtected,6,2,148 120 85 65 246 53 22 186
layer_09.bin,decodeProtected,6,2,99 207 240 166 229 14 96 143
layer_10.bin,decodeProtected,4,4,24 46 1 218 17 114 252 31
layer_11.bin,decodeProtected,5,3,17 241 114 210 109 75 49 170
layer_12.bin,decodeProtected,7,1,206 190 10 110 252 11 149 116
layer_13.bin,decodeProtected,7,1,38 34 208 183 5 185 83 91
layer_14.bin,decodeProtected,7,1,173 248 46 222 21 132 223 200
layer_15.bin,decodeProtected,7,1,221 0 39 90 206 44 139 150
layer_16.bin,decodeProtected,6,2,191 13 195 183 99 162 137 138
layer_17.bin,decodeProtected,7,1,69 244 51 132 210 8 58 157
layer_18.bin,decodeProtected,7,1,188 77 58 83 233 64 176 30
layer_19.bin,decodeProtected,5,3,91 233 186 152 95 28 125 248
layer_20.bin,decodeProtected,8,0,148 120 65 72 57 161 22 53
layer_21.bin,decodeProtected,7,1,99 240 134 148 143 96 228 156
layer_22.bin,decodeProtected,3,5,104 24 17 1 46 218 101 44
layer_23.bin,decodeProtected,5,3,114 210 181 17 40 109 241 75
layer_24.bin,decodeProtected,7,1,92 105 190 16 10 175 206 218
layer_25.bin,decodeProtected,6,2,38 34 183 208 5 91 227 27
layer_26.bin,decodeProtected,5,3,248 35 119 21 132 244 55 222
layer_27.bin,decodeProtected,7,1,139 44 0 39 203 151 206 141
layer_28.bin,decodeProtected,5,3,13 191 183 186 162 137 169 60
layer_29.bin,decodeProtected,4,4,69 157 58 213 49 216 151 99
layer_30.bin,decodeProtected,8,0,77 51 83 176 188 151 64 199
layer_31.bin,decodeProtected,7,1,194 95 152 240 238 28 186 248
layer_32.bin,decodeProtected,6,2,221 116 75 102 236 128 7 211
layer_33.bin,decodeProtected,6,2,168 182 72 121 224 28 96 67
layer_34.bin,decodeProtected,6,2,205 81 55 208 211 10 64 250
layer_35.bin,decodeProtected,7,1,129 39 99 202 14 11 56 183
layer_36.bin,decodeProtected,6,2,49 188 143 117 63 176 51 55
layer_37.bin,decodeProtected,6,2,15 193 219 7 179 207 186 22
layer_38.bin,decodeProtected,7,1,93 106 230 189 47 70 139 127
layer_39.bin,decodeProtected,6,2,72 45 244 203 134 183 114 224
layer_00.bin,decodeProtected,2,6,50 62 234 41 2 92 27 152
layer_01.bin,decodeProtected,4,4,126 178 29 221 193 175 230 8
layer_02.bin,decodeProtected,6,2,127 212 110 234 94 150 92 15
layer_03.bin,decodeProtected,7,1,243 213 155 22 15 137 201 255
layer_04.bin,decodeProtected,7,1,239 134 164 149 37 152 29 43
layer_05.bin,decodeProtected,6,2,164 60 82 95 42 58 91 136
layer_06.bin,decodeProtected,6,2,136 178 125 12 152 2 62 98
layer_07.bin,decodeProtected,6,2,142 161 13 155 57 75 3 132
layer_08.bin,decodeProtected,8,0,148 22 16 72 53 63 121 50
layer_09.bin,decodeProtected,8,0,99 134 58 1 143 166 86 243
layer_10.bin,decodeProtected,5,3,104 1 233 95 11 146 116 117
layer_11.bin,decodeProtected,5,3,97 241 17 116 202 170 137 134
layer_12.bin,decodeProtected,7,1,10 110 190 119 185 96 149 21
layer_13.bin,decodeProtected,7,1,185 34 208 83 183 136 227 19
layer_14.bin,decodeProtected,8,0,248 35 21 173 132 54 252 115
layer_15.bin,decodeProtected,7,1,139 117 90 221 44 145 206 227
layer_16.bin,decodeProtected,4,4,191 193 230 169 183 195 186 93
layer_17.bin,decodeProtected,6,2,69 49 51 244 210 216 8 33
layer_18.bin,decodeProtected,7,1,77 151 233 99 176 141 64 83
layer_19.bin,decodeProtected,4,4,60 186 95 238 6 248 142 129
layer_20.bin,decodeProtected,6,2,148 72 217 22 89 199 133 36
layer_21.bin,decodeProtected,5,3,99 98 58 214 84 1 141 71
layer_22.bin,decodeProtected,6,2,104 233 207 216 1 189 46 0
layer_23.bin,decodeProtected,2,6,116 59 123 28 152 92 97 170
layer_24.bin,decodeProtected,6,2,119 128 92 10 32 116 149 232
layer_25.bin,decodeProtected,5,3,34 97 183 19 119 227 83 70
layer_26.bin,decodeProtected,5,3,173 248 234 21 204 132 218 42
layer_27.bin,decodeProtected,7,1,0 44 39 139 145 14 227 74
layer_28.bin,decodeProtected,6,2,191 183 196 193 230 168 115 102
layer_29.bin,decodeProtected,7,1,58 61 49 69 1 88 21 94
layer_30.bin,decodeProtected,6,2,225 77 162 91 83 64 232 58
layer_31.bin,decodeProtected,6,2,95 88 59 34 183 240 152 115
layer_32.bin,decodeProtected,5,3,125 146 236 179 161 140 3 109
layer_33.bin,decodeProtected,4,4,181 104 189 132 28 86 36 87
layer_34.bin,decodeProtected,5,3,44 227 238 10 109 62 250 5
layer_35.bin,decodeProtected,7,1,148 129 74 190 235 14 202 21
layer_36.bin,decodeProtected,5,3,115 227 39 188 143 14 19 147
layer_37.bin,decodeProtected,7,1,27 78 163 229 101 22 169 16
layer_38.bin,decodeProtected,5,3,169 251 119 93 215 175 46 143
layer_39.bin,decodeProtected,4,4,231 122 117 75 158 31 129 179
layer_00.bin,decodeProtected,0,8,123 249 229 196 105 216 7 100
layer_01.bin,decodeProtected,4,4,225 150 231 27 155 216 11 93
layer_02.bin,decodeProtected,2,6,4 162 17 227 103 163 210 26
layer_03.bin,decodeProtected,3,5,187 152 133 235 31 37 231 84
layer_04.bin,decodeProtected,5,3,13 236 142 167 108 102 222 191
layer_05.bin,decodeProtected,2,6,104 193 161 204 186 6 112 253
layer_06.bin,decodeProtected,7,1,167 153 178 61 43 107 2 125
layer_07.bin,decodeProtected,6,2,29 23 185 187 57 196 108 142
layer_08.bin,decodeProtected,5,3,89 234 148 85 56 116 137 117
layer_09.bin,decodeProtected,5,3,29 94 164 99 228 118 207 83
layer_10.bin,decodeProtected,6,2,169 130 248 1 26 198 224 216
layer_11.bin,decodeProtected,4,4,189 241 161 185 17 216 107 172
layer_12.bin,decodeProtected,8,0,10 149 63 26 116 74 32 15
layer_13.bin,decodeProtected,7,1,43 147 45 97 183 208 29 34
layer_14.bin,decodeProtected,6,2,173 20 124 248 86 21 184 51
layer_15.bin,decodeProtected,7,1,81 0 221 90 200 147 92 213
layer_16.bin,decodeProtected,7,1,115 5 196 191 243 183 151 117
layer_17.bin,decodeProtected,5,3,69 172 250 61 76 58 51 1
layer_18.bin,decodeProtected,5,3,0 77 58 179 187 57 50 83
layer_19.bin,decodeProtected,7,1,130 6 109 205 163 115 88 243
layer_20.bin,decodeProtected,7,1,234 148 89 85 26 195 115 36
layer_21.bin,decodeProtected,5,3,29 164 94 126 79 62 99 170
layer_22.bin,decodeProtected,2,6,169 198 130 113 83 212 23 22
layer_23.bin,decodeProtected,2,6,189 161 241 216 196 17 95 233
layer_24.bin,decodeProtected,8,0,63 149 26 74 10 160 128 32
layer_25.bin,decodeProtected,7,1,43 147 45 97 183 2 34 254
layer_26.bin,decodeProtected,6,2,173 20 124 148 86 184 95 248
layer_27.bin,decodeProtected,7,1,200 0 81 139 145 90 14 147
layer_28.bin,decodeProtected,6,2,133 191 168 115 196 5 183 204
layer_29.bin,decodeProtected,7,1,58 76 69 250 172 61 125 1
layer_30.bin,decodeProtected,5,3,77 179 225 187 58 38 0 205
layer_31.bin,decodeProtected,6,2,95 205 109 115 88 4 150 148
layer_32.bin,decodeProtected,4,4,98 99 236 49 181 198 161 124
layer_33.bin,decodeProtected,5,3,86 126 238 87 28 218 113 64
layer_34.bin,decodeProtected,6,2,84 62 96 10 207 180 252 203
layer_35.bin,decodeProtected,6,2,235 129 153 160 47 57 130 203
layer_36.bin,decodeProtected,5,3,70 217 120 181 29 188 75 31
layer_37.bin,decodeProtected,7,1,163 65 31 190 58 182 144 123
layer_38.bin,decodeProtected,7,1,92 71 148 118 93 143 237 18
layer_39.bin,decodeProtected,7,1,2 248 189 69 38 92 70 217
layer_00.bin,decodeProtected,3,5,235 141 221 115 253 125 47 158
layer_01.bin,decodeProtected,6,2,182 93 155 244 152 11 197 68
layer_02.bin,decodeProtected,5,3,10 57 103 145 34 121 53 128
layer_03.bin,decodeProtected,4,4,190 162 12 187 143 252 37 158
layer_04.bin,decodeProtected,7,1,236 142 95 67 222 144 81 108
layer_05.bin,decodeProtected,8,0,90 188 47 43 193 65 135 205
layer_06.bin,decodeProtected,7,1,153 215 43 60 138 167 173 196
layer_07.bin,decodeProtected,8,0,185 23 117 78 229 29 147 176
layer_08.bin,decodeProtected,8,0,116 180 239 234 133 99 4 56
layer_09.bin,decodeProtected,8,0,191 116 126 164 255 161 2 239
layer_10.bin,decodeProtected,6,2,125 65 169 198 247 185 36 25
layer_11.bin,decodeProtected,6,2,108 128 160 206 189 86 107 233
layer_12.bin,decodeProtected,7,1,128 93 74 1 85 145 15 63
layer_13.bin,decodeProtected,7,1,134 182 154 147 32 93 202 118
layer_14.bin,decodeProtected,8,0,88 51 137 148 32 64 189 86
layer_15.bin,decodeProtected,8,0,162 242 58 148 165 200 87 204
layer_16.bin,decodeProtected,5,3,238 28 133 35 51 80 43 205
layer_17.bin,decodeProtected,7,1,89 87 0 15 250 211 198 76
layer_18.bin,decodeProtected,6,2,134 43 161 127 13 204 179 163
layer_19.bin,decodeProtected,6,2,116 20 109 205 36 121 195 19
layer_20.bin,decodeProtected,6,2,23 4 180 116 21 164 56 133
layer_21.bin,decodeProtected,6,2,35 161 255 197 164 191 116 117
layer_22.bin,decodeProtected,7,1,176 65 125 150 243 196 185 198
layer_23.bin,decodeProtected,3,5,160 128 206 9 86 150 254 143
layer_24.bin,decodeProtected,6,2,145 151 93 74 235 85 60 128
layer_25.bin,decodeProtected,7,1,154 134 147 182 32 105 212 93
layer_26.bin,decodeProtected,7,1,137 51 88 148 214 10 86 52
layer_27.bin,decodeProtected,7,1,242 165 31 58 87 181 162 147
layer_28.bin,decodeProtected,5,3,238 93 150 43 111 106 35 133
layer_29.bin,decodeProtected,6,2,0 87 16 124 76 250 93 5
layer_30.bin,decodeProtected,6,2,163 43 134 195 226 179 197 15
layer_31.bin,decodeProtected,8,0,20 116 109 205 166 26 75 4
layer_32.bin,decodeProtected,7,1,252 119 112 90 181 33 223 134
layer_33.bin,decodeProtected,6,2,184 210 93 92 129 43 83 39
layer_34.bin,decodeProtected,6,2,26 85 132 82 1 231 133 186
layer_35.bin,decodeProtected,6,2,42 84 72 57 108 174 160 204
layer_36.bin,decodeProtected,4,4,83 22 222 221 20 59 5 226
layer_37.bin,decodeProtected,6,2,88 229 182 39 138 104 180 194
layer_38.bin,decodeProtected,3,5,64 8 77 209 10 143 117 134
layer_39.bin,decodeProtected,4,4,162 186 42 227 190 39 91 37
layer_00.bin,decodeProtected,2,6,252 25 238 43 100 42 147 183
layer_01.bin,decodeProtected,4,4,46 129 250 224 189 103 147 213
layer_02.bin,decodeProtected,7,1,10 140 128 176 167 121 186 53
layer_03.bin,decodeProtected,6,2,117 26 230 233 130 103 78 118
layer_04.bin,decodeProtected,4,4,81 199 92 145 67 183 144 193
layer_05.bin,decodeProtected,6,2,90 188 43 47 248 135 78 189
layer_06.bin,decodeProtected,6,2,60 173 63 101 153 215 143 43
layer_07.bin,decodeProtected,7,1,176 117 54 22 70 78 142 229
layer_08.bin,decodeProtected,6,2,239 116 104 175 185 73 56 10
layer_09.bin,decodeProtected,5,3,126 191 113 171 25 160 116 154
layer_10.bin,decodeProtected,4,4,157 173 115 36 238 166 248 141
layer_11.bin,decodeProtected,5,3,133 233 111 39 224 181 112 47
layer_12.bin,decodeProtected,4,4,44 249 93 74 54 85 3 92
layer_13.bin,decodeProtected,6,2,33 138 6 134 15 147 107 45
layer_14.bin,decodeProtected,8,0,86 147 51 173 125 184 52 54
layer_15.bin,decodeProtected,8,0,162 90 166 147 122 213 206 139
layer_16.bin,decodeProtected,8,0,151 156 231 24 191 43 115 183
layer_17.bin,decodeProtected,8,0,5 69 166 57 1 87 110 76
layer_18.bin,decodeProtected,8,0,77 128 179 58 226 161 204 131
layer_19.bin,decodeProtected,7,1,12 109 88 72 167 120 205 115
layer_20.bin,decodeProtected,7,1,239 148 23 4 180 113 195 185
layer_21.bin,decodeProtected,7,1,191 116 126 207 99 229 166 114
layer_22.bin,decodeProtected,6,2,236 157 207 248 86 27 65 125
layer_23.bin,decodeProtected,5,3,36 111 140 189 181 133 188 74
layer_24.bin,decodeProtected,5,3,93 220 116 10 44 54 74 104
layer_25.bin,decodeProtected,7,1,6 33 45 138 104 208 134 105
layer_26.bin,decodeProtected,8,0,86 173 118 204 248 147 252 51
layer_27.bin,decodeProtected,8,0,162 139 147 145 206 90 122 200
layer_28.bin,decodeProtected,7,1,43 24 191 156 168 151 183 115
layer_29.bin,decodeProtected,8,0,5 69 57 1 151 158 204 87
layer_30.bin,decodeProtected,8,0,77 226 117 225 91 64 179 163
layer_31.bin,decodeProtected,8,0,12 167 59 109 173 88 248 95
layer_32.bin,decodeProtected,8,0,223 119 181 178 158 90 47 236
layer_33.bin,decodeProtected,7,1,83 74 86 231 93 215 220 28
layer_34.bin,decodeProtected,7,1,1 241 252 211 186 116 246 10
layer_35.bin,decodeProtected,8,0,202 167 129 235 160 183 11 36
layer_36.bin,decodeProtected,8,0,70 188 158 176 248 23 118 98
layer_37.bin,decodeProtected,7,1,62 229 163 58 103 219 199 111
layer_38.bin,decodeProtected,8,0,239 147 8 175 191 233 10 159
layer_39.bin,decodeProtected,3,5,238 95 81 223 140 45 237 50
layer_00.bin,decodeProtected,3,5,209 104 206 43 105 30 147 229
layer_01.bin,decodeProtected,4,4,46 47 156 188 148 155 159 36
layer_02.bin,decodeProtected,1,7,20 172 82 251 160 215 73 52
layer_03.bin,decodeProtected,7,1,117 119 233 143 183 103 150 130
layer_04.bin,decodeProtected,4,4,81 246 20 193 145 184 179 249
layer_05.bin,decodeProtected,2,6,42 85 111 255 132 32 106 230
layer_06.bin,decodeProtected,2,6,145 118 176 7 160 43 230 98
layer_07.bin,decodeProtected,4,4,142 22 57 72 180 98 90 54
layer_08.bin,decodeProtected,4,4,148 239 152 113 253 199 42 24
layer_09.bin,decodeProtected,3,5,99 53 126 88 199 203 135 63
layer_10.bin,decodeProtected,5,3,115 240 96 21 76 29 121 215
layer_11.bin,decodeProtected,3,5,253 181 42 214 239 74 196 41
layer_12.bin,decodeProtected,4,4,10 92 53 41 212 83 175 51
layer_13.bin,decodeProtected,7,1,34 15 83 208 45 162 136 11
layer_14.bin,decodeProtected,5,3,173 248 35 29 30 123 115 21
layer_15.bin,decodeProtected,7,1,90 139 120 145 122 138 227 126
layer_16.bin,decodeProtected,6,2,191 243 24 115 169 162 183 29
layer_17.bin,decodeProtected,6,2,69 196 217 109 5 244 210 138
layer_18.bin,decodeProtected,8,0,77 224 64 102 58 146 83 233
layer_19.bin,decodeProtected,7,1,95 142 129 127 212 192 72 229
layer_20.bin,decodeProtected,6,2,148 72 113 240 23 36 118 199
layer_21.bin,decodeProtected,5,3,99 1 214 71 252 106 128 37
layer_22.bin,decodeProtected,6,2,236 207 245 162 104 96 86 157
layer_23.bin,decodeProtected,6,2,181 61 134 253 125 196 42 140
layer_24.bin,decodeProtected,5,3,10 126 96 116 92 175 244 48
layer_25.bin,decodeProtected,6,2,34 208 45 83 119 188 138 183
layer_26.bin,decodeProtected,6,2,248 173 118 252 21 125 86 201
layer_27.bin,decodeProtected,8,0,139 145 90 138 147 126 227 122
layer_28.bin,decodeProtected,5,3,191 24 183 169 115 197 103 223
layer_29.bin,decodeProtected,6,2,69 5 158 151 244 91 98 60
layer_30.bin,decodeProtected,8,0,77 176 64 226 71 225 117 38
layer_31.bin,decodeProtected,6,2,248 240 95 167 173 59 120 61
layer_32.bin,decodeProtected,7,1,223 158 7 68 241 128 236 64
layer_33.bin,decodeProtected,6,2,74 190 41 72 123 81 85 220
layer_34.bin,decodeProtected,8,0,211 116 34 246 10 1 97 247
layer_35.bin,decodeProtected,7,1,202 129 167 235 254 183 11 197
layer_36.bin,decodeProtected,6,2,70 188 158 176 118 181 207 241
layer_37.bin,decodeProtected,8,0,103 22 163 104 58 199 64 229
layer_38.bin,decodeProtected,8,0,127 27 148 92 118 230 189 239
layer_39.bin,decodeProtected,8,0,243 248 238 38 70 2 217 69
layer_00.bin,decodeProtected,6,2,32 88 206 67 95 140 89 238
layer_01.bin,decodeProtected,5,3,181 47 152 192 140 46 78 212
layer_02.bin,decodeProtected,6,2,82 62 186 20 197 215 251 165
layer_03.bin,decodeProtected,7,1,117 233 106 226 236 103 150 76
layer_04.bin,decodeProtected,3,5,193 62 9 20 101 45 92 199
layer_05.bin,decodeProtected,4,4,230 220 160 29 87 237 248 189
layer_06.bin,decodeProtected,4,4,118 160 89 96 217 193 181 63
layer_07.bin,decodeProtected,6,2,142 176 145 22 72 112 180 54
layer_08.bin,decodeProtected,6,2,148 239 205 24 237 142 152 253
layer_09.bin,decodeProtected,6,2,99 126 69 53 6 199 177 113
layer_10.bin,decodeProtected,4,4,122 215 157 121 183 166 104 227
layer_11.bin,decodeProtected,5,3,181 253 224 39 28 133 41 196
layer_12.bin,decodeProtected,7,1,92 212 102 175 62 144 41 10
layer_13.bin,decodeProtected,5,3,15 6 138 34 2 251 243 204
layer_14.bin,decodeProtected,8,0,173 248 35 132 123 30 41 147
layer_15.bin,decodeProtected,6,2,90 46 139 120 122 145 255 141
layer_16.bin,decodeProtected,8,0,191 24 115 29 183 35 63 243
layer_17.bin,decodeProtected,7,1,69 5 158 196 60 26 51 244
layer_18.bin,decodeProtected,8,0,77 224 83 170 58 176 102 172
layer_19.bin,decodeProtected,8,0,129 167 142 95 233 51 221 212
layer_20.bin,decodeProtected,8,0,148 72 239 53 195 110 22 36
layer_21.bin,decodeProtected,6,2,99 71 120 69 156 106 252 113
layer_22.bin,decodeProtected,5,3,157 236 207 206 116 194 121 179
layer_23.bin,decodeProtected,7,1,181 253 140 134 39 74 61 196
layer_24.bin,decodeProtected,5,3,96 43 251 126 116 10 8 87
layer_25.bin,decodeProtected,5,3,208 138 34 6 204 139 174 193
layer_26.bin,decodeProtected,6,2,252 248 58 86 132 228 125 204
layer_27.bin,decodeProtected,8,0,139 206 122 46 138 145 126 228
layer_28.bin,decodeProtected,5,3,191 24 183 156 63 36 62 20
layer_29.bin,decodeProtected,8,0,69 158 151 204 5 1 244 91
layer_30.bin,decodeProtected,8,0,77 226 170 176 117 128 64 225
layer_31.bin,decodeProtected,8,0,248 240 120 95 167 173 59 12
layer_32.bin,decodeProtected,8,0,158 223 60 68 128 7 236 241
layer_33.bin,decodeProtected,7,1,74 41 190 72 220 81 229 33
layer_34.bin,decodeProtected,8,0,211 116 82 34 10 246 97 1
layer_35.bin,decodeProtected,8,0,202 129 167 183 235 254 224 11
layer_36.bin,decodeProtected,8,0,70 188 176 158 118 153 181 239
layer_37.bin,decodeProtected,7,1,103 163 104 22 58 199 219 7
layer_38.bin,decodeProtected,8,0,27 127 148 92 118 230 189 239
layer_39.bin,decodeProtected,7,1,110 243 248 38 12 70 69 89
layer_00.bin,decodeProtected,3,5,148 120 254 236 75 217 78 191
layer_01.bin,decodeProtected,3,5,149 1 9 89 193 167 51 92
layer_02.bin,decodeProtected,5,3,228 60 170 188 66 11 79 187
layer_03.bin,decodeProtected,6,2,201 154 16 249 56 22 69 50
layer_04.bin,decodeProtected,5,3,134 152 186 98 216 121 78 50
layer_05.bin,decodeProtected,4,4,0 129 58 142 240 164 23 210
layer_06.bin,decodeProtected,5,3,25 102 12 43 125 71 82 92
layer_07.bin,decodeProtected,6,2,142 137 187 30 246 57 22 243
layer_08.bin,decodeProtected,6,2,148 225 53 47 22 41 24 59
layer_09.bin,decodeProtected,5,3,99 134 253 15 37 143 199 52
layer_10.bin,decodeProtected,5,3,109 245 122 233 116 202 226 223
layer_11.bin,decodeProtected,4,4,253 70 97 214 218 134 146 15
layer_12.bin,decodeProtected,5,3,47 10 50 96 9 38 41 239
layer_13.bin,decodeProtected,7,1,185 20 16 208 34 45 83 0
layer_14.bin,decodeProtected,7,1,252 248 132 196 44 200 21 173
layer_15.bin,decodeProtected,5,3,178 130 139 90 122 145 138 35
layer_16.bin,decodeProtected,5,3,191 243 24 169 183 176 197 10
layer_17.bin,decodeProtected,5,3,69 158 60 196 4 19 165 10
layer_18.bin,decodeProtected,7,1,77 209 83 176 102 117 95 233
layer_19.bin,decodeProtected,6,2,60 129 48 85 229 95 148 144
layer_20.bin,decodeProtected,7,1,47 148 72 53 118 24 195 36
layer_21.bin,decodeProtected,7,1,99 71 106 166 1 143 128 216
layer_22.bin,decodeProtected,6,2,109 122 233 157 226 207 77 146
layer_23.bin,decodeProtected,8,0,134 99 253 70 218 181 61 194
layer_24.bin,decodeProtected,7,1,50 47 96 210 10 126 87 116
layer_25.bin,decodeProtected,7,1,0 183 211 174 20 45 240 208
layer_26.bin,decodeProtected,6,2,196 144 142 248 58 252 162 228
layer_27.bin,decodeProtected,6,2,178 130 139 112 28 145 38 206
layer_28.bin,decodeProtected,6,2,56 191 183 24 102 10 59 158
layer_29.bin,decodeProtected,8,0,69 19 158 244 151 126 4 204
layer_30.bin,decodeProtected,5,3,77 143 18 209 117 225 64 83
layer_31.bin,decodeProtected,5,3,157 83 15 95 55 60 85 248
layer_32.bin,decodeProtected,5,3,19 58 248 109 7 14 236 92
layer_33.bin,decodeProtected,4,4,74 176 250 147 84 229 72 223
layer_34.bin,decodeProtected,6,2,211 249 191 121 73 80 195 18
layer_35.bin,decodeProtected,7,1,202 180 129 167 235 185 44 11
layer_36.bin,decodeProtected,4,4,21 188 228 79 138 176 17 158
layer_37.bin,decodeProtected,6,2,156 214 92 103 58 22 196 199
layer_38.bin,decodeProtected,4,4,50 150 204 92 141 127 189 118
layer_39.bin,decodeProtected,3,5,91 83 189 101 209 112 251 141
layer_00.bin,decodeProtected,5,3,167 98 240 69 94 129 168 14
layer_01.bin,decodeProtected,5,3,149 9 89 92 70 37 14 120
layer_02.bin,decodeProtected,4,4,193 157 42 3 60 143 223 188
layer_03.bin,decodeProtected,6,2,22 197 201 243 69 56 23 180
layer_04.bin,decodeProtected,7,1,134 175 132 186 75 121 152 29
layer_05.bin,decodeProtected,7,1,164 58 95 60 77 0 42 136
layer_06.bin,decodeProtected,5,3,43 12 213 125 91 152 240 25
layer_07.bin,decodeProtected,7,1,142 246 38 145 6 13 175 72
layer_08.bin,decodeProtected,7,1,148 63 72 121 22 133 53 145
layer_09.bin,decodeProtected,6,2,99 134 32 1 86 79 63 15
layer_10.bin,decodeProtected,7,1,226 245 233 217 146 242 122 162
layer_11.bin,decodeProtected,6,2,218 253 237 97 121 61 134 70
layer_12.bin,decodeProtected,5,3,10 50 96 137 239 38 23 13
layer_13.bin,decodeProtected,8,0,185 0 34 208 83 180 13 20
layer_14.bin,decodeProtected,8,0,252 248 17 21 132 44 54 35
layer_15.bin,decodeProtected,7,1,122 138 90 145 139 151 6 206
layer_16.bin,decodeProtected,8,0,191 169 24 88 183 234 82 197
layer_17.bin,decodeProtected,8,0,69 4 60 217 196 244 19 21
layer_18.bin,decodeProtected,8,0,77 209 102 233 176 108 64 83
layer_19.bin,decodeProtected,6,2,129 85 248 190 95 60 221 48
layer_20.bin,decodeProtected,6,2,148 72 172 53 145 202 57 240
layer_21.bin,decodeProtected,7,1,71 99 32 128 98 214 106 86
layer_22.bin,decodeProtected,7,1,233 245 122 226 242 135 157 207
layer_23.bin,decodeProtected,7,1,181 218 134 61 59 253 125 99
layer_24.bin,decodeProtected,6,2,50 96 10 244 116 87 9 11
layer_25.bin,decodeProtected,6,2,0 183 208 34 193 174 83 194
layer_26.bin,decodeProtected,6,2,248 252 201 58 196 86 203 17
layer_27.bin,decodeProtected,7,1,139 28 145 138 90 206 255 122
layer_28.bin,decodeProtected,5,3,24 191 102 183 88 56 181 197
layer_29.bin,decodeProtected,8,0,69 19 158 151 21 60 244 204
layer_30.bin,decodeProtected,8,0,197 77 225 64 117 83 91 143
layer_31.bin,decodeProtected,8,0,95 59 85 157 88 240 4 248
layer_32.bin,decodeProtected,6,2,109 19 7 254 236 120 92 144
layer_33.bin,decodeProtected,7,1,139 74 181 86 229 250 238 205
layer_34.bin,decodeProtected,8,0,195 191 121 73 1 10 211 249
layer_35.bin,decodeProtected,8,0,129 202 235 185 167 136 44 11
layer_36.bin,decodeProtected,8,0,79 188 26 44 176 158 118 125
layer_37.bin,decodeProtected,7,1,229 58 103 196 22 162 64 100
layer_38.bin,decodeProtected,8,0,92 127 0 118 189 87 79 185
layer_39.bin,decodeProtected,8,0,99 189 44 197 77 70 78 242
layer_00.bin,decodeProtected,6,2,62 174 13 211 124 155 231 159
layer_01.bin,decodeProtected,3,5,80 141 23 255 162 245 193 14
layer_02.bin,decodeProtected,3,5,35 66 207 172 197 111 83 17
layer_03.bin,decodeProtected,4,4,86 216 50 22 30 161 247 9
layer_04.bin,decodeProtected,6,2,148 134 152 221 164 75 44 145
layer_05.bin,decodeProtected,5,3,164 115 0 58 210 80 222 122
layer_06.bin,decodeProtected,6,2,82 43 125 92 14 12 161 207
layer_07.bin,decodeProtected,6,2,142 169 185 132 187 246 228 233
layer_08.bin,decodeProtected,7,1,148 53 24 72 59 22 85 246
layer_09.bin,decodeProtected,6,2,99 134 227 199 1 229 166 213
layer_10.bin,decodeProtected,8,0,207 122 245 116 233 9 226 217
layer_11.bin,decodeProtected,6,2,220 97 59 134 222 202 253 98
layer_12.bin,decodeProtected,7,1,10 96 210 21 116 239 137 9
layer_13.bin,decodeProtected,8,0,208 83 162 34 15 183 45 20
layer_14.bin,decodeProtected,6,2,248 132 44 21 173 113 54 58
layer_15.bin,decodeProtected,7,1,90 145 122 206 139 138 92 117
layer_16.bin,decodeProtected,7,1,191 230 195 24 183 169 35 45
layer_17.bin,decodeProtected,7,1,69 8 158 21 244 151 196 217
layer_18.bin,decodeProtected,7,1,77 69 176 233 250 64 117 102
layer_19.bin,decodeProtected,6,2,190 129 59 95 85 61 88 125
layer_20.bin,decodeProtected,6,2,148 53 72 24 159 22 145 204
layer_21.bin,decodeProtected,7,1,99 98 166 106 1 227 86 71
layer_22.bin,decodeProtected,7,1,207 157 122 9 116 34 202 245
layer_23.bin,decodeProtected,4,4,220 134 15 59 202 97 34 181
layer_24.bin,decodeProtected,8,0,116 96 87 9 7 15 2 244
layer_25.bin,decodeProtected,8,0,101 208 183 211 20 174 19 250
layer_26.bin,decodeProtected,7,1,86 44 58 252 132 248 146 95
layer_27.bin,decodeProtected,7,1,172 206 139 169 3 90 96 145
layer_28.bin,decodeProtected,7,1,191 195 24 230 183 102 26 32
layer_29.bin,decodeProtected,8,0,151 69 21 1 158 244 60 132
layer_30.bin,decodeProtected,8,0,197 77 64 225 250 205 91 117
layer_31.bin,decodeProtected,6,2,95 88 59 240 167 4 151 190
layer_32.bin,decodeProtected,7,1,146 186 7 215 19 236 254 96
layer_33.bin,decodeProtected,6,2,75 86 238 56 28 189 166 215
layer_34.bin,decodeProtected,8,0,1 191 10 252 101 180 67 211
layer_35.bin,decodeProtected,5,3,235 129 153 202 218 220 236 160
layer_36.bin,decodeProtected,8,0,119 188 70 120 248 49 118 176
layer_37.bin,decodeProtected,6,2,229 58 22 143 103 135 16 186
layer_38.bin,decodeProtected,7,1,92 0 127 118 61 148 189 30
layer_39.bin,decodeProtected,6,2,138 189 197 92 38 217 223 70
layer_00.bin,decodeProtected,4,4,101 34 35 179 197 242 9 79
layer_01.bin,decodeProtected,5,3,62 27 155 47 150 75 123 151
layer_02.bin,decodeProtected,5,3,210 38 252 109 35 130 128 2
layer_03.bin,decodeProtected,7,1,26 230 233 211 37 226 236 176
layer_04.bin,decodeProtected,7,1,15 102 245 144 241 142 54 200
layer_05.bin,decodeProtected,5,3,90 188 235 220 43 239 83 112
layer_06.bin,decodeProtected,8,0,43 14 156 215 125 82 52 157
layer_07.bin,decodeProtected,6,2,23 185 199 112 78 169 204 70
layer_08.bin,decodeProtected,8,0,239 35 148 180 56 85 116 57
layer_09.bin,decodeProtected,6,2,203 29 99 98 180 143 230 195
layer_10.bin,decodeProtected,5,3,157 122 248 207 13 196 213 206
layer_11.bin,decodeProtected,4,4,42 111 133 98 174 185 233 50
layer_12.bin,decodeProtected,8,0,220 160 116 3 10 15 128 252
layer_13.bin,decodeProtected,8,0,29 15 45 183 138 154 6 211
layer_14.bin,decodeProtected,7,1,86 173 248 132 51 244 95 204
layer_15.bin,decodeProtected,8,0,172 213 36 162 90 145 139 206
layer_16.bin,decodeProtected,8,0,24 181 191 183 231 243 195 205
layer_17.bin,decodeProtected,7,1,69 166 250 60 1 138 5 196
layer_18.bin,decodeProtected,7,1,197 77 170 225 22 83 161 204
layer_19.bin,decodeProtected,7,1,205 88 243 109 153 4 129 130
layer_20.bin,decodeProtected,7,1,239 148 180 35 212 4 72 23
layer_21.bin,decodeProtected,6,2,203 99 143 1 91 217 228 133
layer_22.bin,decodeProtected,5,3,236 83 207 157 62 132 34 86
layer_23.bin,decodeProtected,5,3,42 39 134 181 133 98 17 127
layer_24.bin,decodeProtected,7,1,220 116 87 96 43 10 160 9
layer_25.bin,decodeProtected,7,1,29 45 183 208 138 136 254 105
layer_26.bin,decodeProtected,8,0,86 248 44 204 132 58 118 201
layer_27.bin,decodeProtected,5,3,172 139 90 36 145 120 147 43
layer_28.bin,decodeProtected,6,2,191 24 96 183 195 5 198 32
layer_29.bin,decodeProtected,8,0,69 5 151 132 250 1 244 204
layer_30.bin,decodeProtected,8,0,77 71 225 197 170 64 117 205
layer_31.bin,decodeProtected,6,2,240 95 130 88 59 248 109 243
layer_32.bin,decodeProtected,7,1,98 96 7 186 236 99 247 254
layer_33.bin,decodeProtected,6,2,126 232 190 86 238 107 183 215
layer_34.bin,decodeProtected,7,1,116 10 252 180 207 101 56 161
layer_35.bin,decodeProtected,8,0,129 153 235 202 218 16 220 160
layer_36.bin,decodeProtected,6,2,181 188 70 119 152 49 246 118
layer_37.bin,decodeProtected,7,1,31 22 58 103 161 135 143 163
layer_38.bin,decodeProtected,6,2,92 71 148 127 118 30 234 201
layer_39.bin,decodeProtected,7,1,138 2 189 69 38 92 217 213
layer_00.bin,decodeProtected,1,7,107 82 181 83 106 251 246 99
layer_01.bin,decodeProtected,2,6,242 73 132 124 128 200 86 243
layer_02.bin,decodeProtected,4,4,255 188 238 80 243 87 233 217
layer_03.bin,decodeProtected,4,4,92 219 169 119 131 166 143 227
layer_04.bin,decodeProtected,3,5,79 247 254 255 242 199 245 74
layer_05.bin,decodeProtected,4,4,174 147 159 106 42 239 29 255
layer_06.bin,decodeProtected,4,4,89 183 166 164 208 43 14 149
layer_07.bin,decodeProtected,3,5,142 195 54 22 101 221 232 206
layer_08.bin,decodeProtected,5,3,148 24 142 35 125 53 85 134
layer_09.bin,decodeProtected,3,5,151 99 217 117 230 149 177 63
layer_10.bin,decodeProtected,2,6,68 228 62 22 226 206 183 223
layer_11.bin,decodeProtected,2,6,64 27 181 195 253 5 192 69
layer_12.bin,decodeProtected,7,1,96 10 137 175 191 16 167 239
layer_13.bin,decodeProtected,7,1,164 29 208 183 162 34 15 83
layer_14.bin,decodeProtected,4,4,180 213 238 248 132 216 21 136
layer_15.bin,decodeProtected,7,1,90 36 120 139 145 138 93 206
layer_16.bin,decodeProtected,6,2,191 181 195 183 14 24 169 96
layer_17.bin,decodeProtected,7,1,69 26 101 217 244 8 138 1
layer_18.bin,decodeProtected,7,1,77 55 225 64 176 233 159 102
layer_19.bin,decodeProtected,6,2,237 129 233 190 88 95 59 148
layer_20.bin,decodeProtected,8,0,148 35 24 72 240 65 53 157
layer_21.bin,decodeProtected,6,2,99 217 228 1 252 106 128 166
layer_22.bin,decodeProtected,3,5,68 228 245 249 197 207 140 202
layer_23.bin,decodeProtected,3,5,64 211 134 214 72 69 181 252
layer_24.bin,decodeProtected,6,2,96 106 126 105 251 116 175 10
layer_25.bin,decodeProtected,5,3,164 136 208 183 83 26 200 193
layer_26.bin,decodeProtected,5,3,238 248 130 21 44 216 201 132
layer_27.bin,decodeProtected,7,1,139 90 36 138 126 145 43 168
layer_28.bin,decodeProtected,4,4,191 183 149 14 185 197 169 198
layer_29.bin,decodeProtected,3,5,69 26 101 65 151 244 128 102
layer_30.bin,decodeProtected,7,1,77 55 45 225 64 176 159 117
layer_31.bin,decodeProtected,5,3,237 95 240 233 88 190 63 248
layer_32.bin,decodeProtected,6,2,42 224 7 236 197 199 128 215
layer_33.bin,decodeProtected,2,6,201 179 156 217 72 57 55 206
layer_34.bin,decodeProtected,5,3,196 49 217 10 213 211 246 202
layer_35.bin,decodeProtected,6,2,224 129 210 202 220 16 14 206
layer_36.bin,decodeProtected,5,3,255 119 188 24 57 129 239 176
layer_37.bin,decodeProtected,5,3,158 50 22 103 199 229 94 186
layer_38.bin,decodeProtected,5,3,146 127 230 14 189 118 157 67
layer_39.bin,decodeProtected,6,2,85 10 177 13 70 34 30 203
layer_00.bin,decodeProtected,2,6,136 24 86 29 65 212 109 218
layer_01.bin,decodeProtected,3,5,22 226 236 85 193 234 242 211
layer_02.bin,decodeProtected,3,5,58 221 77 83 139 218 194 2
layer_03.bin,decodeProtected,6,2,30 22 92 201 177 156 167 19
layer_04.bin,decodeProtected,7,1,79 243 152 134 132 149 29 133
layer_05.bin,decodeProtected,5,3,213 147 18 89 58 42 164 31
layer_06.bin,decodeProtected,8,0,2 43 149 125 240 100 12 178
layer_07.bin,decodeProtected,8,0,61 142 169 187 11 185 22 145
layer_08.bin,decodeProtected,7,1,148 157 22 85 24 53 187 250
layer_09.bin,decodeProtected,5,3,99 253 166 214 229 101 143 233
layer_10.bin,decodeProtected,5,3,228 226 250 197 11 245 159 223
layer_11.bin,decodeProtected,4,4,72 17 109 97 69 156 211 40
layer_12.bin,decodeProtected,6,2,10 96 131 166 185 9 116 37
layer_13.bin,decodeProtected,7,1,162 83 136 208 34 180 45 167
layer_14.bin,decodeProtected,7,1,248 238 132 216 115 21 102 44
layer_15.bin,decodeProtected,7,1,116 90 79 221 139 150 138 145
layer_16.bin,decodeProtected,6,2,191 201 183 138 169 195 197 24
layer_17.bin,decodeProtected,6,2,69 101 217 128 244 2 99 25
layer_18.bin,decodeProtected,6,2,77 176 64 225 95 102 83 121
layer_19.bin,decodeProtected,4,4,237 190 129 95 49 246 206 207
layer_20.bin,decodeProtected,7,1,157 148 72 240 53 24 22 128
layer_21.bin,decodeProtected,7,1,99 98 1 15 128 214 166 143
layer_22.bin,decodeProtected,5,3,245 233 197 228 226 191 202 17
layer_23.bin,decodeProtected,6,2,72 211 214 134 109 73 181 37
layer_24.bin,decodeProtected,6,2,96 91 105 166 119 10 106 131
layer_25.bin,decodeProtected,6,2,183 83 0 208 222 230 136 162
layer_26.bin,decodeProtected,7,1,62 248 115 201 216 238 130 44
layer_27.bin,decodeProtected,6,2,79 138 90 145 139 116 51 43
layer_28.bin,decodeProtected,7,1,201 191 183 169 138 197 176 102
layer_29.bin,decodeProtected,7,1,101 69 213 151 244 98 1 177
layer_30.bin,decodeProtected,6,2,77 64 225 176 45 237 90 151
layer_31.bin,decodeProtected,8,0,95 240 85 88 83 190 59 248
layer_32.bin,decodeProtected,5,3,157 7 22 116 236 75 197 14
layer_33.bin,decodeProtected,6,2,59 18 206 161 72 182 103 5
layer_34.bin,decodeProtected,6,2,11 10 94 196 246 205 211 227
layer_35.bin,decodeProtected,6,2,129 210 16 202 14 5 220 111
layer_36.bin,decodeProtected,7,1,251 188 148 118 48 158 160 171
layer_37.bin,decodeProtected,8,0,22 103 229 186 199 162 109 219
layer_38.bin,decodeProtected,7,1,124 93 67 127 189 230 118 112
layer_39.bin,decodeProtected,4,4,166 95 203 222 27 24 10 56
layer_00.bin,decodeProtected,5,3,211 134 62 50 151 207 70 1
layer_01.bin,decodeProtected,3,5,88 116 101 193 15 6 85 134
layer_02.bin,decodeProtected,5,3,218 52 83 97 143 3 94 96
layer_03.bin,decodeProtected,6,2,53 167 22 72 255 209 201 54
layer_04.bin,decodeProtected,7,1,44 134 79 243 175 221 29 10
layer_05.bin,decodeProtected,6,2,164 89 215 42 80 58 91 136
layer_06.bin,decodeProtected,7,1,2 240 43 12 125 149 152 213
layer_07.bin,decodeProtected,8,0,142 13 38 169 57 72 22 75
layer_08.bin,decodeProtected,7,1,148 22 50 24 187 246 72 152
layer_09.bin,decodeProtected,7,1,99 58 221 253 1 134 101 97
layer_10.bin,decodeProtected,6,2,226 245 228 242 192 162 96 11
layer_11.bin,decodeProtected,6,2,72 218 24 253 17 97 220 192
layer_12.bin,decodeProtected,6,2,10 96 131 16 126 175 91 4
layer_13.bin,decodeProtected,6,2,162 180 83 34 136 208 234 26
layer_14.bin,decodeProtected,6,2,191 248 216 59 132 136 102 17
layer_15.bin,decodeProtected,7,1,221 108 90 139 138 150 93 79
layer_16.bin,decodeProtected,6,2,191 201 183 14 197 169 1 24
layer_17.bin,decodeProtected,5,3,69 25 101 217 244 116 214 95
layer_18.bin,decodeProtected,7,1,77 151 102 64 100 95 121 176
layer_19.bin,decodeProtected,7,1,85 129 95 190 49 114 144 246
layer_20.bin,decodeProtected,6,2,148 72 240 53 202 172 57 231
layer_21.bin,decodeProtected,7,1,99 98 214 252 106 15 166 225
layer_22.bin,decodeProtected,5,3,245 226 242 228 249 28 11 86
layer_23.bin,decodeProtected,6,2,72 218 220 181 90 211 174 134
layer_24.bin,decodeProtected,7,1,96 105 11 10 175 87 16 229
layer_25.bin,decodeProtected,7,1,183 208 19 162 83 136 222 26
layer_26.bin,decodeProtected,5,3,203 248 62 201 188 58 208 21
layer_27.bin,decodeProtected,6,2,28 145 139 90 138 104 43 108
layer_28.bin,decodeProtected,6,2,102 183 191 181 190 219 24 4
layer_29.bin,decodeProtected,8,0,69 21 151 132 101 244 1 204
layer_30.bin,decodeProtected,7,1,77 225 90 188 64 63 71 19
layer_31.bin,decodeProtected,6,2,85 95 240 88 59 199 190 34
layer_32.bin,decodeProtected,6,2,123 7 48 236 22 140 102 18
layer_33.bin,decodeProtected,5,3,95 107 139 102 59 132 253 119
layer_34.bin,decodeProtected,6,2,175 10 240 72 64 67 202 220
layer_35.bin,decodeProtected,6,2,129 94 235 5 2 187 85 14
layer_36.bin,decodeProtected,4,4,142 188 67 26 246 152 195 93
layer_37.bin,decodeProtected,6,2,43 229 22 135 170 78 199 60
layer_38.bin,decodeProtected,5,3,93 119 163 251 169 201 134 118
layer_39.bin,decodeProtected,5,3,122 138 215 1 246 92 158 70
layer_00.bin,decodeProtected,2,6,135 27 108 57 79 35 114 103
layer_01.bin,decodeProtected,6,2,182 146 11 140 107 132 193 192
layer_02.bin,decodeProtected,4,4,43 210 218 8 90 36 31 164
layer_03.bin,decodeProtected,5,3,106 226 211 29 69 199 110 129
layer_04.bin,decodeProtected,2,6,14 240 65 129 118 242 165 171
layer_05.bin,decodeProtected,5,3,161 58 146 89 87 231 95 215
layer_06.bin,decodeProtected,6,2,255 182 51 2 43 240 125 100
layer_07.bin,decodeProtected,7,1,2 185 11 169 58 78 57 81
layer_08.bin,decodeProtected,7,1,148 180 115 85 56 35 179 198
layer_09.bin,decodeProtected,6,2,180 241 99 69 152 169 9 1
layer_10.bin,decodeProtected,6,2,88 228 226 34 86 245 253 132
layer_11.bin,decodeProtected,5,3,39 20 69 63 19 11 72 92
layer_12.bin,decodeProtected,6,2,10 69 252 105 116 239 151 15
layer_13.bin,decodeProtected,5,3,178 45 112 29 183 103 100 230
layer_14.bin,decodeProtected,4,4,238 21 204 26 95 55 200 163
layer_15.bin,decodeProtected,8,0,36 150 213 139 227 90 221 147
layer_16.bin,decodeProtected,4,4,96 183 117 191 176 243 61 200
layer_17.bin,decodeProtected,7,1,94 69 1 223 101 196 198 217
layer_18.bin,decodeProtected,6,2,170 148 77 225 83 176 102 38
layer_19.bin,decodeProtected,6,2,88 153 130 243 229 233 148 212
layer_20.bin,decodeProtected,7,1,148 240 72 195 202 24 36 246
layer_21.bin,decodeProtected,6,2,69 180 241 99 1 252 201 128
layer_22.bin,decodeProtected,6,2,88 253 249 83 132 228 247 149
layer_23.bin,decodeProtected,6,2,39 20 63 19 181 99 69 90
layer_24.bin,decodeProtected,4,4,67 169 105 10 87 116 91 22
layer_25.bin,decodeProtected,5,3,178 45 112 183 138 83 4 16
layer_26.bin,decodeProtected,5,3,149 62 238 95 142 248 188 204
layer_27.bin,decodeProtected,8,0,36 90 145 139 43 227 147 126
layer_28.bin,decodeProtected,5,3,191 96 117 61 176 183 200 73
layer_29.bin,decodeProtected,6,2,69 94 1 217 98 244 29 151
layer_30.bin,decodeProtected,4,4,170 77 85 148 169 225 152 145
layer_31.bin,decodeProtected,4,4,95 188 133 212 215 127 174 190
layer_32.bin,decodeProtected,4,4,60 158 7 25 255 124 233 99
layer_33.bin,decodeProtected,2,6,33 106 229 108 87 51 72 64
layer_34.bin,decodeProtected,0,8,93 176 66 179 91 138 254 154
layer_35.bin,decodeProtected,4,4,14 53 24 34 69 142 16 180
layer_36.bin,decodeProtected,2,6,213 135 2 154 166 4 188 136
layer_37.bin,decodeProtected,4,4,218 199 129 1 171 99 109 104
layer_38.bin,decodeProtected,4,4,68 122 175 135 60 67 239 8
layer_39.bin,decodeProtected,4,4,96 110 195 184 22 243 46 95
layer_00.bin,decodeProtected,3,5,211 236 195 148 120 75 189 184
layer_01.bin,decodeProtected,1,7,228 186 55 240 167 215 191 252
layer_02.bin,decodeProtected,2,6,188 32 143 91 187 182 221 223
layer_03.bin,decodeProtected,4,4,56 69 184 93 109 16 215 126
layer_04.bin,decodeProtected,6,2,134 28 147 29 233 132 204 175
layer_05.bin,decodeProtected,2,6,58 60 108 36 222 140 91 216
layer_06.bin,decodeProtected,7,1,12 255 210 30 240 213 51 75
layer_07.bin,decodeProtected,6,2,18 175 75 149 38 245 142 57
layer_08.bin,decodeProtected,7,1,148 22 72 53 63 24 59 202
layer_09.bin,decodeProtected,4,4,99 1 44 253 117 142 68 6
layer_10.bin,decodeProtected,3,5,38 172 226 135 77 221 86 217
layer_11.bin,decodeProtected,3,5,63 218 117 118 244 166 184 188
layer_12.bin,decodeProtected,2,6,10 55 240 239 109 213 37 102
layer_13.bin,decodeProtected,7,1,45 178 83 112 13 240 34 19
layer_14.bin,decodeProtected,6,2,85 55 204 248 163 132 115 68
layer_15.bin,decodeProtected,4,4,227 193 90 139 141 235 187 102
layer_16.bin,decodeProtected,3,5,191 1 243 176 107 23 53 179
layer_17.bin,decodeProtected,5,3,69 18 94 217 184 62 196 99
layer_18.bin,decodeProtected,4,4,8 77 64 37 60 88 146 102
layer_19.bin,decodeProtected,4,4,63 127 95 149 219 212 125 133
layer_20.bin,decodeProtected,5,3,148 240 72 202 106 158 56 134
layer_21.bin,decodeProtected,4,4,99 1 71 248 121 128 37 139
layer_22.bin,decodeProtected,4,4,38 226 121 221 149 77 20 249
layer_23.bin,decodeProtected,4,4,63 166 117 118 244 99 19 224
layer_24.bin,decodeProtected,5,3,10 169 109 73 102 55 105 239
layer_25.bin,decodeProtected,5,3,83 45 178 193 13 242 17 26
layer_26.bin,decodeProtected,5,3,85 95 115 248 62 142 91 16
layer_27.bin,decodeProtected,6,2,90 138 127 141 43 139 220 126
layer_28.bin,decodeProtected,2,6,191 243 1 6 158 83 140 124
layer_29.bin,decodeProtected,4,4,217 69 184 18 210 221 94 53
layer_30.bin,decodeProtected,1,7,8 120 241 77 206 37 127 229
layer_31.bin,decodeProtected,3,5,219 49 133 160 95 63 212 149
layer_32.bin,decodeProtected,2,6,233 120 92 121 133 73 138 240
layer_33.bin,decodeProtected,3,5,106 30 204 61 229 137 252 60
layer_34.bin,decodeProtected,4,4,179 66 166 128 13 108 122 160
layer_35.bin,decodeProtected,5,3,14 34 77 121 117 115 225 64
layer_36.bin,decodeProtected,4,4,138 199 60 94 213 4 1 126
layer_37.bin,decodeProtected,1,7,171 198 170 132 185 86 66 215
layer_38.bin,decodeProtected,7,1,193 175 122 177 143 67 156 18
layer_39.bin,decodeProtected,3,5,21 226 39 57 22 32 108 66
layer_00.bin,decodeProtected,1,7,133 114 213 103 182 243 79 126
layer_01.bin,decodeProtected,2,6,228 30 139 160 71 102 127 161
layer_02.bin,decodeProtected,1,7,195 37 155 232 200 163 151 182
layer_03.bin,decodeProtected,2,6,69 252 132 40 93 244 253 96
layer_04.bin,decodeProtected,5,3,28 46 134 140 189 233 111 121
layer_05.bin,decodeProtected,3,5,58 128 154 60 175 122 55 0
layer_06.bin,decodeProtected,4,4,12 210 240 113 23 30 218 228
layer_07.bin,decodeProtected,6,2,175 75 142 245 22 143 250 11
layer_08.bin,decodeProtected,6,2,148 22 253 72 134 158 187 219
layer_09.bin,decodeProtected,6,2,99 241 1 253 117 229 143 210
layer_10.bin,decodeProtected,2,6,149 212 70 173 136 223 184 38
layer_11.bin,decodeProtected,3,5,167 63 11 117 139 144 171 166
layer_12.bin,decodeProtected,3,5,126 10 105 113 216 37 91 131
layer_13.bin,decodeProtected,1,7,71 26 139 255 114 189 45 167
layer_14.bin,decodeProtected,2,6,193 150 118 209 166 204 248 31
layer_15.bin,decodeProtected,4,4,72 227 145 90 225 139 93 137
layer_16.bin,decodeProtected,8,0,24 191 117 74 195 243 183 1
layer_17.bin,decodeProtected,5,3,1 98 69 8 151 175 217 196
layer_18.bin,decodeProtected,6,2,77 225 91 97 117 64 133 24
layer_19.bin,decodeProtected,7,1,59 95 212 88 150 127 229 129
layer_20.bin,decodeProtected,6,2,148 240 36 134 22 1 204 85
layer_21.bin,decodeProtected,6,2,1 207 99 88 37 138 229 254
layer_22.bin,decodeProtected,7,1,160 116 207 149 132 34 251 175
layer_23.bin,decodeProtected,3,5,80 54 57 30 223 97 252 63
layer_24.bin,decodeProtected,4,4,116 10 136 180 126 105 22 12
layer_25.bin,decodeProtected,7,1,37 45 83 13 183 254 208 253
layer_26.bin,decodeProtected,5,3,59 204 115 248 134 21 154 44
layer_27.bin,decodeProtected,7,1,177 145 227 147 90 3 249 139
layer_28.bin,decodeProtected,5,3,74 24 191 26 117 228 116 73
layer_29.bin,decodeProtected,7,1,150 98 1 69 204 151 60 39
layer_30.bin,decodeProtected,8,0,77 91 97 64 225 176 71 117
layer_31.bin,decodeProtected,7,1,59 95 88 240 212 206 135 137
layer_32.bin,decodeProtected,6,2,33 47 236 255 247 246 156 15
layer_33.bin,decodeProtected,7,1,192 75 33 81 189 72 229 181
layer_34.bin,decodeProtected,5,3,16 252 246 10 219 25 184 21
layer_35.bin,decodeProtected,7,1,202 14 167 235 129 16 36 194
layer_36.bin,decodeProtected,8,0,188 110 119 248 153 118 158 176
layer_37.bin,decodeProtected,6,2,163 199 103 122 68 124 238 186
layer_38.bin,decodeProtected,4,4,144 103 37 166 122 175 159 245
layer_39.bin,decodeProtected,3,5,113 42 22 175 227 56 223 95
layer_00.bin,decodeProtected,0,8,252 42 25 12 165 83 100 183
layer_01.bin,decodeProtected,1,7,119 77 82 28 228 90 53 60
layer_02.bin,decodeProtected,6,2,195 232 155 151 200 199 12 128
layer_03.bin,decodeProtected,4,4,40 132 96 57 109 181 22 50
layer_04.bin,decodeProtected,4,4,56 250 134 132 46 188 35 140
layer_05.bin,decodeProtected,5,3,128 173 58 42 122 95 232 206
layer_06.bin,decodeProtected,8,0,12 23 240 228 218 30 210 2
layer_07.bin,decodeProtected,7,1,142 75 13 175 245 11 57 193
layer_08.bin,decodeProtected,6,2,148 22 187 24 72 63 240 108
layer_09.bin,decodeProtected,6,2,99 31 253 1 15 141 229 243
layer_10.bin,decodeProtected,6,2,226 245 173 149 38 139 32 184
layer_11.bin,decodeProtected,5,3,77 117 72 166 63 120 17 224
layer_12.bin,decodeProtected,6,2,10 131 109 96 249 198 37 119
layer_13.bin,decodeProtected,6,2,162 83 34 240 208 13 45 144
layer_14.bin,decodeProtected,5,3,248 115 132 216 143 21 94 30
layer_15.bin,decodeProtected,6,2,90 221 139 79 145 227 119 38
layer_16.bin,decodeProtected,5,3,191 201 1 197 219 117 183 107
layer_17.bin,decodeProtected,6,2,69 217 94 210 244 98 196 128
layer_18.bin,decodeProtected,4,4,77 8 64 79 96 151 51 60
layer_19.bin,decodeProtected,7,1,49 149 127 129 95 133 190 63
layer_20.bin,decodeProtected,7,1,148 240 106 202 24 22 36 89
layer_21.bin,decodeProtected,2,6,99 77 1 121 199 177 15 231
layer_22.bin,decodeProtected,5,3,245 226 38 70 173 221 184 149
layer_23.bin,decodeProtected,4,4,72 77 174 117 244 63 166 45
layer_24.bin,decodeProtected,5,3,109 131 10 119 50 148 200 87
layer_25.bin,decodeProtected,7,1,178 240 183 83 45 34 26 222
layer_26.bin,decodeProtected,3,5,3 62 188 16 85 95 142 228
layer_27.bin,decodeProtected,6,2,43 26 130 51 220 145 9 90
layer_28.bin,decodeProtected,5,3,102 183 219 191 79 103 6 83
layer_29.bin,decodeProtected,6,2,94 69 138 1 151 101 213 244
layer_30.bin,decodeProtected,5,3,225 19 90 77 57 117 83 95
layer_31.bin,decodeProtected,6,2,49 95 190 88 85 152 57 129
layer_32.bin,decodeProtected,4,4,140 121 22 133 255 138 236 94
layer_33.bin,decodeProtected,2,6,90 47 132 140 19 64 88 208
layer_34.bin,decodeProtected,2,6,241 219 159 20 98 103 245 120
layer_35.bin,decodeProtected,1,7,119 170 24 210 5 245 78 134
layer_36.bin,decodeProtected,2,6,93 63 220 75 60 9 232 163
layer_37.bin,decodeProtected,3,5,101 100 171 137 127 120 169 178
layer_38.bin,decodeProtected,5,3,57 18 122 134 7 143 175 61
layer_39.bin,decodeProtected,3,5,40 176 57 22 39 95 163 193
layer_00.bin,decodeProtected,0,8,213 219 154 44 16 145 23 91
layer_01.bin,decodeProtected,2,6,139 168 53 64 77 184 210 160
layer_02.bin,decodeProtected,3,5,218 24 113 114 155 146 52 203
layer_03.bin,decodeProtected,1,7,59 69 88 142 136 205 80 208
layer_04.bin,decodeProtected,1,7,131 241 151 230 191 181 129 117
layer_05.bin,decodeProtected,3,5,58 89 206 149 175 128 240 113
layer_06.bin,decodeProtected,5,3,240 51 255 2 218 12 210 202
layer_07.bin,decodeProtected,8,0,142 11 13 232 250 169 72 57
layer_08.bin,decodeProtected,5,3,148 22 134 187 250 219 24 163
layer_09.bin,decodeProtected,4,4,99 69 77 228 15 141 194 177
layer_10.bin,decodeProtected,2,6,245 226 113 86 42 80 28 29
layer_11.bin,decodeProtected,4,4,117 174 80 17 254 72 232 115
layer_12.bin,decodeProtected,5,3,10 96 185 137 149 126 201 213
layer_13.bin,decodeProtected,7,1,162 34 83 136 208 45 67 130
layer_14.bin,decodeProtected,6,2,248 44 132 3 191 216 150 173
layer_15.bin,decodeProtected,6,2,90 139 145 104 227 221 206 108
layer_16.bin,decodeProtected,7,1,191 24 195 36 1 243 197 183
layer_17.bin,decodeProtected,7,1,69 217 244 151 210 196 141 8
layer_18.bin,decodeProtected,6,2,77 233 64 95 96 146 225 105
layer_19.bin,decodeProtected,4,4,190 142 95 129 235 113 135 152
layer_20.bin,decodeProtected,5,3,148 247 72 214 199 89 124 240
layer_21.bin,decodeProtected,6,2,99 15 225 106 134 166 22 223
layer_22.bin,decodeProtected,5,3,245 34 160 179 28 202 132 26
layer_23.bin,decodeProtected,4,4,80 241 214 170 34 202 134 76
layer_24.bin,decodeProtected,6,2,96 116 178 167 198 244 251 22
layer_25.bin,decodeProtected,7,1,183 208 83 250 34 26 136 79
layer_26.bin,decodeProtected,4,4,21 248 59 44 222 130 58 136
layer_27.bin,decodeProtected,5,3,104 139 39 237 145 206 90 38
layer_28.bin,decodeProtected,5,3,191 195 26 235 4 183 197 24
layer_29.bin,decodeProtected,7,1,151 94 69 223 244 214 119 204
layer_30.bin,decodeProtected,6,2,90 188 77 225 19 60 57 181
layer_31.bin,decodeProtected,6,2,199 238 85 240 190 129 249 173
layer_32.bin,decodeProtected,5,3,48 102 254 236 246 7 22 35
layer_33.bin,decodeProtected,5,3,107 90 132 53 126 253 113 229
layer_34.bin,decodeProtected,6,2,175 64 91 67 252 10 120 211
layer_35.bin,decodeProtected,5,3,94 129 235 2 5 134 24 85
layer_36.bin,decodeProtected,4,4,152 188 246 67 202 93 2 232
layer_37.bin,decodeProtected,4,4,100 43 135 101 215 60 161 86
layer_38.bin,decodeProtected,4,4,61 122 143 18 21 245 16 77
layer_39.bin,decodeProtected,6,2,176 163 22 95 169 57 235 173
layer_00.bin,decodeProtected,4,4,197 179 145 16 91 51 58 249
layer_01.bin,decodeProtected,4,4,64 139 216 87 59 11 97 106
layer_02.bin,decodeProtected,2,6,34 40 68 88 146 164 59 18
layer_03.bin,decodeProtected,6,2,59 211 142 37 135 205 208 124
layer_04.bin,decodeProtected,7,1,131 241 151 230 170 191 219 240
layer_05.bin,decodeProtected,5,3,103 252 186 58 175 89 149 142
layer_06.bin,decodeProtected,8,0,51 2 255 43 240 125 100 149
layer_07.bin,decodeProtected,5,3,40 11 129 169 185 250 232 68
layer_08.bin,decodeProtected,5,3,148 89 85 187 134 250 44 158
layer_09.bin,decodeProtected,5,3,69 99 228 195 83 23 253 141
layer_10.bin,decodeProtected,7,1,228 245 226 113 61 86 28 42
layer_11.bin,decodeProtected,6,2,174 203 17 72 154 107 98 254
layer_12.bin,decodeProtected,6,2,10 160 11 96 175 28 116 51
layer_13.bin,decodeProtected,6,2,29 183 222 45 211 97 208 83
layer_14.bin,decodeProtected,8,0,44 132 248 21 213 57 173 150
layer_15.bin,decodeProtected,7,1,130 213 90 221 145 139 150 93
layer_16.bin,decodeProtected,6,2,195 191 183 24 243 180 219 100
layer_17.bin,decodeProtected,6,2,69 94 8 101 225 244 138 151
layer_18.bin,decodeProtected,5,3,77 90 225 22 233 83 232 151
layer_19.bin,decodeProtected,6,2,129 199 59 88 190 153 142 138
layer_20.bin,decodeProtected,7,1,148 120 89 24 53 72 36 103
layer_21.bin,decodeProtected,5,3,69 99 106 166 15 39 195 214
layer_22.bin,decodeProtected,4,4,249 113 83 207 24 28 86 34
layer_23.bin,decodeProtected,3,5,174 72 134 203 123 90 154 233
layer_24.bin,decodeProtected,7,1,160 96 87 15 9 116 244 2
layer_25.bin,decodeProtected,4,4,183 29 208 222 4 174 153 27
layer_26.bin,decodeProtected,5,3,203 58 44 132 248 252 213 228
layer_27.bin,decodeProtected,6,2,23 139 206 43 169 145 90 96
layer_28.bin,decodeProtected,7,1,181 191 183 195 24 4 102 169
layer_29.bin,decodeProtected,8,0,151 132 204 69 244 101 214 1
layer_30.bin,decodeProtected,8,0,71 188 77 225 90 64 117 19
layer_31.bin,decodeProtected,8,0,199 240 95 59 88 85 129 190
layer_32.bin,decodeProtected,6,2,102 48 7 236 254 59 18 246
layer_33.bin,decodeProtected,6,2,126 107 224 132 151 139 253 225
layer_34.bin,decodeProtected,7,1,64 175 240 10 252 67 220 211
layer_35.bin,decodeProtected,8,0,94 129 235 5 85 2 202 183
layer_36.bin,decodeProtected,6,2,188 152 195 246 67 142 2 169
layer_37.bin,decodeProtected,8,0,135 43 22 161 60 103 199 64
layer_38.bin,decodeProtected,5,3,163 201 234 127 30 119 93 9
layer_39.bin,decodeProtected,4,4,138 246 1 92 215 250 122 203
layer_00.bin,decodeProtected,2,6,49 127 85 18 153 58 146 227
layer_01.bin,decodeProtected,2,6,43 223 29 66 158 17 107 123
layer_02.bin,decodeProtected,3,5,68 169 218 34 152 189 22 15
layer_03.bin,decodeProtected,2,6,116 20 51 171 55 141 203 186
layer_04.bin,decodeProtected,2,6,12 215 228 79 182 199 106 39
layer_05.bin,decodeProtected,4,4,249 169 215 89 29 42 11 240
layer_06.bin,decodeProtected,5,3,2 166 43 136 125 182 149 170
layer_07.bin,decodeProtected,5,3,56 161 40 142 169 250 85 11
layer_08.bin,decodeProtected,7,1,120 148 65 85 24 134 142 152
layer_09.bin,decodeProtected,5,3,99 253 151 15 140 195 143 224
layer_10.bin,decodeProtected,4,4,24 218 245 140 207 226 121 75
layer_11.bin,decodeProtected,3,5,114 203 17 192 72 90 210 40
layer_12.bin,decodeProtected,6,2,11 10 96 137 239 37 16 6
layer_13.bin,decodeProtected,6,2,38 29 15 34 183 162 208 91
layer_14.bin,decodeProtected,6,2,180 248 59 132 213 173 21 46
layer_15.bin,decodeProtected,7,1,90 221 145 93 36 92 139 153
layer_16.bin,decodeProtected,8,0,191 137 24 180 183 195 181 169
layer_17.bin,decodeProtected,6,2,69 218 244 101 51 197 138 8
layer_18.bin,decodeProtected,7,1,77 188 233 225 95 176 83 102
layer_19.bin,decodeProtected,7,1,129 233 59 190 88 153 142 91
layer_20.bin,decodeProtected,7,1,120 148 72 65 53 24 145 214
layer_21.bin,decodeProtected,6,2,99 228 106 214 15 166 231 252
layer_22.bin,decodeProtected,6,2,24 249 207 218 245 121 34 140
layer_23.bin,decodeProtected,7,1,114 134 72 203 253 174 181 248
layer_24.bin,decodeProtected,6,2,43 96 10 116 105 9 244 94
layer_25.bin,decodeProtected,7,1,208 29 38 183 34 136 45 83
layer_26.bin,decodeProtected,6,2,248 58 252 73 132 12 201 188
layer_27.bin,decodeProtected,6,2,139 90 145 206 36 213 168 43
layer_28.bin,decodeProtected,7,1,191 24 137 183 169 181 168 197
layer_29.bin,decodeProtected,7,1,218 69 151 204 101 1 244 104
layer_30.bin,decodeProtected,7,1,71 77 188 225 117 91 64 38
layer_31.bin,decodeProtected,7,1,240 95 59 88 129 199 194 248
layer_32.bin,decodeProtected,7,1,221 102 7 236 254 48 59 47
layer_33.bin,decodeProtected,6,2,168 121 107 224 205 253 151 72
layer_34.bin,decodeProtected,5,3,81 208 252 64 10 55 211 220
layer_35.bin,decodeProtected,6,2,129 99 39 235 202 183 167 11
layer_36.bin,decodeProtected,8,0,152 188 49 195 176 158 118 23
layer_37.bin,decodeProtected,6,2,22 161 15 135 103 193 64 163
layer_38.bin,decodeProtected,6,2,9 234 127 30 118 189 80 106
layer_39.bin,decodeProtected,4,4,250 203 183 92 244 72 36 1
layer_00.bin,decodeProtected,2,6,172 122 188 50 92 62 4 223
layer_01.bin,decodeProtected,2,6,126 29 198 90 221 255 193 14
layer_02.bin,decodeProtected,3,5,236 212 92 110 150 23 86 218
layer_03.bin,decodeProtected,6,2,30 201 177 22 155 218 95 113
layer_04.bin,decodeProtected,4,4,164 239 152 134 37 228 132 38
layer_05.bin,decodeProtected,7,1,115 210 89 58 18 0 95 2
layer_06.bin,decodeProtected,7,1,43 125 92 136 2 200 178 204
layer_07.bin,decodeProtected,7,1,169 161 142 40 57 185 228 187
layer_08.bin,decodeProtected,6,2,148 246 85 53 22 194 187 161
layer_09.bin,decodeProtected,5,3,99 227 253 58 106 166 101 1
layer_10.bin,decodeProtected,6,2,207 9 218 245 75 226 21 252
layer_11.bin,decodeProtected,6,2,116 114 90 202 97 98 153 130
layer_12.bin,decodeProtected,6,2,10 96 11 6 116 239 184 9
layer_13.bin,decodeProtected,8,0,34 38 183 162 83 208 15 29
layer_14.bin,decodeProtected,6,2,132 248 44 254 173 12 21 150
layer_15.bin,decodeProtected,7,1,248 45 90 145 93 206 150 139
layer_16.bin,decodeProtected,7,1,191 195 183 24 230 180 137 169
layer_17.bin,decodeProtected,6,2,69 49 218 244 101 151 8 106
layer_18.bin,decodeProtected,6,2,69 77 188 233 123 151 225 83
layer_19.bin,decodeProtected,6,2,190 59 233 129 88 91 61 248
layer_20.bin,decodeProtected,7,1,148 53 24 72 145 41 65 57
layer_21.bin,decodeProtected,7,1,99 106 98 166 63 214 15 228
layer_22.bin,decodeProtected,5,3,0 9 207 218 245 252 21 34
layer_23.bin,decodeProtected,3,5,15 116 134 114 248 153 214 130
layer_24.bin,decodeProtected,6,2,96 87 9 2 8 116 105 195
layer_25.bin,decodeProtected,8,0,208 38 183 174 222 153 4 136
layer_26.bin,decodeProtected,6,2,58 252 44 188 84 248 132 162
layer_27.bin,decodeProtected,5,3,248 206 139 145 45 43 26 187
layer_28.bin,decodeProtected,8,0,191 230 183 24 137 195 169 4
layer_29.bin,decodeProtected,6,2,49 151 69 204 244 101 90 1
layer_30.bin,decodeProtected,7,1,77 151 64 225 117 83 91 69
layer_31.bin,decodeProtected,6,2,95 240 190 28 59 88 129 34
layer_32.bin,decodeProtected,6,2,146 7 86 102 236 59 140 87
layer_33.bin,decodeProtected,5,3,97 75 36 189 6 104 72 168
layer_34.bin,decodeProtected,5,3,255 238 212 10 211 44 90 55
layer_35.bin,decodeProtected,5,3,202 129 49 148 11 19 190 228
layer_36.bin,decodeProtected,4,4,227 188 234 158 29 147 241 176
layer_37.bin,decodeProtected,5,3,78 16 22 103 207 250 186 70
layer_38.bin,decodeProtected,6,2,93 139 239 252 159 251 8 233
layer_39.bin,decodeProtected,6,2,165 158 235 222 253 22 237 122
layer_00.bin,decodeProtected,1,7,117 187 22 185 121 128 93 18
layer_01.bin,decodeProtected,0,8,230 13 96 183 57 241 206 209
layer_02.bin,decodeProtected,2,6,2 236 65 247 212 84 252 107
layer_03.bin,decodeProtected,5,3,148 170 255 247 166 55 95 20
layer_04.bin,decodeProtected,4,4,123 239 228 122 247 12 139 55
layer_05.bin,decodeProtected,5,3,61 114 142 18 146 95 58 245
layer_06.bin,decodeProtected,6,2,43 125 3 114 90 136 2 182
layer_07.bin,decodeProtected,6,2,85 169 161 11 243 185 131 44
layer_08.bin,decodeProtected,8,0,120 148 53 85 65 159 35 24
layer_09.bin,decodeProtected,6,2,99 178 253 15 106 227 214 101
layer_10.bin,decodeProtected,6,2,163 218 245 207 226 75 34 229
layer_11.bin,decodeProtected,4,4,18 130 116 142 248 66 192 40
layer_12.bin,decodeProtected,6,2,10 96 11 175 252 137 51 2
layer_13.bin,decodeProtected,6,2,200 34 162 3 183 208 91 116
layer_14.bin,decodeProtected,6,2,40 46 248 180 132 102 216 35
layer_15.bin,decodeProtected,7,1,93 221 90 36 145 138 187 122
layer_16.bin,decodeProtected,5,3,137 191 54 183 24 169 13 149
layer_17.bin,decodeProtected,5,3,69 218 101 236 86 244 65 51
layer_18.bin,decodeProtected,7,1,77 233 83 102 188 95 100 69
layer_19.bin,decodeProtected,8,0,233 190 129 248 153 142 61 95
layer_20.bin,decodeProtected,7,1,148 120 72 53 145 24 57 118
layer_21.bin,decodeProtected,8,0,99 71 15 134 106 166 214 252
layer_22.bin,decodeProtected,3,5,121 163 206 249 245 199 28 231
layer_23.bin,decodeProtected,5,3,18 130 248 224 61 134 181 58
layer_24.bin,decodeProtected,4,4,96 106 87 184 104 10 91 2
layer_25.bin,decodeProtected,4,4,34 200 208 183 27 139 193 174
layer_26.bin,decodeProtected,7,1,40 248 58 252 188 132 35 12
layer_27.bin,decodeProtected,7,1,139 187 206 145 138 90 36 66
layer_28.bin,decodeProtected,6,2,191 137 183 169 197 185 176 24
layer_29.bin,decodeProtected,7,1,69 151 65 101 204 244 60 125
layer_30.bin,decodeProtected,7,1,77 45 225 6 51 64 117 83
layer_31.bin,decodeProtected,7,1,95 233 240 248 59 243 88 67
layer_32.bin,decodeProtected,7,1,17 7 236 75 59 102 128 31
layer_33.bin,decodeProtected,4,4,168 94 72 81 57 220 55 214
layer_34.bin,decodeProtected,4,4,55 187 205 10 211 19 246 12
layer_35.bin,decodeProtected,4,4,132 202 129 11 220 254 156 40
layer_36.bin,decodeProtected,4,4,253 8 188 176 158 82 0 57
layer_37.bin,decodeProtected,6,2,158 103 229 7 22 199 250 207
layer_38.bin,decodeProtected,5,3,93 239 88 233 22 10 8 207
layer_39.bin,decodeProtected,6,2,68 23 16 237 235 222 225 142
layer_00.bin,decodeProtected,0,8,82 181 251 107 39 68 83 246
layer_01.bin,decodeProtected,2,6,241 82 228 63 179 92 8 126
layer_02.bin,decodeProtected,2,6,194 237 95 0 209 2 65 137
layer_03.bin,decodeProtected,2,6,134 148 166 65 105 1 41 169
layer_04.bin,decodeProtected,4,4,123 247 133 228 19 145 211 79
layer_05.bin,decodeProtected,4,4,174 142 159 42 226 240 111 215
layer_06.bin,decodeProtected,2,6,62 145 53 98 119 43 110 194
layer_07.bin,decodeProtected,6,2,85 142 169 22 195 72 90 11
layer_08.bin,decodeProtected,5,3,148 120 24 53 158 118 114 154
layer_09.bin,decodeProtected,5,3,99 127 53 37 200 253 15 134
layer_10.bin,decodeProtected,3,5,68 226 245 78 223 191 18 75
layer_11.bin,decodeProtected,1,7,64 80 248 24 5 214 45 173
layer_12.bin,decodeProtected,3,5,10 96 91 126 113 251 70 254
layer_13.bin,decodeProtected,5,3,208 164 34 162 83 118 15 146
layer_14.bin,decodeProtected,8,0,248 132 44 115 173 54 204 21
layer_15.bin,decodeProtected,6,2,90 145 206 139 122 137 104 3
layer_16.bin,decodeProtected,6,2,191 74 195 24 169 183 14 186
layer_17.bin,decodeProtected,6,2,69 8 244 26 60 106 151 210
layer_18.bin,decodeProtected,7,1,77 233 64 232 91 73 95 225
layer_19.bin,decodeProtected,5,3,59 190 129 135 237 171 137 152
layer_20.bin,decodeProtected,7,1,148 53 133 22 161 110 247 140
layer_21.bin,decodeProtected,6,2,99 207 134 143 166 199 37 68
layer_22.bin,decodeProtected,5,3,160 26 116 68 202 250 117 5
layer_23.bin,decodeProtected,6,2,80 170 248 214 224 134 2 64
layer_24.bin,decodeProtected,6,2,96 2 244 3 116 222 139 31
layer_25.bin,decodeProtected,2,6,208 250 255 164 165 79 86 216
layer_26.bin,decodeProtected,5,3,248 252 132 176 162 78 222 177
layer_27.bin,decodeProtected,7,1,206 3 139 90 38 104 145 26
layer_28.bin,decodeProtected,6,2,191 74 169 37 137 14 195 72
layer_29.bin,decodeProtected,6,2,69 26 150 60 112 151 101 204
layer_30.bin,decodeProtected,5,3,77 55 180 93 216 104 181 252
layer_31.bin,decodeProtected,4,4,237 238 248 246 94 194 132 95
layer_32.bin,decodeProtected,5,3,224 197 7 101 236 251 66 105
layer_33.bin,decodeProtected,3,5,179 156 201 72 12 168 62 81
layer_34.bin,decodeProtected,6,2,49 217 211 55 10 213 202 246
layer_35.bin,decodeProtected,6,2,224 202 129 11 254 58 156 170
layer_36.bin,decodeProtected,6,2,255 188 24 176 57 239 143 158
layer_37.bin,decodeProtected,7,1,158 229 103 50 22 219 7 199
layer_38.bin,decodeProtected,6,2,146 93 127 230 239 14 189 118
layer_39.bin,decodeProtected,5,3,85 177 13 10 30 203 116 222
layer_00.bin,decodeProtected,3,5,211 24 109 62 152 163 231 75
layer_01.bin,decodeProtected,4,4,149 9 236 193 89 22 226 92
layer_02.bin,decodeProtected,6,2,237 194 221 143 95 83 3 5
layer_03.bin,decodeProtected,4,4,22 243 201 167 54 132 209 247
layer_04.bin,decodeProtected,8,0,134 243 132 175 247 121 43 29
layer_05.bin,decodeProtected,7,1,164 111 58 95 136 82 159 42
layer_06.bin,decodeProtected,7,1,62 43 98 125 12 91 213 53
layer_07.bin,decodeProtected,8,0,142 246 85 13 57 75 169 6
layer_08.bin,decodeProtected,7,1,148 63 72 121 53 22 16 145
layer_09.bin,decodeProtected,7,1,134 99 32 58 221 53 8 79
layer_10.bin,decodeProtected,7,1,245 226 233 191 242 146 162 217
layer_11.bin,decodeProtected,4,4,218 61 164 87 248 92 97 214
layer_12.bin,decodeProtected,5,3,50 184 10 119 96 218 239 104
layer_13.bin,decodeProtected,8,0,185 34 0 13 208 180 19 83
layer_14.bin,decodeProtected,7,1,252 17 248 35 132 21 110 150
layer_15.bin,decodeProtected,7,1,122 138 90 92 151 139 145 45
layer_16.bin,decodeProtected,7,1,191 169 24 88 193 234 197 183
layer_17.bin,decodeProtected,5,3,69 4 60 103 249 51 21 244
layer_18.bin,decodeProtected,7,1,77 151 209 102 123 233 100 146
layer_19.bin,decodeProtected,7,1,85 129 94 95 194 248 190 221
layer_20.bin,decodeProtected,7,1,148 72 145 24 53 57 202 152
layer_21.bin,decodeProtected,7,1,99 71 32 98 15 214 134 86
layer_22.bin,decodeProtected,6,2,245 226 233 191 242 249 121 135
layer_23.bin,decodeProtected,6,2,61 218 248 117 70 134 233 125
layer_24.bin,decodeProtected,7,1,50 119 96 10 184 87 11 104
layer_25.bin,decodeProtected,6,2,0 34 183 230 83 71 97 208
layer_26.bin,decodeProtected,7,1,248 196 252 201 58 132 188 228
layer_27.bin,decodeProtected,7,1,139 90 28 145 104 38 141 239
layer_28.bin,decodeProtected,6,2,191 193 24 102 183 196 176 168
layer_29.bin,decodeProtected,6,2,69 94 151 88 61 21 9 60
layer_30.bin,decodeProtected,7,1,77 225 162 64 232 99 104 117
layer_31.bin,decodeProtected,8,0,95 85 207 88 221 183 157 59
layer_32.bin,decodeProtected,5,3,109 140 125 179 161 92 236 26
layer_33.bin,decodeProtected,4,4,139 132 181 104 250 223 60 137
layer_34.bin,decodeProtected,6,2,44 166 94 238 121 211 10 109
layer_35.bin,decodeProtected,6,2,129 74 44 180 148 202 190 187
layer_36.bin,decodeProtected,4,4,115 19 79 93 47 227 94 29
layer_37.bin,decodeProtected,5,3,169 16 101 61 212 175 80 86
layer_38.bin,decodeProtected,5,3,169 18 11 254 96 186 143 180
layer_39.bin,decodeProtected,5,3,117 231 235 22 91 39 95 163
layer_00.bin,decodeProtected,0,8,123 229 249 196 105 216 7 104
layer_01.bin,decodeProtected,3,5,150 225 231 27 93 155 106 54
layer_02.bin,decodeProtected,1,7,17 103 4 227 162 163 90 146
layer_03.bin,decodeProtected,3,5,152 235 133 187 31 84 37 231
layer_04.bin,decodeProtected,5,3,13 236 142 102 167 191 222 108
layer_05.bin,decodeProtected,3,5,104 161 193 204 186 253 89 41
layer_06.bin,decodeProtected,7,1,43 167 153 125 62 178 2 93
layer_07.bin,decodeProtected,7,1,23 29 185 169 142 57 133 85
layer_08.bin,decodeProtected,6,2,148 89 234 85 116 180 212 115
layer_09.bin,decodeProtected,5,3,29 94 99 164 228 118 84 143
layer_10.bin,decodeProtected,5,3,169 130 207 245 248 113 23 21
layer_11.bin,decodeProtected,6,2,189 17 5 107 185 161 98 248
layer_12.bin,decodeProtected,8,0,10 63 26 21 116 15 96 149
layer_13.bin,decodeProtected,8,0,43 29 97 183 83 45 208 147
layer_14.bin,decodeProtected,6,2,20 248 173 124 150 184 132 86
layer_15.bin,decodeProtected,8,0,90 81 145 139 147 227 92 122
layer_16.bin,decodeProtected,7,1,24 191 5 196 183 195 115 243
layer_17.bin,decodeProtected,5,3,69 172 196 250 61 210 95 1
layer_18.bin,decodeProtected,6,2,179 187 77 0 57 224 58 83
layer_19.bin,decodeProtected,6,2,130 142 205 127 95 72 148 88
layer_20.bin,decodeProtected,8,0,148 234 89 36 180 134 24 240
layer_21.bin,decodeProtected,4,4,164 29 94 99 126 222 31 91
layer_22.bin,decodeProtected,3,5,113 169 198 83 130 121 23 206
layer_23.bin,decodeProtected,3,5,161 189 233 90 24 173 125 129
layer_24.bin,decodeProtected,8,0,63 26 74 160 87 10 15 200
layer_25.bin,decodeProtected,4,4,43 147 253 254 45 153 2 27
layer_26.bin,decodeProtected,6,2,20 124 216 148 184 142 86 173
layer_27.bin,decodeProtected,6,2,145 200 90 81 137 139 187 227
layer_28.bin,decodeProtected,6,2,191 36 24 133 5 43 23 151
layer_29.bin,decodeProtected,5,3,69 76 250 172 51 87 151 91
layer_30.bin,decodeProtected,5,3,179 77 187 60 225 0 104 205
layer_31.bin,decodeProtected,6,2,205 109 4 248 95 129 207 142
layer_32.bin,decodeProtected,3,5,98 213 161 41 181 35 10 54
layer_33.bin,decodeProtected,3,5,86 238 99 113 126 215 227 218
layer_34.bin,decodeProtected,4,4,96 84 207 62 211 180 229 223
layer_35.bin,decodeProtected,2,6,203 134 231 33 232 102 221 38
layer_36.bin,decodeProtected,2,6,29 85 191 220 61 47 99 9
layer_37.bin,decodeProtected,3,5,65 144 61 229 137 2 53 96
layer_38.bin,decodeProtected,2,6,18 166 23 70 191 117 176 182
layer_39.bin,decodeProtected,4,4,95 50 2 98 148 84 159 39
layer_00.bin,decodeProtected,3,5,141 235 221 125 115 253 47 158
layer_01.bin,decodeProtected,6,2,182 93 244 155 152 68 11 197
layer_02.bin,decodeProtected,4,4,10 57 145 103 34 123 121 53
layer_03.bin,decodeProtected,3,5,12 235 190 187 158 174 179 130
layer_04.bin,decodeProtected,5,3,236 144 142 95 87 96 67 91
layer_05.bin,decodeProtected,8,0,90 193 47 188 43 135 41 224
layer_06.bin,decodeProtected,5,3,153 43 215 60 206 167 207 173
layer_07.bin,decodeProtected,6,2,23 185 78 29 117 42 147 216
layer_08.bin,decodeProtected,8,0,116 180 234 239 56 175 52 99
layer_09.bin,decodeProtected,8,0,126 164 116 191 94 2 239 161
layer_10.bin,decodeProtected,6,2,169 198 125 65 36 196 247 120
layer_11.bin,decodeProtected,6,2,128 189 108 160 233 206 86 161
layer_12.bin,decodeProtected,7,1,74 93 128 63 85 15 26 1
layer_13.bin,decodeProtected,7,1,147 134 43 118 45 182 154 204
layer_14.bin,decodeProtected,7,1,51 124 88 86 148 137 20 64
layer_15.bin,decodeProtected,5,3,162 200 81 147 247 242 148 127
layer_16.bin,decodeProtected,5,3,5 133 196 51 61 32 231 238
layer_17.bin,decodeProtected,7,1,250 87 172 76 198 0 69 89
layer_18.bin,decodeProtected,8,0,161 179 43 0 187 77 57 134
layer_19.bin,decodeProtected,8,0,116 109 20 243 205 26 88 4
layer_20.bin,decodeProtected,6,2,180 234 239 23 52 116 56 83
layer_21.bin,decodeProtected,7,1,126 161 35 164 116 191 29 136
layer_22.bin,decodeProtected,5,3,169 65 198 69 130 247 21 10
layer_23.bin,decodeProtected,3,5,189 128 161 82 73 243 172 86
layer_24.bin,decodeProtected,8,0,74 93 63 26 15 235 3 199
layer_25.bin,decodeProtected,8,0,147 134 43 253 254 32 130 2
layer_26.bin,decodeProtected,6,2,86 148 51 124 88 20 149 191
layer_27.bin,decodeProtected,7,1,162 200 81 147 181 31 58 137
layer_28.bin,decodeProtected,7,1,43 5 133 151 24 93 36 191
layer_29.bin,decodeProtected,7,1,87 76 69 57 250 0 172 96
layer_30.bin,decodeProtected,5,3,163 179 32 226 77 146 187 40
layer_31.bin,decodeProtected,6,2,116 109 20 205 4 123 12 105
layer_32.bin,decodeProtected,8,0,223 119 181 90 161 252 53 35
layer_33.bin,decodeProtected,6,2,93 129 231 32 83 113 184 99
layer_34.bin,decodeProtected,4,4,82 96 231 112 106 160 85 132
layer_35.bin,decodeProtected,6,2,203 72 204 174 134 152 33 84
layer_36.bin,decodeProtected,5,3,22 222 106 29 94 61 47 165
layer_37.bin,decodeProtected,5,3,229 133 61 233 119 88 244 186
layer_38.bin,decodeProtected,5,3,64 193 18 111 143 166 182 207
layer_39.bin,decodeProtected,6,2,39 186 162 35 10 202 190 22
layer_00.bin,decodeProtected,2,6,252 238 25 43 147 100 42 183
layer_01.bin,decodeProtected,4,4,46 250 129 224 103 147 189 213
layer_02.bin,decodeProtected,6,2,140 10 128 176 186 167 53 78
layer_03.bin,decodeProtected,7,1,26 117 233 230 103 130 78 179
layer_04.bin,decodeProtected,3,5,81 183 199 248 144 96 92 145
layer_05.bin,decodeProtected,7,1,188 90 43 224 248 78 47 135
layer_06.bin,decodeProtected,4,4,60 206 101 63 96 43 179 208
layer_07.bin,decodeProtected,7,1,176 117 54 78 70 22 142 23
layer_08.bin,decodeProtected,6,2,239 116 104 73 237 175 10 185
layer_09.bin,decodeProtected,5,3,126 191 171 113 30 25 160 116
layer_10.bin,decodeProtected,4,4,115 157 36 248 238 166 211 173
layer_11.bin,decodeProtected,3,5,233 133 224 111 181 74 140 132
layer_12.bin,decodeProtected,4,4,44 93 249 54 144 85 74 92
layer_13.bin,decodeProtected,6,2,33 15 138 6 61 134 107 147
layer_14.bin,decodeProtected,7,1,86 147 51 50 173 226 47 184
layer_15.bin,decodeProtected,7,1,162 189 90 166 213 92 147 206
layer_16.bin,decodeProtected,8,0,151 24 156 231 191 205 43 183
layer_17.bin,decodeProtected,8,0,5 69 166 57 1 87 110 76
layer_18.bin,decodeProtected,8,0,77 179 128 161 226 131 224 204
layer_19.bin,decodeProtected,8,0,12 109 72 88 243 205 59 115
layer_20.bin,decodeProtected,7,1,239 148 180 23 4 113 72 116
layer_21.bin,decodeProtected,8,0,191 126 116 99 207 1 166 229
layer_22.bin,decodeProtected,7,1,207 236 157 86 161 116 248 21
layer_23.bin,decodeProtected,7,1,140 36 111 181 189 253 133 223
layer_24.bin,decodeProtected,4,4,93 220 116 10 44 43 21 54
layer_25.bin,decodeProtected,7,1,6 33 15 45 208 29 138 254
layer_26.bin,decodeProtected,7,1,86 248 118 204 147 173 132 73
layer_27.bin,decodeProtected,8,0,162 145 139 147 206 90 227 122
layer_28.bin,decodeProtected,7,1,191 43 24 156 183 168 116 151
layer_29.bin,decodeProtected,8,0,69 5 158 1 57 151 98 204
layer_30.bin,decodeProtected,8,0,77 226 91 117 97 64 225 128
layer_31.bin,decodeProtected,7,1,167 12 59 240 95 88 248 120
layer_32.bin,decodeProtected,8,0,223 47 119 158 181 236 255 178
layer_33.bin,decodeProtected,8,0,74 83 72 28 81 93 220 215
layer_34.bin,decodeProtected,7,1,241 1 211 116 246 252 10 186
layer_35.bin,decodeProtected,8,0,202 167 129 235 183 14 212 160
layer_36.bin,decodeProtected,7,1,188 70 158 98 176 248 119 23
layer_37.bin,decodeProtected,8,0,62 58 163 219 229 103 199 22
layer_38.bin,decodeProtected,7,1,239 166 175 231 147 233 8 10
layer_39.bin,decodeProtected,5,3,238 95 81 50 223 22 17 103
layer_00.bin,decodeProtected,4,4,209 104 206 43 105 30 147 95
layer_01.bin,decodeProtected,3,5,47 46 156 188 148 159 36 54
layer_02.bin,decodeProtected,1,7,82 73 85 186 251 98 215 172
layer_03.bin,decodeProtected,5,3,117 119 233 103 143 183 244 178
layer_04.bin,decodeProtected,5,3,81 246 193 183 20 249 145 184
layer_05.bin,decodeProtected,3,5,42 111 106 85 132 255 230 159
layer_06.bin,decodeProtected,3,5,145 96 160 118 7 206 176 98
layer_07.bin,decodeProtected,5,3,142 22 72 180 98 90 57 176
layer_08.bin,decodeProtected,6,2,148 24 239 152 158 199 237 36
layer_09.bin,decodeProtected,5,3,53 99 126 88 199 37 91 113
layer_10.bin,decodeProtected,5,3,115 121 96 21 240 11 76 145
layer_11.bin,decodeProtected,5,3,181 253 214 42 132 4 58 51
layer_12.bin,decodeProtected,4,4,10 96 175 92 102 83 184 214
layer_13.bin,decodeProtected,7,1,34 15 83 208 189 45 136 251
layer_14.bin,decodeProtected,6,2,173 248 35 132 123 110 115 216
layer_15.bin,decodeProtected,7,1,90 139 141 227 93 145 120 138
layer_16.bin,decodeProtected,7,1,191 24 115 243 183 169 162 1
layer_17.bin,decodeProtected,6,2,69 196 217 210 98 244 151 116
layer_18.bin,decodeProtected,7,1,77 64 97 102 224 233 194 176
layer_19.bin,decodeProtected,7,1,95 212 129 142 127 235 190 72
layer_20.bin,decodeProtected,5,3,148 72 240 118 36 128 168 50
layer_21.bin,decodeProtected,7,1,99 1 37 214 143 128 228 187
layer_22.bin,decodeProtected,5,3,207 236 245 149 179 162 127 86
layer_23.bin,decodeProtected,6,2,181 80 149 61 140 223 253 224
layer_24.bin,decodeProtected,5,3,116 10 127 185 96 43 184 196
layer_25.bin,decodeProtected,8,0,34 83 45 37 183 208 211 15
layer_26.bin,decodeProtected,6,2,248 115 173 21 134 252 162 254
layer_27.bin,decodeProtected,8,0,139 145 90 177 227 138 147 36
layer_28.bin,decodeProtected,5,3,191 24 183 169 26 248 103 88
layer_29.bin,decodeProtected,6,2,69 158 5 151 98 204 86 65
layer_30.bin,decodeProtected,8,0,77 44 97 176 117 226 45 64
layer_31.bin,decodeProtected,8,0,248 240 95 221 167 59 233 88
layer_32.bin,decodeProtected,7,1,223 128 241 158 68 236 7 31
layer_33.bin,decodeProtected,5,3,72 74 190 41 81 123 50 221
layer_34.bin,decodeProtected,8,0,211 246 116 10 34 1 97 247
layer_35.bin,decodeProtected,7,1,202 129 167 14 183 235 194 11
layer_36.bin,decodeProtected,6,2,188 70 119 158 176 78 118 207
layer_37.bin,decodeProtected,8,0,103 163 22 219 58 104 199 64
layer_38.bin,decodeProtected,8,0,92 127 148 27 118 230 189 239
layer_39.bin,decodeProtected,8,0,243 238 38 2 70 78 12 242
layer_00.bin,decodeProtected,6,2,88 32 206 140 95 67 89 238
layer_01.bin,decodeProtected,6,2,181 47 152 192 212 46 36 54
layer_02.bin,decodeProtected,6,2,82 62 186 197 165 215 251 85
layer_03.bin,decodeProtected,7,1,117 233 106 226 236 103 76 150
layer_04.bin,decodeProtected,3,5,62 193 20 9 199 101 92 114
layer_05.bin,decodeProtected,4,4,230 160 220 87 248 29 189 237
layer_06.bin,decodeProtected,4,4,118 96 89 160 181 217 63 179
layer_07.bin,decodeProtected,4,4,142 176 145 22 72 112 165 54
layer_08.bin,decodeProtected,7,1,148 239 24 205 237 152 53 158
layer_09.bin,decodeProtected,6,2,53 99 126 113 143 69 177 30
layer_10.bin,decodeProtected,4,4,122 121 215 166 115 11 93 183
layer_11.bin,decodeProtected,5,3,181 224 253 41 183 51 149 214
layer_12.bin,decodeProtected,6,2,102 212 175 144 62 92 4 10
layer_13.bin,decodeProtected,6,2,15 34 2 251 6 208 121 138
layer_14.bin,decodeProtected,7,1,35 173 248 123 216 132 41 87
layer_15.bin,decodeProtected,7,1,90 139 145 141 122 228 120 136
layer_16.bin,decodeProtected,4,4,191 24 39 183 63 37 29 223
layer_17.bin,decodeProtected,8,0,69 5 158 60 26 196 244 151
layer_18.bin,decodeProtected,8,0,77 102 83 233 176 224 64 95
layer_19.bin,decodeProtected,8,0,129 95 59 221 51 248 233 212
layer_20.bin,decodeProtected,6,2,148 72 53 239 24 17 134 118
layer_21.bin,decodeProtected,6,2,99 120 156 207 69 37 166 1
layer_22.bin,decodeProtected,7,1,207 236 157 116 122 179 60 194
layer_23.bin,decodeProtected,7,1,181 39 140 253 134 78 224 223
layer_24.bin,decodeProtected,6,2,116 43 127 96 10 13 9 106
layer_25.bin,decodeProtected,6,2,34 208 15 83 250 6 139 165
layer_26.bin,decodeProtected,6,2,248 252 204 73 216 58 115 132
layer_27.bin,decodeProtected,8,0,139 145 206 228 122 138 46 177
layer_28.bin,decodeProtected,5,3,191 24 183 231 26 156 116 35
layer_29.bin,decodeProtected,8,0,69 158 204 151 5 98 1 65
layer_30.bin,decodeProtected,8,0,77 97 226 176 170 117 128 45
layer_31.bin,decodeProtected,8,0,240 248 95 120 221 59 167 233
layer_32.bin,decodeProtected,7,1,223 158 60 128 47 68 236 194
layer_33.bin,decodeProtected,8,0,74 72 41 190 81 220 229 123
layer_34.bin,decodeProtected,8,0,116 211 82 34 10 246 97 1
layer_35.bin,decodeProtected,8,0,202 129 167 183 14 224 194 11
layer_36.bin,decodeProtected,8,0,188 70 176 158 78 119 153 207
layer_37.bin,decodeProtected,8,0,103 163 104 22 58 219 199 64
layer_38.bin,decodeProtected,8,0,127 92 27 118 148 230 189 175
layer_39.bin,decodeProtected,8,0,110 243 12 38 70 78 69 242
layer_00.bin,decodeProtected,4,4,211 62 124 224 4 144 139 203
layer_01.bin,decodeProtected,5,3,149 9 89 14 245 193 219 68
layer_02.bin,decodeProtected,6,2,193 92 157 42 60 3 79 143
layer_03.bin,decodeProtected,7,1,197 243 22 201 56 199 163 69
layer_04.bin,decodeProtected,8,0,134 152 175 29 132 98 121 94
layer_05.bin,decodeProtected,7,1,164 60 58 42 136 77 95 64
layer_06.bin,decodeProtected,5,3,12 43 82 152 92 168 213 195
layer_07.bin,decodeProtected,7,1,142 246 57 175 145 30 185 166
layer_08.bin,decodeProtected,8,0,148 63 121 72 53 133 59 22
layer_09.bin,decodeProtected,8,0,99 134 32 1 199 221 58 253
layer_10.bin,decodeProtected,6,2,207 217 233 149 116 245 122 135
layer_11.bin,decodeProtected,5,3,230 237 97 78 214 253 218 54
layer_12.bin,decodeProtected,5,3,10 50 21 96 38 244 239 13
layer_13.bin,decodeProtected,8,0,34 185 83 208 0 180 15 20
layer_14.bin,decodeProtected,8,0,248 132 17 21 173 252 44 204
layer_15.bin,decodeProtected,7,1,90 227 139 145 138 122 249 92
layer_16.bin,decodeProtected,6,2,24 230 191 234 169 183 56 82
layer_17.bin,decodeProtected,7,1,69 19 96 60 233 158 4 244
layer_18.bin,decodeProtected,8,0,77 209 102 233 176 250 64 108
layer_19.bin,decodeProtected,5,3,221 60 129 248 95 48 19 125
layer_20.bin,decodeProtected,8,0,148 72 47 24 53 247 145 133
layer_21.bin,decodeProtected,8,0,99 32 156 98 134 166 207 1
layer_22.bin,decodeProtected,7,1,207 233 122 157 116 146 245 21
layer_23.bin,decodeProtected,7,1,59 134 181 97 253 78 223 99
layer_24.bin,decodeProtected,7,1,50 116 47 210 96 87 244 9
layer_25.bin,decodeProtected,8,0,0 208 34 19 20 37 250 183
layer_26.bin,decodeProtected,8,0,248 252 58 132 204 73 115 228
layer_27.bin,decodeProtected,6,2,145 139 177 206 90 255 28 129
layer_28.bin,decodeProtected,8,0,230 191 24 56 183 102 26 168
layer_29.bin,decodeProtected,7,1,158 69 19 151 96 204 1 98
layer_30.bin,decodeProtected,7,1,77 197 97 226 64 143 225 91
layer_31.bin,decodeProtected,7,1,157 221 95 59 88 83 60 248
layer_32.bin,decodeProtected,6,2,12 19 146 248 236 109 47 140
layer_33.bin,decodeProtected,8,0,181 74 133 56 37 176 102 81
layer_34.bin,decodeProtected,6,2,249 191 195 211 80 121 73 1
layer_35.bin,decodeProtected,8,0,136 129 202 167 44 14 235 185
layer_36.bin,decodeProtected,5,3,188 26 153 138 79 147 158 227
layer_37.bin,decodeProtected,7,1,229 214 58 22 103 175 250 169
layer_38.bin,decodeProtected,8,0,87 0 92 254 18 252 67 180
layer_39.bin,decodeProtected,6,2,251 189 197 99 44 127 22 219
layer_00.bin,decodeProtected,2,6,209 247 240 220 17 52 159 53
layer_01.bin,decodeProtected,6,2,149 219 9 89 23 179 193 195
layer_02.bin,decodeProtected,5,3,92 150 86 66 35 60 193 253
layer_03.bin,decodeProtected,5,3,155 201 87 22 243 30 54 180
layer_04.bin,decodeProtected,7,1,134 152 175 94 121 29 43 186
layer_05.bin,decodeProtected,8,0,164 58 136 95 115 42 60 0
layer_06.bin,decodeProtected,8,0,82 43 92 125 12 14 156 102
layer_07.bin,decodeProtected,7,1,142 246 57 243 185 187 132 181
layer_08.bin,decodeProtected,8,0,148 53 133 72 121 59 24 22
layer_09.bin,decodeProtected,5,3,99 134 199 1 28 130 194 207
layer_10.bin,decodeProtected,7,1,207 122 116 233 245 217 108 250
layer_11.bin,decodeProtected,7,1,59 214 97 54 253 183 220 230
layer_12.bin,decodeProtected,7,1,10 21 50 96 116 9 210 51
layer_13.bin,decodeProtected,8,0,34 15 185 208 83 183 128 20
layer_14.bin,decodeProtected,8,0,252 248 173 132 21 54 35 204
layer_15.bin,decodeProtected,8,0,90 227 145 139 122 138 249 248
layer_16.bin,decodeProtected,6,2,24 230 191 169 183 168 193 35
layer_17.bin,decodeProtected,7,1,69 158 96 60 21 225 196 138
layer_18.bin,decodeProtected,8,0,77 250 201 64 97 102 176 151
layer_19.bin,decodeProtected,7,1,60 44 129 248 95 19 221 85
layer_20.bin,decodeProtected,7,1,148 24 50 72 23 62 145 53
layer_21.bin,decodeProtected,7,1,99 98 194 207 143 166 203 1
layer_22.bin,decodeProtected,7,1,207 157 60 122 21 116 43 132
layer_23.bin,decodeProtected,6,2,59 78 253 96 34 181 220 134
layer_24.bin,decodeProtected,8,0,116 220 50 10 210 87 11 128
layer_25.bin,decodeProtected,8,0,37 19 45 183 15 101 2 254
layer_26.bin,decodeProtected,7,1,86 204 140 73 252 171 248 44
layer_27.bin,decodeProtected,7,1,177 145 172 147 162 227 139 249
layer_28.bin,decodeProtected,8,0,24 191 183 230 195 26 102 168
layer_29.bin,decodeProtected,8,0,1 69 151 21 98 158 96 204
layer_30.bin,decodeProtected,7,1,197 77 91 64 225 250 204 117
layer_31.bin,decodeProtected,6,2,59 88 95 240 151 4 205 44
layer_32.bin,decodeProtected,7,1,162 186 247 12 236 19 47 254
layer_33.bin,decodeProtected,6,2,86 56 238 181 28 74 113 143
layer_34.bin,decodeProtected,7,1,1 10 191 101 252 180 5 195
layer_35.bin,decodeProtected,7,1,129 202 153 235 160 167 21 14
layer_36.bin,decodeProtected,4,4,188 119 124 248 85 220 19 98
layer_37.bin,decodeProtected,6,2,229 58 100 22 16 66 86 175
layer_38.bin,decodeProtected,6,2,92 0 61 18 118 96 150 180
layer_39.bin,decodeProtected,6,2,189 197 163 138 91 118 129 223
layer_00.bin,decodeProtected,4,4,101 34 35 197 179 242 9 79
layer_01.bin,decodeProtected,5,3,62 27 155 47 150 75 151 123
layer_02.bin,decodeProtected,5,3,252 128 38 35 130 210 109 155
layer_03.bin,decodeProtected,7,1,26 230 233 211 37 118 176 236
layer_04.bin,decodeProtected,6,2,15 245 102 144 241 200 142 120
layer_05.bin,decodeProtected,5,3,90 188 235 43 239 220 83 112
layer_06.bin,decodeProtected,7,1,43 14 82 156 215 125 91 52
layer_07.bin,decodeProtected,5,3,23 199 112 185 210 187 70 168
layer_08.bin,decodeProtected,8,0,239 35 148 56 180 85 115 52
layer_09.bin,decodeProtected,7,1,203 99 207 29 143 98 230 180
layer_10.bin,decodeProtected,6,2,122 157 207 248 13 11 213 61
layer_11.bin,decodeProtected,4,4,42 133 111 95 185 96 98 233
layer_12.bin,decodeProtected,7,1,220 116 253 15 3 51 160 21
layer_13.bin,decodeProtected,7,1,29 15 138 183 45 6 26 208
layer_14.bin,decodeProtected,7,1,86 173 248 244 204 200 136 132
layer_15.bin,decodeProtected,8,0,172 213 36 90 145 162 139 227
layer_16.bin,decodeProtected,7,1,24 191 181 183 243 231 37 168
layer_17.bin,decodeProtected,7,1,69 250 166 60 5 103 1 138
layer_18.bin,decodeProtected,8,0,77 197 170 204 225 161 97 176
layer_19.bin,decodeProtected,8,0,205 88 129 243 109 59 95 4
layer_20.bin,decodeProtected,7,1,148 239 180 212 23 35 4 72
layer_21.bin,decodeProtected,5,3,203 99 1 217 84 207 143 115
layer_22.bin,decodeProtected,7,1,207 236 62 157 83 249 21 86
layer_23.bin,decodeProtected,5,3,42 134 54 253 39 111 145 95
layer_24.bin,decodeProtected,6,2,116 220 10 167 15 184 62 9
layer_25.bin,decodeProtected,8,0,29 45 15 37 83 254 183 136
layer_26.bin,decodeProtected,7,1,248 86 204 115 118 73 21 134
layer_27.bin,decodeProtected,8,0,145 177 172 139 90 227 162 36
layer_28.bin,decodeProtected,8,0,191 24 183 96 195 5 26 116
layer_29.bin,decodeProtected,8,0,5 151 69 98 250 1 132 204
layer_30.bin,decodeProtected,8,0,77 197 64 71 170 179 225 91
layer_31.bin,decodeProtected,7,1,240 95 130 59 109 88 248 129
layer_32.bin,decodeProtected,7,1,98 186 96 247 236 7 99 47
layer_33.bin,decodeProtected,6,2,126 238 86 232 190 72 28 183
layer_34.bin,decodeProtected,8,0,116 10 180 207 252 101 1 246
layer_35.bin,decodeProtected,8,0,129 153 202 160 235 14 167 16
layer_36.bin,decodeProtected,7,1,181 188 119 70 8 248 124 118
layer_37.bin,decodeProtected,8,0,65 31 22 58 163 250 103 86
layer_38.bin,decodeProtected,6,2,92 148 71 18 196 118 180 236
layer_39.bin,decodeProtected,8,0,189 2 138 69 38 70 217 22
layer_00.bin,decodeProtected,4,4,141 235 208 221 115 158 125 64
layer_01.bin,decodeProtected,8,0,62 217 182 152 70 155 140 47
layer_02.bin,decodeProtected,6,2,255 167 128 109 121 43 123 127
layer_03.bin,decodeProtected,6,2,190 117 219 230 26 187 12 119
layer_04.bin,decodeProtected,8,0,54 142 102 45 222 236 15 95
layer_05.bin,decodeProtected,7,1,90 188 43 135 65 47 222 58
layer_06.bin,decodeProtected,7,1,182 43 14 157 79 138 31 153
layer_07.bin,decodeProtected,7,1,117 23 78 123 229 185 64 191
layer_08.bin,decodeProtected,7,1,116 180 239 104 52 137 56 35
layer_09.bin,decodeProtected,6,2,191 116 208 203 197 239 2 38
layer_10.bin,decodeProtected,8,0,88 157 125 198 169 196 247 21
layer_11.bin,decodeProtected,6,2,111 108 233 42 128 96 86 82
layer_12.bin,decodeProtected,8,0,220 93 85 128 15 3 151 62
layer_13.bin,decodeProtected,6,2,134 29 103 15 154 105 107 32
layer_14.bin,decodeProtected,6,2,86 51 52 149 226 41 125 200
layer_15.bin,decodeProtected,7,1,172 162 147 213 181 148 36 31
layer_16.bin,decodeProtected,6,2,231 24 238 61 43 5 168 205
layer_17.bin,decodeProtected,8,0,250 87 5 166 69 0 198 60
layer_18.bin,decodeProtected,7,1,170 204 197 161 43 77 163 97
layer_19.bin,decodeProtected,7,1,116 109 205 243 88 4 117 20
layer_20.bin,decodeProtected,7,1,23 239 180 4 116 148 179 52
layer_21.bin,decodeProtected,5,3,116 191 203 239 85 208 207 30
layer_22.bin,decodeProtected,8,0,125 88 157 65 169 198 247 60
layer_23.bin,decodeProtected,6,2,39 86 111 128 42 96 253 82
layer_24.bin,decodeProtected,5,3,93 220 54 15 151 74 85 52
layer_25.bin,decodeProtected,6,2,134 112 37 147 253 107 105 32
layer_26.bin,decodeProtected,5,3,149 86 51 10 88 52 200 226
layer_27.bin,decodeProtected,7,1,162 172 147 31 165 139 58 177
layer_28.bin,decodeProtected,8,0,43 191 238 24 5 61 117 111
layer_29.bin,decodeProtected,8,0,5 87 250 0 151 69 1 98
layer_30.bin,decodeProtected,8,0,170 197 163 77 225 226 43 179
layer_31.bin,decodeProtected,8,0,116 109 167 20 4 205 95 122
layer_32.bin,decodeProtected,7,1,223 90 119 252 53 161 215 255
layer_33.bin,decodeProtected,6,2,93 83 129 32 210 86 119 220
layer_34.bin,decodeProtected,7,1,132 1 82 186 86 26 113 10
layer_35.bin,decodeProtected,7,1,84 72 27 160 57 129 14 220
layer_36.bin,decodeProtected,5,3,222 192 20 70 83 61 119 22
layer_37.bin,decodeProtected,6,2,229 88 39 24 66 61 93 69
layer_38.bin,decodeProtected,5,3,64 151 193 67 11 150 207 8
layer_39.bin,decodeProtected,7,1,186 190 95 91 148 235 22 50
layer_00.bin,decodeProtected,6,2,38 54 167 193 238 44 112 244
layer_01.bin,decodeProtected,6,2,140 217 62 182 122 152 201 105
layer_02.bin,decodeProtected,6,2,167 121 128 217 173 106 102 43
layer_03.bin,decodeProtected,5,3,26 230 91 117 199 12 128 35
layer_04.bin,decodeProtected,6,2,144 54 120 159 20 145 245 210
layer_05.bin,decodeProtected,6,2,239 90 145 80 160 188 220 255
layer_06.bin,decodeProtected,6,2,43 89 14 230 118 176 111 254
layer_07.bin,decodeProtected,5,3,142 22 57 145 72 98 232 140
layer_08.bin,decodeProtected,7,1,148 35 239 24 53 187 42 250
layer_09.bin,decodeProtected,6,2,99 203 53 116 88 199 63 143
layer_10.bin,decodeProtected,5,3,96 29 115 212 22 76 240 11
layer_11.bin,decodeProtected,5,3,42 239 224 253 214 51 73 58
layer_12.bin,decodeProtected,4,4,53 10 184 51 96 83 88 174
layer_13.bin,decodeProtected,7,1,34 83 15 112 208 135 136 26
layer_14.bin,decodeProtected,6,2,248 173 132 57 21 136 216 29
layer_15.bin,decodeProtected,7,1,90 139 145 120 187 227 93 138
layer_16.bin,decodeProtected,7,1,191 39 183 24 26 243 63 195
layer_17.bin,decodeProtected,7,1,69 151 210 98 244 217 138 177
layer_18.bin,decodeProtected,8,0,233 77 97 64 225 176 58 95
layer_19.bin,decodeProtected,6,2,190 95 129 127 221 135 113 153
layer_20.bin,decodeProtected,6,2,148 72 122 199 35 204 36 118
layer_21.bin,decodeProtected,6,2,99 1 246 187 143 228 37 214
layer_22.bin,decodeProtected,7,1,245 236 207 7 86 157 34 149
layer_23.bin,decodeProtected,7,1,241 80 42 78 181 90 61 253
layer_24.bin,decodeProtected,5,3,116 10 185 96 196 88 137 244
layer_25.bin,decodeProtected,7,1,211 34 37 183 112 83 208 221
layer_26.bin,decodeProtected,5,3,248 21 130 118 173 115 254 134
layer_27.bin,decodeProtected,5,3,139 36 145 104 27 90 172 237
layer_28.bin,decodeProtected,6,2,191 183 24 197 176 142 169 88
layer_29.bin,decodeProtected,7,1,69 5 151 98 204 60 65 102
layer_30.bin,decodeProtected,7,1,77 197 225 170 64 176 88 44
layer_31.bin,decodeProtected,8,0,95 240 167 166 88 248 129 221
layer_32.bin,decodeProtected,7,1,223 236 7 119 246 247 90 31
layer_33.bin,decodeProtected,8,0,86 93 32 83 72 190 238 220
layer_34.bin,decodeProtected,7,1,186 1 10 116 246 180 82 149
layer_35.bin,decodeProtected,8,0,129 14 202 220 235 153 16 160
layer_36.bin,decodeProtected,7,1,188 70 61 119 29 199 94 143
layer_37.bin,decodeProtected,6,2,229 66 61 123 19 58 74 186
layer_38.bin,decodeProtected,4,4,92 168 77 31 233 166 196 197
layer_39.bin,decodeProtected,8,0,189 95 2 238 235 38 50 154
layer_00.bin,decodeProtected,7,1,238 112 140 43 173 200 58 95
layer_01.bin,decodeProtected,8,0,62 140 217 70 182 146 181 152
layer_02.bin,decodeProtected,8,0,167 121 217 72 43 11 49 20
layer_03.bin,decodeProtected,8,0,117 26 230 236 233 199 226 106
layer_04.bin,decodeProtected,7,1,54 45 144 245 193 242 199 58
layer_05.bin,decodeProtected,8,0,90 188 43 135 65 239 248 230
layer_06.bin,decodeProtected,7,1,65 14 43 182 157 89 176 15
layer_07.bin,decodeProtected,8,0,70 117 23 142 185 78 176 22
layer_08.bin,decodeProtected,8,0,239 35 116 104 148 179 173 180
layer_09.bin,decodeProtected,7,1,191 113 180 99 171 116 203 118
layer_10.bin,decodeProtected,6,2,88 157 183 22 212 27 125 11
layer_11.bin,decodeProtected,6,2,39 111 42 181 239 96 224 82
layer_12.bin,decodeProtected,7,1,0 62 220 16 175 85 53 10
layer_13.bin,decodeProtected,7,1,112 211 29 15 103 121 138 34
layer_14.bin,decodeProtected,8,0,173 248 86 136 132 216 21 200
layer_15.bin,decodeProtected,8,0,90 36 172 145 120 139 0 213
layer_16.bin,decodeProtected,6,2,191 181 24 26 183 37 103 243
layer_17.bin,decodeProtected,7,1,5 69 60 210 98 196 138 121
layer_18.bin,decodeProtected,8,0,77 97 170 204 197 224 176 102
layer_19.bin,decodeProtected,8,0,95 205 129 88 243 167 153 109
layer_20.bin,decodeProtected,7,1,148 239 35 72 180 204 36 62
layer_21.bin,decodeProtected,8,0,116 99 191 1 203 217 228 166
layer_22.bin,decodeProtected,7,1,236 157 207 88 86 179 245 62
layer_23.bin,decodeProtected,8,0,39 42 181 63 111 223 82 253
layer_24.bin,decodeProtected,8,0,10 220 116 43 185 196 167 87
layer_25.bin,decodeProtected,8,0,211 45 37 112 29 83 183 253
layer_26.bin,decodeProtected,8,0,86 248 118 204 21 73 228 173
layer_27.bin,decodeProtected,7,1,36 145 172 90 139 227 147 120
layer_28.bin,decodeProtected,8,0,191 24 183 43 176 96 195 117
layer_29.bin,decodeProtected,8,0,5 69 98 151 1 60 250 204
layer_30.bin,decodeProtected,8,0,170 77 225 197 64 117 71 44
layer_31.bin,decodeProtected,7,1,95 240 167 59 88 243 233 109
layer_32.bin,decodeProtected,8,0,223 236 119 158 96 255 7 90
layer_33.bin,decodeProtected,8,0,86 190 232 83 32 238 220 72
layer_34.bin,decodeProtected,8,0,116 10 1 186 180 246 207 149
layer_35.bin,decodeProtected,7,1,129 14 202 153 220 235 142 16
layer_36.bin,decodeProtected,6,2,188 181 70 166 158 4 28 61
layer_37.bin,decodeProtected,8,0,229 31 58 115 199 22 163 66
layer_38.bin,decodeProtected,7,1,93 92 148 196 71 31 67 65
layer_39.bin,decodeProtected,7,1,2 189 38 69 70 138 217 25
layer_00.bin,decodeProtected,3,5,57 241 238 88 108 135 6 182
layer_01.bin,decodeProtected,7,1,140 182 192 11 146 152 181 128
layer_02.bin,decodeProtected,6,2,49 8 188 11 36 60 43 255
layer_03.bin,decodeProtected,4,4,106 226 69 110 29 151 129 199
layer_04.bin,decodeProtected,6,2,45 171 165 129 88 187 28 54
layer_05.bin,decodeProtected,7,1,58 87 188 146 220 147 230 135
layer_06.bin,decodeProtected,5,3,14 43 182 65 255 89 180 75
layer_07.bin,decodeProtected,6,2,142 185 175 57 78 110 210 11
layer_08.bin,decodeProtected,6,2,148 179 116 115 85 239 198 219
layer_09.bin,decodeProtected,5,3,69 180 99 152 1 169 6 37
layer_10.bin,decodeProtected,4,4,88 228 34 157 86 193 132 39
layer_11.bin,decodeProtected,6,2,39 63 253 69 239 19 99 224
layer_12.bin,decodeProtected,6,2,16 10 116 51 120 252 6 28
layer_13.bin,decodeProtected,7,1,112 45 103 211 2 15 183 34
layer_14.bin,decodeProtected,5,3,238 204 21 136 173 248 107 102
layer_15.bin,decodeProtected,8,0,36 227 90 139 145 46 213 141
layer_16.bin,decodeProtected,7,1,24 176 117 191 223 61 181 183
layer_17.bin,decodeProtected,6,2,69 1 5 196 60 127 11 223
layer_18.bin,decodeProtected,7,1,170 77 97 204 225 102 122 176
layer_19.bin,decodeProtected,6,2,229 212 88 95 166 200 153 243
layer_20.bin,decodeProtected,5,3,148 240 195 72 23 225 17 150
layer_21.bin,decodeProtected,6,2,69 180 1 99 254 201 37 241
layer_22.bin,decodeProtected,5,3,157 88 228 127 179 86 173 21
layer_23.bin,decodeProtected,6,2,39 63 99 181 69 253 117 188
layer_24.bin,decodeProtected,6,2,169 10 116 200 185 22 88 16
layer_25.bin,decodeProtected,7,1,211 45 112 138 37 70 136 13
layer_26.bin,decodeProtected,3,5,149 238 110 62 142 204 95 118
layer_27.bin,decodeProtected,8,0,227 141 36 147 126 145 90 139
layer_28.bin,decodeProtected,7,1,61 117 176 191 183 111 106 197
layer_29.bin,decodeProtected,4,4,60 98 69 1 29 113 232 186
layer_30.bin,decodeProtected,4,4,170 169 77 44 95 20 104 181
layer_31.bin,decodeProtected,4,4,95 188 212 166 48 49 184 122
layer_32.bin,decodeProtected,4,4,60 255 121 82 124 241 25 31
layer_33.bin,decodeProtected,3,5,33 229 106 87 51 108 137 66
layer_34.bin,decodeProtected,1,7,93 254 66 108 176 169 142 150
layer_35.bin,decodeProtected,5,3,14 69 53 64 34 38 97 180
layer_36.bin,decodeProtected,2,6,4 136 2 61 77 228 55 149
layer_37.bin,decodeProtected,2,6,218 1 171 239 33 212 185 100
layer_38.bin,decodeProtected,5,3,122 0 135 239 8 68 175 143
layer_39.bin,decodeProtected,5,3,96 110 95 175 235 190 46 50
layer_00.bin,decodeProtected,3,5,29 41 236 211 188 224 75 73
layer_01.bin,decodeProtected,3,5,55 21 167 163 124 191 118 248
layer_02.bin,decodeProtected,4,4,91 188 139 32 143 79 187 6
layer_03.bin,decodeProtected,3,5,56 22 184 93 69 180 109 104
layer_04.bin,decodeProtected,6,2,134 147 28 250 29 132 43 121
layer_05.bin,decodeProtected,5,3,95 108 60 232 164 58 80 42
layer_06.bin,decodeProtected,4,4,12 205 72 210 23 255 213 152
layer_07.bin,decodeProtected,5,3,142 18 22 75 175 6 98 228
layer_08.bin,decodeProtected,6,2,148 72 53 24 63 22 117 202
layer_09.bin,decodeProtected,8,0,99 1 134 199 253 143 37 15
layer_10.bin,decodeProtected,5,3,38 197 226 135 233 217 245 86
layer_11.bin,decodeProtected,6,2,63 117 211 214 253 223 2 121
layer_12.bin,decodeProtected,5,3,10 131 96 38 252 16 185 48
layer_13.bin,decodeProtected,6,2,34 211 215 13 132 185 83 136
layer_14.bin,decodeProtected,7,1,248 132 59 21 102 173 35 130
layer_15.bin,decodeProtected,4,4,90 139 138 255 193 42 130 227
layer_16.bin,decodeProtected,7,1,191 201 176 169 1 183 37 112
layer_17.bin,decodeProtected,5,3,69 225 196 217 128 184 210 72
layer_18.bin,decodeProtected,7,1,102 77 129 95 64 66 237 233
layer_19.bin,decodeProtected,5,3,95 49 142 129 235 206 212 190
layer_20.bin,decodeProtected,6,2,148 68 72 145 240 204 66 175
layer_21.bin,decodeProtected,6,2,99 1 143 15 128 37 187 60
layer_22.bin,decodeProtected,3,5,245 38 135 233 226 197 108 37
layer_23.bin,decodeProtected,6,2,63 61 99 211 117 70 223 166
layer_24.bin,decodeProtected,6,2,50 131 10 96 185 116 153 244
layer_25.bin,decodeProtected,6,2,34 211 83 208 215 240 0 45
layer_26.bin,decodeProtected,6,2,248 21 62 115 130 132 213 196
layer_27.bin,decodeProtected,8,0,139 79 145 90 130 227 104 35
layer_28.bin,decodeProtected,7,1,191 254 183 102 201 176 181 197
layer_29.bin,decodeProtected,7,1,69 225 98 151 60 184 1 204
layer_30.bin,decodeProtected,7,1,77 90 225 129 83 66 64 197
layer_31.bin,decodeProtected,7,1,95 49 149 152 83 88 240 59
layer_32.bin,decodeProtected,5,3,157 236 31 7 48 255 78 215
layer_33.bin,decodeProtected,3,5,161 198 47 205 143 72 87 106
layer_34.bin,decodeProtected,6,2,191 121 175 13 10 67 246 64
layer_35.bin,decodeProtected,8,0,129 14 235 202 94 220 5 16
layer_36.bin,decodeProtected,4,4,188 55 4 192 93 246 119 67
layer_37.bin,decodeProtected,6,2,100 43 101 199 22 132 229 196
layer_38.bin,decodeProtected,5,3,0 122 175 96 61 158 196 45
layer_39.bin,decodeProtected,3,5,176 138 57 163 224 211 190 8
layer_00.bin,decodeProtected,4,4,101 197 179 35 130 213 48 9
layer_01.bin,decodeProtected,5,3,62 27 97 216 150 47 123 30
layer_02.bin,decodeProtected,1,7,40 164 48 88 175 25 37 97
layer_03.bin,decodeProtected,6,2,211 26 230 37 189 69 142 199
layer_04.bin,decodeProtected,7,1,15 241 102 129 200 142 198 90
layer_05.bin,decodeProtected,5,3,58 188 103 222 90 142 146 161
layer_06.bin,decodeProtected,8,0,14 210 43 215 182 125 246 255
layer_07.bin,decodeProtected,8,0,2 185 40 199 142 23 175 81
layer_08.bin,decodeProtected,8,0,148 239 35 85 179 115 56 24
layer_09.bin,decodeProtected,6,2,203 99 180 1 143 233 229 193
layer_10.bin,decodeProtected,7,1,157 88 193 86 38 34 226 197
layer_11.bin,decodeProtected,7,1,174 99 63 39 42 111 203 117
layer_12.bin,decodeProtected,7,1,10 11 131 160 28 21 116 85
layer_13.bin,decodeProtected,6,2,45 29 211 112 183 204 105 215
layer_14.bin,decodeProtected,7,1,86 46 248 204 173 132 21 244
layer_15.bin,decodeProtected,8,0,36 172 227 90 145 213 139 130
layer_16.bin,decodeProtected,8,0,183 191 24 181 243 176 92 231
layer_17.bin,decodeProtected,8,0,69 225 60 196 210 98 5 217
layer_18.bin,decodeProtected,6,2,170 77 90 225 197 64 148 83
layer_19.bin,decodeProtected,8,0,95 153 129 88 243 190 51 130
layer_20.bin,decodeProtected,8,0,148 35 240 239 122 72 23 57
layer_21.bin,decodeProtected,7,1,99 203 180 1 228 84 187 254
layer_22.bin,decodeProtected,6,2,157 83 207 236 245 108 123 149
layer_23.bin,decodeProtected,5,3,174 39 42 123 241 58 181 90
layer_24.bin,decodeProtected,5,3,116 10 251 196 185 106 43 96
layer_25.bin,decodeProtected,8,0,211 183 29 45 83 34 105 208
layer_26.bin,decodeProtected,8,0,248 86 21 115 204 73 132 130
layer_27.bin,decodeProtected,8,0,36 139 145 172 90 227 104 120
layer_28.bin,decodeProtected,7,1,191 183 96 24 169 147 195 35
layer_29.bin,decodeProtected,7,1,69 98 151 5 65 244 102 132
layer_30.bin,decodeProtected,8,0,77 170 225 64 45 176 71 197
layer_31.bin,decodeProtected,6,2,240 95 88 59 167 130 243 152
layer_32.bin,decodeProtected,6,2,7 236 98 247 158 31 99 149
layer_33.bin,decodeProtected,8,0,126 190 72 205 232 86 143 28
layer_34.bin,decodeProtected,7,1,116 10 246 161 1 19 67 97
layer_35.bin,decodeProtected,6,2,129 202 16 14 220 235 228 39
layer_36.bin,decodeProtected,6,2,188 119 207 181 70 49 8 118
layer_37.bin,decodeProtected,7,1,22 103 199 58 95 163 233 219
layer_38.bin,decodeProtected,8,0,92 127 118 230 71 148 189 93
layer_39.bin,decodeProtected,7,1,2 138 189 69 70 38 213 217
layer_00.bin,decodeProtected,0,8,218 212 40 65 157 66 46 4
layer_01.bin,decodeProtected,4,4,124 215 242 128 73 211 191 193
layer_02.bin,decodeProtected,5,3,188 255 87 58 194 97 60 217
layer_03.bin,decodeProtected,5,3,30 55 177 214 201 22 92 219
layer_04.bin,decodeProtected,5,3,254 79 152 74 215 134 43 78
layer_05.bin,decodeProtected,5,3,31 213 18 95 58 23 89 146
layer_06.bin,decodeProtected,6,2,125 241 240 43 14 166 12 39
layer_07.bin,decodeProtected,8,0,61 142 11 187 57 228 2 185
layer_08.bin,decodeProtected,7,1,148 157 22 122 152 53 85 24
layer_09.bin,decodeProtected,5,3,99 156 253 58 214 1 230 67
layer_10.bin,decodeProtected,6,2,220 228 226 251 197 245 108 252
layer_11.bin,decodeProtected,4,4,156 158 27 97 54 69 253 40
layer_12.bin,decodeProtected,8,0,10 175 96 116 119 91 239 196
layer_13.bin,decodeProtected,7,1,83 20 183 211 208 119 37 34
layer_14.bin,decodeProtected,7,1,180 248 21 59 46 115 132 35
layer_15.bin,decodeProtected,7,1,116 90 139 145 227 138 120 36
layer_16.bin,decodeProtected,6,2,191 183 169 13 37 181 147 24
layer_17.bin,decodeProtected,6,2,69 216 65 98 210 151 217 244
layer_18.bin,decodeProtected,8,0,77 176 64 233 102 83 225 95
layer_19.bin,decodeProtected,6,2,233 129 34 190 95 151 153 248
layer_20.bin,decodeProtected,7,1,157 148 122 65 72 240 145 57
layer_21.bin,decodeProtected,7,1,99 156 228 214 240 1 217 210
layer_22.bin,decodeProtected,4,4,220 249 245 255 108 228 206 7
layer_23.bin,decodeProtected,6,2,158 99 241 156 90 4 181 61
layer_24.bin,decodeProtected,5,3,106 91 196 185 6 10 96 127
layer_25.bin,decodeProtected,7,1,211 83 183 20 34 200 208 91
layer_26.bin,decodeProtected,4,4,248 115 21 62 136 235 238 125
layer_27.bin,decodeProtected,5,3,139 145 90 138 116 36 55 198
layer_28.bin,decodeProtected,6,2,191 201 147 142 183 169 185 235
layer_29.bin,decodeProtected,7,1,69 216 65 244 151 98 177 2
layer_30.bin,decodeProtected,7,1,45 176 64 77 225 83 67 51
layer_31.bin,decodeProtected,7,1,240 95 152 248 190 19 88 233
layer_32.bin,decodeProtected,5,3,116 7 137 197 236 75 128 42
layer_33.bin,decodeProtected,4,4,59 206 72 182 18 217 55 57
layer_34.bin,decodeProtected,5,3,205 10 246 196 11 213 211 152
layer_35.bin,decodeProtected,7,1,129 202 16 14 220 210 39 196
layer_36.bin,decodeProtected,5,3,251 188 119 4 243 118 34 99
layer_37.bin,decodeProtected,7,1,95 103 199 22 186 165 7 115
layer_38.bin,decodeProtected,7,1,124 230 93 189 67 254 233 127
layer_39.bin,decodeProtected,6,2,95 45 203 190 13 116 223 27
layer_00.bin,decodeProtected,4,4,211 62 134 70 224 161 100 231
layer_01.bin,decodeProtected,4,4,22 101 255 193 37 85 157 215
layer_02.bin,decodeProtected,5,3,189 71 143 3 97 183 141 83
layer_03.bin,decodeProtected,5,3,20 22 167 42 201 45 147 243
layer_04.bin,decodeProtected,6,2,79 134 44 180 29 175 121 40
layer_05.bin,decodeProtected,5,3,164 91 95 18 58 80 42 237
layer_06.bin,decodeProtected,8,0,240 39 12 241 125 57 152 213
layer_07.bin,decodeProtected,6,2,142 223 38 75 155 136 57 72
layer_08.bin,decodeProtected,8,0,148 22 50 24 16 53 152 187
layer_09.bin,decodeProtected,5,3,99 58 253 1 97 246 101 15
layer_10.bin,decodeProtected,7,1,220 226 255 19 228 242 245 61
layer_11.bin,decodeProtected,4,4,218 158 253 90 4 192 97 205
layer_12.bin,decodeProtected,7,1,175 10 16 127 91 185 96 62
layer_13.bin,decodeProtected,6,2,119 83 37 148 208 34 55 19
layer_14.bin,decodeProtected,6,2,248 229 59 115 110 177 35 102
layer_15.bin,decodeProtected,7,1,90 141 139 150 33 187 227 145
layer_16.bin,decodeProtected,5,3,191 169 190 183 63 201 175 162
layer_17.bin,decodeProtected,6,2,164 69 216 72 99 217 25 65
layer_18.bin,decodeProtected,6,2,102 176 123 180 77 64 72 83
layer_19.bin,decodeProtected,5,3,85 238 95 129 34 144 207 248
layer_20.bin,decodeProtected,5,3,148 72 122 21 57 145 50 199
layer_21.bin,decodeProtected,6,2,99 214 228 246 121 98 136 71
layer_22.bin,decodeProtected,7,1,255 249 220 19 206 242 245 37
layer_23.bin,decodeProtected,6,2,4 218 253 158 123 25 61 148
layer_24.bin,decodeProtected,8,0,91 175 185 127 196 10 167 11
layer_25.bin,decodeProtected,3,5,119 83 180 183 71 55 148 27
layer_26.bin,decodeProtected,8,0,248 21 136 62 115 235 130 229
layer_27.bin,decodeProtected,8,0,139 138 90 33 145 28 55 141
layer_28.bin,decodeProtected,7,1,191 142 147 183 190 169 102 103
layer_29.bin,decodeProtected,8,0,69 164 216 151 244 21 98 99
layer_30.bin,decodeProtected,7,1,63 77 64 225 176 67 51 147
layer_31.bin,decodeProtected,7,1,152 85 95 240 28 248 19 190
layer_32.bin,decodeProtected,6,2,137 7 18 123 140 22 128 236
layer_33.bin,decodeProtected,8,0,11 234 95 72 224 102 28 59
layer_34.bin,decodeProtected,7,1,67 240 72 10 64 206 220 211
layer_35.bin,decodeProtected,6,2,129 187 191 39 202 16 228 220
layer_36.bin,decodeProtected,7,1,142 49 188 4 26 243 147 143
layer_37.bin,decodeProtected,5,3,95 229 15 193 78 199 22 20
layer_38.bin,decodeProtected,3,5,46 93 80 139 119 251 230 168
layer_39.bin,decodeProtected,3,5,244 31 122 72 36 221 108 158
layer_00.bin,decodeProtected,1,7,135 230 79 108 59 186 146 83
layer_01.bin,decodeProtected,4,4,104 152 133 193 232 146 140 127
layer_02.bin,decodeProtected,3,5,249 189 107 8 97 89 247 226
layer_03.bin,decodeProtected,2,6,242 2 20 87 0 22 58 134
layer_04.bin,decodeProtected,6,2,129 134 180 132 22 146 43 219
layer_05.bin,decodeProtected,6,2,95 58 214 89 237 123 0 60
layer_06.bin,decodeProtected,7,1,241 255 240 136 39 31 12 135
layer_07.bin,decodeProtected,7,1,131 11 155 178 75 57 72 142
layer_08.bin,decodeProtected,6,2,148 122 242 22 152 53 213 72
layer_09.bin,decodeProtected,5,3,99 245 109 180 15 225 253 240
layer_10.bin,decodeProtected,4,4,245 77 220 96 19 1 253 149
layer_11.bin,decodeProtected,3,5,241 19 97 142 216 0 77 61
layer_12.bin,decodeProtected,6,2,198 110 175 10 55 96 196 91
layer_13.bin,decodeProtected,7,1,179 83 34 211 208 148 185 1
layer_14.bin,decodeProtected,6,2,21 248 72 132 196 57 173 110
layer_15.bin,decodeProtected,6,2,139 104 90 0 138 92 16 145
layer_16.bin,decodeProtected,5,3,191 78 169 183 147 63 142 243
layer_17.bin,decodeProtected,6,2,69 46 225 210 216 151 244 121
layer_18.bin,decodeProtected,5,3,67 233 96 77 237 153 102 58
layer_19.bin,decodeProtected,6,2,49 28 190 186 95 34 127 238
layer_20.bin,decodeProtected,6,2,122 148 38 72 145 240 242 91
layer_21.bin,decodeProtected,5,3,99 109 15 180 19 143 214 141
layer_22.bin,decodeProtected,4,4,245 77 28 70 233 76 26 227
layer_23.bin,decodeProtected,5,3,241 19 243 77 61 99 40 181
layer_24.bin,decodeProtected,6,2,198 110 106 175 131 87 96 196
layer_25.bin,decodeProtected,4,4,211 100 91 34 183 179 1 240
layer_26.bin,decodeProtected,4,4,62 21 248 254 110 208 19 35
layer_27.bin,decodeProtected,6,2,139 138 90 55 104 145 174 239
layer_28.bin,decodeProtected,6,2,191 78 142 183 63 169 235 15
layer_29.bin,decodeProtected,4,4,46 69 225 65 244 18 217 175
layer_30.bin,decodeProtected,7,1,77 67 83 225 147 151 176 95
layer_31.bin,decodeProtected,6,2,95 28 240 133 190 238 152 176
layer_32.bin,decodeProtected,3,5,137 149 7 25 235 148 246 22
layer_33.bin,decodeProtected,4,4,30 72 108 90 87 64 106 168
layer_34.bin,decodeProtected,2,6,42 159 91 10 179 185 206 76
layer_35.bin,decodeProtected,3,5,129 252 34 17 181 138 228 0
layer_36.bin,decodeProtected,2,6,102 2 63 188 61 4 94 51
layer_37.bin,decodeProtected,4,4,229 199 111 25 95 71 55 149
layer_38.bin,decodeProtected,7,1,168 166 93 173 239 46 45 189
layer_39.bin,decodeProtected,6,2,95 108 25 235 89 27 190 23
layer_00.bin,decodeProtected,2,6,211 163 71 152 201 4 234 248
layer_01.bin,decodeProtected,5,3,149 9 89 55 125 37 153 193
layer_02.bin,decodeProtected,1,7,45 143 131 177 13 237 192 204
layer_03.bin,decodeProtected,6,2,132 22 197 134 209 189 243 201
layer_04.bin,decodeProtected,6,2,134 22 180 147 132 175 107 43
layer_05.bin,decodeProtected,5,3,95 58 164 3 36 4 82 214
layer_06.bin,decodeProtected,4,4,118 240 12 152 213 129 33 23
layer_07.bin,decodeProtected,6,2,253 38 246 142 75 18 57 11
layer_08.bin,decodeProtected,5,3,148 53 94 121 163 187 22 231
layer_09.bin,decodeProtected,5,3,99 134 8 60 79 15 177 32
layer_10.bin,decodeProtected,5,3,76 226 245 227 154 166 11 233
layer_11.bin,decodeProtected,3,5,61 218 201 184 70 51 77 80
layer_12.bin,decodeProtected,5,3,198 10 175 213 109 96 252 148
layer_13.bin,decodeProtected,6,2,192 83 185 208 119 34 148 240
layer_14.bin,decodeProtected,5,3,85 248 35 21 200 193 132 68
layer_15.bin,decodeProtected,7,1,90 139 104 138 151 145 141 240
layer_16.bin,decodeProtected,6,2,191 169 201 193 1 183 197 208
layer_17.bin,decodeProtected,5,3,69 214 184 210 217 227 151 121
layer_18.bin,decodeProtected,4,4,151 96 233 180 77 42 8 181
layer_19.bin,decodeProtected,4,4,49 186 189 149 85 144 138 95
layer_20.bin,decodeProtected,4,4,202 148 36 128 145 26 154 24
layer_21.bin,decodeProtected,4,4,99 15 71 121 143 86 23 190
layer_22.bin,decodeProtected,4,4,245 226 154 28 255 249 43 11
layer_23.bin,decodeProtected,6,2,123 201 241 77 218 243 40 203
layer_24.bin,decodeProtected,6,2,198 109 11 119 10 91 148 110
layer_25.bin,decodeProtected,6,2,211 183 71 34 83 253 148 119
layer_26.bin,decodeProtected,6,2,203 248 115 21 62 130 188 162
layer_27.bin,decodeProtected,7,1,139 90 145 104 239 227 0 156
layer_28.bin,decodeProtected,8,0,183 191 102 219 193 235 169 142
layer_29.bin,decodeProtected,7,1,69 94 98 216 88 21 151 225
layer_30.bin,decodeProtected,8,0,225 64 63 77 83 162 151 67
layer_31.bin,decodeProtected,7,1,95 240 85 88 59 152 34 28
layer_32.bin,decodeProtected,7,1,140 7 236 109 125 179 246 18
layer_33.bin,decodeProtected,6,2,132 102 181 139 250 28 36 47
layer_34.bin,decodeProtected,6,2,44 10 62 67 240 64 238 5
layer_35.bin,decodeProtected,6,2,129 148 235 187 74 190 210 202
layer_36.bin,decodeProtected,5,3,188 115 142 227 147 39 93 67
layer_37.bin,decodeProtected,7,1,78 101 27 43 22 229 95 163
layer_38.bin,decodeProtected,8,0,251 119 169 118 18 127 93 254
layer_39.bin,decodeProtected,7,1,122 158 117 215 244 129 248 70
layer_00.bin,decodeProtected,3,5,27 35 101 166 133 242 135 108
layer_01.bin,decodeProtected,2,6,26 139 11 132 216 181 34 219
layer_02.bin,decodeProtected,3,5,210 164 59 35 146 31 90 17
layer_03.bin,decodeProtected,4,4,37 106 211 29 226 146 46 110
layer_04.bin,decodeProtected,1,7,65 14 242 15 240 146 167 118
layer_05.bin,decodeProtected,5,3,161 10 58 186 95 103 6 235
layer_06.bin,decodeProtected,6,2,215 167 135 125 241 180 240 43
layer_07.bin,decodeProtected,7,1,2 11 133 185 187 169 199 232
layer_08.bin,decodeProtected,6,2,148 89 115 56 179 35 180 70
layer_09.bin,decodeProtected,4,4,241 180 99 94 6 143 83 245
layer_10.bin,decodeProtected,3,5,88 193 13 245 220 227 113 120
layer_11.bin,decodeProtected,5,3,20 241 39 99 248 174 158 192
layer_12.bin,decodeProtected,7,1,198 10 119 251 96 175 110 116
layer_13.bin,decodeProtected,7,1,29 211 178 83 34 208 183 148
layer_14.bin,decodeProtected,8,0,248 21 132 200 173 46 86 59
layer_15.bin,decodeProtected,8,0,36 90 139 145 104 0 138 227
layer_16.bin,decodeProtected,5,3,96 191 183 195 164 169 100 147
layer_17.bin,decodeProtected,7,1,69 94 225 210 60 151 98 244
layer_18.bin,decodeProtected,7,1,148 170 77 225 233 64 83 95
layer_19.bin,decodeProtected,7,1,130 190 129 95 240 88 4 59
layer_20.bin,decodeProtected,7,1,148 89 53 35 24 36 212 122
layer_21.bin,decodeProtected,7,1,99 180 241 15 143 37 1 207
layer_22.bin,decodeProtected,6,2,83 245 34 236 253 207 113 26
layer_23.bin,decodeProtected,5,3,20 39 241 174 2 211 134 223
layer_24.bin,decodeProtected,7,1,67 116 10 96 244 196 160 149
layer_25.bin,decodeProtected,7,1,178 211 183 208 83 34 29 37
layer_26.bin,decodeProtected,6,2,248 130 21 132 222 153 115 162
layer_27.bin,decodeProtected,8,0,139 90 145 104 36 0 39 169
layer_28.bin,decodeProtected,6,2,191 96 195 183 235 164 142 32
layer_29.bin,decodeProtected,7,1,94 69 98 151 61 223 204 244
layer_30.bin,decodeProtected,6,2,148 77 170 225 85 64 83 67
layer_31.bin,decodeProtected,6,2,130 240 95 88 59 152 218 28
layer_32.bin,decodeProtected,8,0,99 7 60 137 254 236 158 246
layer_33.bin,decodeProtected,5,3,33 190 232 41 28 166 205 224
layer_34.bin,decodeProtected,8,0,82 10 161 67 97 34 62 64
layer_35.bin,decodeProtected,7,1,129 24 202 235 220 39 74 16
layer_36.bin,decodeProtected,5,3,207 188 49 119 152 227 34 246
layer_37.bin,decodeProtected,7,1,104 22 78 27 199 95 193 103
layer_38.bin,decodeProtected,5,3,135 80 71 127 118 27 230 234
layer_39.bin,decodeProtected,7,1,69 243 244 110 12 183 36 92
layer_00.bin,decodeProtected,1,7,172 121 4 66 111 106 63 163
layer_01.bin,decodeProtected,4,4,182 143 191 28 255 195 223 193
layer_02.bin,decodeProtected,4,4,87 110 150 188 121 22 180 198
layer_03.bin,decodeProtected,5,3,30 177 201 242 22 95 156 14
layer_04.bin,decodeProtected,6,2,155 139 228 118 152 94 43 242
layer_05.bin,decodeProtected,6,2,95 18 23 115 58 29 0 123
layer_06.bin,decodeProtected,5,3,135 3 114 125 51 241 43 18
layer_07.bin,decodeProtected,5,3,2 44 228 11 131 187 66 169
layer_08.bin,decodeProtected,6,2,38 148 35 122 22 85 7 53
layer_09.bin,decodeProtected,6,2,99 240 156 253 1 229 233 101
layer_10.bin,decodeProtected,6,2,253 245 161 108 226 251 34 220
layer_11.bin,decodeProtected,3,5,142 49 216 79 195 153 241 97
layer_12.bin,decodeProtected,6,2,67 10 32 198 96 116 119 239
layer_13.bin,decodeProtected,4,4,142 83 178 183 100 179 200 208
layer_14.bin,decodeProtected,6,2,38 21 248 46 132 115 201 173
layer_15.bin,decodeProtected,6,2,76 90 145 139 0 227 111 248
layer_16.bin,decodeProtected,6,2,78 191 183 195 201 147 96 12
layer_17.bin,decodeProtected,6,2,69 210 217 114 98 65 244 223
layer_18.bin,decodeProtected,5,3,64 214 96 225 148 77 67 162
layer_19.bin,decodeProtected,6,2,233 240 129 190 95 34 151 88
layer_20.bin,decodeProtected,6,2,38 148 122 49 240 35 53 85
layer_21.bin,decodeProtected,5,3,99 240 178 1 143 106 228 199
layer_22.bin,decodeProtected,5,3,253 245 108 132 34 207 163 7
layer_23.bin,decodeProtected,2,6,142 79 49 216 241 153 130 99
layer_24.bin,decodeProtected,7,1,106 67 116 31 198 96 10 196
layer_25.bin,decodeProtected,4,4,183 178 195 200 83 208 142 120
layer_26.bin,decodeProtected,6,2,248 235 21 115 38 62 132 201
layer_27.bin,decodeProtected,5,3,90 76 241 145 139 0 36 248
layer_28.bin,decodeProtected,6,2,191 185 78 183 235 142 197 195
layer_29.bin,decodeProtected,6,2,114 65 98 69 244 102 151 128
layer_30.bin,decodeProtected,5,3,77 214 64 6 45 225 215 148
layer_31.bin,decodeProtected,7,1,240 95 233 190 88 28 63 59
layer_32.bin,decodeProtected,4,4,162 7 236 146 199 139 195 158
layer_33.bin,decodeProtected,4,4,133 75 97 94 37 23 117 21
layer_34.bin,decodeProtected,3,5,187 10 212 19 246 255 54 209
layer_35.bin,decodeProtected,6,2,129 24 202 14 49 16 156 220
layer_36.bin,decodeProtected,3,5,8 188 119 0 234 252 57 172
layer_37.bin,decodeProtected,3,5,199 158 22 220 103 92 84 94
layer_38.bin,decodeProtected,6,2,22 93 177 118 127 189 230 233
layer_39.bin,decodeProtected,5,3,16 23 68 145 70 222 245 30
layer_00.bin,decodeProtected,1,7,82 181 107 251 39 68 255 83
layer_01.bin,decodeProtected,2,6,183 89 9 166 230 209 237 220
layer_02.bin,decodeProtected,2,6,112 56 147 101 246 7 72 173
layer_03.bin,decodeProtected,3,5,14 194 158 65 150 134 162 217
layer_04.bin,decodeProtected,4,4,20 133 155 248 188 123 69 199
layer_05.bin,decodeProtected,2,6,174 232 12 142 95 114 29 255
layer_06.bin,decodeProtected,3,5,194 89 110 175 149 18 119 145
layer_07.bin,decodeProtected,4,4,195 136 228 66 11 22 206 88
layer_08.bin,decodeProtected,4,4,148 49 38 22 24 154 68 125
layer_09.bin,decodeProtected,3,5,99 253 15 37 92 192 246 7
layer_10.bin,decodeProtected,3,5,68 226 197 104 253 245 191 231
layer_11.bin,decodeProtected,4,4,64 79 216 130 207 196 183 253
layer_12.bin,decodeProtected,5,3,106 10 96 213 91 175 198 142
layer_13.bin,decodeProtected,5,3,164 195 230 34 208 83 183 148
layer_14.bin,decodeProtected,8,0,248 132 21 46 115 35 180 173
layer_15.bin,decodeProtected,7,1,90 221 241 139 0 111 145 76
layer_16.bin,decodeProtected,6,2,191 78 201 149 183 195 186 1
layer_17.bin,decodeProtected,6,2,210 69 26 217 114 128 244 223
layer_18.bin,decodeProtected,6,2,64 96 214 77 55 83 63 95
layer_19.bin,decodeProtected,6,2,237 129 233 240 206 190 34 151
layer_20.bin,decodeProtected,7,1,148 202 145 240 24 53 157 112
layer_21.bin,decodeProtected,6,2,99 231 143 15 228 105 86 166
layer_22.bin,decodeProtected,6,2,245 68 226 197 132 104 7 108
layer_23.bin,decodeProtected,4,4,64 207 216 17 72 241 79 211
layer_24.bin,decodeProtected,7,1,106 96 10 31 116 149 37 244
layer_25.bin,decodeProtected,5,3,195 192 164 183 200 76 136 83
layer_26.bin,decodeProtected,5,3,248 235 188 87 247 132 178 21
layer_27.bin,decodeProtected,7,1,241 90 139 0 145 239 76 104
layer_28.bin,decodeProtected,5,3,191 185 197 149 183 6 78 14
layer_29.bin,decodeProtected,7,1,26 65 69 114 244 128 101 204
layer_30.bin,decodeProtected,7,1,55 77 45 214 64 83 225 181
layer_31.bin,decodeProtected,5,3,237 95 240 190 123 233 88 209
layer_32.bin,decodeProtected,4,4,224 7 199 236 197 15 230 251
layer_33.bin,decodeProtected,2,6,201 179 156 117 217 62 206 223
layer_34.bin,decodeProtected,5,3,49 217 10 246 213 211 177 202
layer_35.bin,decodeProtected,7,1,224 129 202 16 14 210 24 17
layer_36.bin,decodeProtected,4,4,255 188 57 24 119 143 151 240
layer_37.bin,decodeProtected,4,4,158 50 22 199 12 186 242 195
layer_38.bin,decodeProtected,3,5,146 55 105 150 245 209 8 6
layer_39.bin,decodeProtected,5,3,85 10 177 13 30 47 116 70
layer_00.bin,decodeProtected,3,5,211 24 109 62 152 163 151 231
layer_01.bin,decodeProtected,4,4,9 236 149 226 22 89 193 37
layer_02.bin,decodeProtected,5,3,221 56 112 3 147 222 101 201
layer_03.bin,decodeProtected,6,2,22 167 201 243 14 54 15 209
layer_04.bin,decodeProtected,6,2,243 134 175 188 244 219 121 186
layer_05.bin,decodeProtected,6,2,164 58 13 12 15 95 82 230
layer_06.bin,decodeProtected,7,1,149 152 175 18 240 89 125 9
layer_07.bin,decodeProtected,8,0,38 246 88 142 228 136 66 72
layer_08.bin,decodeProtected,6,2,148 49 216 121 53 22 118 72
layer_09.bin,decodeProtected,6,2,99 53 134 15 253 230 8 35
layer_10.bin,decodeProtected,7,1,245 226 191 242 104 233 154 197
layer_11.bin,decodeProtected,4,4,218 79 164 216 70 241 61 154
layer_12.bin,decodeProtected,6,2,10 96 142 149 110 239 137 183
layer_13.bin,decodeProtected,6,2,195 115 162 148 83 34 208 192
layer_14.bin,decodeProtected,8,0,248 21 132 115 35 173 102 201
layer_15.bin,decodeProtected,7,1,90 221 139 79 0 111 145 74
layer_16.bin,decodeProtected,7,1,191 201 219 183 197 195 1 186
layer_17.bin,decodeProtected,7,1,69 210 217 114 244 214 223 2
layer_18.bin,decodeProtected,8,0,151 64 96 83 77 225 58 95
layer_19.bin,decodeProtected,5,3,85 240 129 49 144 95 190 149
layer_20.bin,decodeProtected,6,2,148 49 145 202 119 121 240 89
layer_21.bin,decodeProtected,8,0,99 231 98 105 143 86 15 199
layer_22.bin,decodeProtected,7,1,245 1 226 242 132 7 197 233
layer_23.bin,decodeProtected,5,3,79 201 164 218 216 70 241 77
layer_24.bin,decodeProtected,6,2,11 32 31 10 149 116 148 96
layer_25.bin,decodeProtected,4,4,195 183 115 76 178 230 192 148
layer_26.bin,decodeProtected,5,3,203 248 6 235 12 1 178 21
layer_27.bin,decodeProtected,7,1,76 28 90 239 0 146 39 169
layer_28.bin,decodeProtected,7,1,219 193 102 183 235 191 195 32
layer_29.bin,decodeProtected,7,1,88 114 94 128 61 214 69 223
layer_30.bin,decodeProtected,6,2,162 64 63 214 225 215 151 50
layer_31.bin,decodeProtected,6,2,34 85 95 240 88 59 190 144
layer_32.bin,decodeProtected,6,2,179 109 236 140 7 246 18 86
layer_33.bin,decodeProtected,5,3,139 181 132 104 11 102 36 84
layer_34.bin,decodeProtected,6,2,44 94 240 238 10 121 73 246
layer_35.bin,decodeProtected,8,0,148 129 24 190 16 74 187 235
layer_36.bin,decodeProtected,7,1,142 188 227 39 26 44 115 147
layer_37.bin,decodeProtected,5,3,78 27 100 22 169 196 193 178
layer_38.bin,decodeProtected,5,3,119 251 215 93 169 139 87 254
layer_39.bin,decodeProtected,5,3,122 158 40 99 244 44 70 183
layer_00.bin,decodeProtected,1,7,212 4 57 218 146 245 110 170
layer_01.bin,decodeProtected,1,7,43 236 66 141 13 17 232 133
layer_02.bin,decodeProtected,4,4,207 107 147 35 90 66 70 164
layer_03.bin,decodeProtected,4,4,55 95 70 30 14 177 172 218
layer_04.bin,decodeProtected,4,4,138 164 180 228 123 231 152 134
layer_05.bin,decodeProtected,1,7,12 67 100 24 254 23 232 14
layer_06.bin,decodeProtected,8,0,175 149 18 240 114 125 135 2
layer_07.bin,decodeProtected,5,3,66 129 11 228 142 108 57 242
layer_08.bin,decodeProtected,7,1,148 49 22 246 38 53 125 24
layer_09.bin,decodeProtected,4,4,99 148 240 253 15 143 23 231
layer_10.bin,decodeProtected,7,1,245 226 95 108 253 1 197 154
layer_11.bin,decodeProtected,4,4,79 49 210 241 216 93 201 154
layer_12.bin,decodeProtected,8,0,10 32 96 149 110 198 196 116
layer_13.bin,decodeProtected,7,1,83 148 183 208 195 162 34 178
layer_14.bin,decodeProtected,6,2,21 248 173 115 132 201 134 209
layer_15.bin,decodeProtected,6,2,90 79 76 0 108 139 145 221
layer_16.bin,decodeProtected,6,2,195 191 183 201 1 219 193 103
layer_17.bin,decodeProtected,6,2,210 69 217 98 2 94 223 39
layer_18.bin,decodeProtected,7,1,151 225 96 64 83 58 77 81
layer_19.bin,decodeProtected,5,3,240 49 129 127 254 189 204 190
layer_20.bin,decodeProtected,8,0,148 89 38 85 36 240 145 135
layer_21.bin,decodeProtected,4,4,99 98 240 148 143 31 70 86
layer_22.bin,decodeProtected,6,2,253 245 1 34 154 132 251 233
layer_23.bin,decodeProtected,5,3,201 210 186 79 241 216 116 72
layer_24.bin,decodeProtected,8,0,32 10 128 31 119 148 116 198
layer_25.bin,decodeProtected,5,3,178 183 222 83 19 97 2 50
layer_26.bin,decodeProtected,4,4,203 44 6 18 218 171 209 87
layer_27.bin,decodeProtected,6,2,203 76 90 39 43 169 108 79
layer_28.bin,decodeProtected,6,2,193 219 183 195 32 235 196 4
layer_29.bin,decodeProtected,6,2,88 94 157 61 21 114 216 151
layer_30.bin,decodeProtected,7,1,162 64 225 232 83 130 63 214
layer_31.bin,decodeProtected,6,2,34 95 240 88 59 85 250 227
layer_32.bin,decodeProtected,6,2,140 179 125 116 236 7 139 246
layer_33.bin,decodeProtected,4,4,132 96 104 182 177 28 151 11
layer_34.bin,decodeProtected,4,4,44 238 10 240 205 28 62 20
layer_35.bin,decodeProtected,7,1,190 148 24 74 129 235 187 111
layer_36.bin,decodeProtected,6,2,227 115 39 188 147 142 93 172
layer_37.bin,decodeProtected,8,0,78 100 169 101 27 16 22 178
layer_38.bin,decodeProtected,6,2,251 215 119 169 18 254 96 158
layer_39.bin,decodeProtected,5,3,158 40 122 163 139 75 117 22
layer_00.bin,decodeProtected,2,6,196 229 249 105 101 118 179 9
layer_01.bin,decodeProtected,2,6,225 150 27 231 216 106 246 151
layer_02.bin,decodeProtected,2,6,34 17 227 163 4 103 162 210
layer_03.bin,decodeProtected,3,5,235 187 152 133 231 37 84 77
layer_04.bin,decodeProtected,6,2,13 108 142 236 241 128 15 222
layer_05.bin,decodeProtected,3,5,186 104 193 6 204 51 192 161
layer_06.bin,decodeProtected,6,2,167 51 153 43 125 20 240 175
layer_07.bin,decodeProtected,6,2,29 23 142 57 232 185 216 133
layer_08.bin,decodeProtected,6,2,148 89 234 24 22 158 21 115
layer_09.bin,decodeProtected,6,2,99 29 94 228 37 143 77 164
layer_10.bin,decodeProtected,5,3,130 169 149 197 255 245 108 113
layer_11.bin,decodeProtected,4,4,216 189 161 25 163 248 117 90
layer_12.bin,decodeProtected,7,1,10 32 198 63 96 119 26 28
layer_13.bin,decodeProtected,7,1,83 183 208 34 211 43 45 253
layer_14.bin,decodeProtected,6,2,248 20 173 115 21 132 3 201
layer_15.bin,decodeProtected,7,1,90 227 145 139 79 111 0 187
layer_16.bin,decodeProtected,8,0,191 183 1 24 195 201 115 219
layer_17.bin,decodeProtected,7,1,69 210 225 217 172 94 196 98
layer_18.bin,decodeProtected,5,3,77 64 57 0 239 58 96 187
layer_19.bin,decodeProtected,7,1,95 240 129 130 254 127 142 148
layer_20.bin,decodeProtected,6,2,148 89 36 240 145 22 211 199
layer_21.bin,decodeProtected,5,3,99 29 37 143 79 83 218 31
layer_22.bin,decodeProtected,6,2,245 113 169 251 226 83 75 28
layer_23.bin,decodeProtected,4,4,117 90 123 58 189 41 161 253
layer_24.bin,decodeProtected,4,4,10 200 88 87 112 63 36 109
layer_25.bin,decodeProtected,5,3,211 2 70 83 67 37 43 153
layer_26.bin,decodeProtected,5,3,20 248 87 115 184 3 132 99
layer_27.bin,decodeProtected,4,4,145 139 137 90 89 227 23 175
layer_28.bin,decodeProtected,4,4,191 248 204 183 23 133 100 235
layer_29.bin,decodeProtected,6,2,94 225 250 69 112 98 76 159
layer_30.bin,decodeProtected,5,3,225 0 77 104 64 179 88 60
layer_31.bin,decodeProtected,2,6,95 238 184 255 148 234 235 227
layer_32.bin,decodeProtected,2,6,98 161 99 54 49 43 41 35
layer_33.bin,decodeProtected,4,4,126 64 98 17 86 28 113 39
layer_34.bin,decodeProtected,2,6,62 84 96 68 65 203 216 165
layer_35.bin,decodeProtected,3,5,203 194 152 17 231 225 33 195
layer_36.bin,decodeProtected,1,7,29 94 61 63 85 101 220 167
layer_37.bin,decodeProtected,4,4,65 13 233 61 176 144 88 86
layer_38.bin,decodeProtected,2,6,18 23 105 166 236 99 11 117
layer_39.bin,decodeProtected,4,4,202 228 22 95 80 168 218 128
layer_00.bin,decodeProtected,3,5,141 235 221 190 125 115 47 253
layer_01.bin,decodeProtected,5,3,93 182 244 46 47 21 152 68
layer_02.bin,decodeProtected,6,2,34 10 57 145 17 103 121 123
layer_03.bin,decodeProtected,6,2,235 187 162 231 174 12 230 143
layer_04.bin,decodeProtected,6,2,67 236 142 95 144 108 179 211
layer_05.bin,decodeProtected,7,1,47 90 188 193 65 135 186 41
layer_06.bin,decodeProtected,6,2,153 215 167 60 43 51 75 141
layer_07.bin,decodeProtected,8,0,23 176 117 78 185 229 29 64
layer_08.bin,decodeProtected,7,1,116 180 239 115 105 56 234 179
layer_09.bin,decodeProtected,7,1,126 116 191 164 94 228 99 195
layer_10.bin,decodeProtected,5,3,169 198 36 125 248 25 120 113
layer_11.bin,decodeProtected,5,3,233 161 189 36 19 128 172 86
layer_12.bin,decodeProtected,7,1,63 93 15 74 26 85 128 251
layer_13.bin,decodeProtected,5,3,147 33 43 97 45 107 105 29
layer_14.bin,decodeProtected,8,0,86 20 51 147 124 88 21 47
layer_15.bin,decodeProtected,7,1,81 200 162 213 147 227 155 187
layer_16.bin,decodeProtected,7,1,5 24 117 196 183 156 243 151
layer_17.bin,decodeProtected,6,2,172 250 69 106 87 110 198 61
layer_18.bin,decodeProtected,8,0,161 0 97 179 128 77 57 187
layer_19.bin,decodeProtected,6,2,12 243 88 116 109 117 205 123
layer_20.bin,decodeProtected,6,2,180 52 239 179 23 56 93 115
layer_21.bin,decodeProtected,5,3,126 116 191 164 29 94 35 30
layer_22.bin,decodeProtected,5,3,36 113 169 69 86 83 198 130
layer_23.bin,decodeProtected,3,5,36 161 189 82 233 86 46 226
layer_24.bin,decodeProtected,7,1,93 74 242 63 15 26 87 195
layer_25.bin,decodeProtected,6,2,104 147 33 253 43 45 152 134
layer_26.bin,decodeProtected,7,1,20 149 200 86 51 147 124 142
layer_27.bin,decodeProtected,3,5,97 200 156 229 81 162 254 31
layer_28.bin,decodeProtected,5,3,151 43 255 156 120 63 103 134
layer_29.bin,decodeProtected,5,3,57 106 87 69 93 34 0 167
layer_30.bin,decodeProtected,4,4,163 216 60 104 133 40 179 166
layer_31.bin,decodeProtected,7,1,116 12 109 123 238 20 235 184
layer_32.bin,decodeProtected,6,2,223 119 181 252 161 35 82 133
layer_33.bin,decodeProtected,6,2,93 32 83 210 137 98 129 144
layer_34.bin,decodeProtected,4,4,82 132 99 216 108 0 98 215
layer_35.bin,decodeProtected,4,4,203 27 209 64 154 195 152 128
layer_36.bin,decodeProtected,5,3,222 29 94 61 69 106 199 64
layer_37.bin,decodeProtected,3,5,229 133 36 219 88 141 160 98
layer_38.bin,decodeProtected,5,3,64 239 11 193 23 207 138 99
layer_39.bin,decodeProtected,5,3,186 190 218 95 222 91 237 17
layer_00.bin,decodeProtected,6,2,38 54 167 193 44 244 94 112
layer_01.bin,decodeProtected,5,3,46 47 105 122 140 188 246 117
layer_02.bin,decodeProtected,4,4,128 10 121 186 53 241 78 7
layer_03.bin,decodeProtected,6,2,26 230 233 117 143 12 210 91
layer_04.bin,decodeProtected,4,4,67 144 81 179 145 245 213 62
layer_05.bin,decodeProtected,5,3,90 188 145 255 220 239 109 248
layer_06.bin,decodeProtected,2,6,215 118 63 60 181 191 221 179
layer_07.bin,decodeProtected,4,4,176 54 112 22 207 70 88 221
layer_08.bin,decodeProtected,3,5,239 24 158 205 129 70 36 230
layer_09.bin,decodeProtected,5,3,126 113 30 116 191 25 26 195
layer_10.bin,decodeProtected,3,5,115 166 191 11 82 227 104 238
layer_11.bin,decodeProtected,4,4,133 233 224 149 36 41 51 214
layer_12.bin,decodeProtected,2,6,242 175 87 98 195 69 218 212
layer_13.bin,decodeProtected,3,5,33 21 253 128 211 152 2 153
layer_14.bin,decodeProtected,4,4,147 200 70 35 57 110 107 81
layer_15.bin,decodeProtected,4,4,187 127 227 90 43 128 53 191
layer_16.bin,decodeProtected,5,3,151 156 176 204 26 39 191 24
layer_17.bin,decodeProtected,6,2,110 69 138 221 196 5 34 60
layer_18.bin,decodeProtected,3,5,97 128 77 60 235 181 47 104
layer_19.bin,decodeProtected,7,1,12 254 173 158 95 142 153 129
layer_20.bin,decodeProtected,3,5,148 223 245 118 26 158 24 134
layer_21.bin,decodeProtected,5,3,126 116 99 52 37 132 139 33
layer_22.bin,decodeProtected,3,5,127 195 69 179 37 86 60 123
layer_23.bin,decodeProtected,4,4,36 233 149 78 51 133 181 129
layer_24.bin,decodeProtected,5,3,242 87 10 98 200 37 246 36
layer_25.bin,decodeProtected,8,0,104 33 254 153 2 34 152 136
layer_26.bin,decodeProtected,2,6,147 9 200 95 110 81 228 70
layer_27.bin,decodeProtected,5,3,97 136 27 145 89 90 43 139
layer_28.bin,decodeProtected,7,1,191 151 255 156 120 176 39 103
layer_29.bin,decodeProtected,4,4,59 69 57 249 232 34 5 121
layer_30.bin,decodeProtected,5,3,104 60 94 128 169 30 137 133
layer_31.bin,decodeProtected,5,3,10 12 158 184 142 235 173 255
layer_32.bin,decodeProtected,3,5,223 82 43 41 54 135 105 111
layer_33.bin,decodeProtected,4,4,137 27 219 32 98 4 17 113
layer_34.bin,decodeProtected,5,3,186 108 99 0 243 216 110 168
layer_35.bin,decodeProtected,6,2,64 203 195 225 213 149 209 154
layer_36.bin,decodeProtected,6,2,29 75 199 94 165 25 163 63
layer_37.bin,decodeProtected,3,5,229 53 91 160 125 152 232 13
layer_38.bin,decodeProtected,7,1,239 117 11 23 207 252 166 140
layer_39.bin,decodeProtected,6,2,193 81 238 235 22 95 190 237
layer_00.bin,decodeProtected,7,1,112 140 43 238 173 67 58 200
layer_01.bin,decodeProtected,7,1,46 47 188 181 137 140 249 216
layer_02.bin,decodeProtected,5,3,186 128 102 82 20 140 165 213
layer_03.bin,decodeProtected,8,0,117 233 26 226 230 103 210 236
layer_04.bin,decodeProtected,6,2,193 245 145 62 246 67 249 199
layer_05.bin,decodeProtected,5,3,220 106 145 255 230 239 56 85
layer_06.bin,decodeProtected,5,3,118 145 176 230 96 63 160 89
layer_07.bin,decodeProtected,6,2,142 22 72 176 112 206 148 57
layer_08.bin,decodeProtected,6,2,148 24 158 53 114 199 36 239
layer_09.bin,decodeProtected,4,4,53 99 63 184 127 135 113 126
layer_10.bin,decodeProtected,2,6,23 43 115 96 144 145 255 29
layer_11.bin,decodeProtected,4,4,42 58 61 214 45 78 24 181
layer_12.bin,decodeProtected,3,5,10 96 9 79 244 137 48 21
layer_13.bin,decodeProtected,6,2,34 15 208 83 45 236 212 52
layer_14.bin,decodeProtected,7,1,248 132 173 204 54 44 134 21
layer_15.bin,decodeProtected,5,3,90 139 227 145 228 249 74 38
layer_16.bin,decodeProtected,6,2,24 191 74 195 115 183 227 186
layer_17.bin,decodeProtected,5,3,69 8 244 210 204 217 99 72
layer_18.bin,decodeProtected,6,2,77 64 233 232 91 97 176 73
layer_19.bin,decodeProtected,6,2,59 129 95 88 135 221 240 108
layer_20.bin,decodeProtected,7,1,148 133 110 17 247 240 22 72
layer_21.bin,decodeProtected,7,1,99 207 1 143 37 88 229 214
layer_22.bin,decodeProtected,6,2,160 207 116 250 132 140 245 108
layer_23.bin,decodeProtected,1,7,80 180 2 196 54 95 97 58
layer_24.bin,decodeProtected,5,3,116 10 12 246 37 94 252 175
layer_25.bin,decodeProtected,6,2,15 208 83 86 183 34 254 2
layer_26.bin,decodeProtected,5,3,248 204 59 21 134 91 252 132
layer_27.bin,decodeProtected,7,1,139 90 145 206 227 122 177 190
layer_28.bin,decodeProtected,6,2,24 191 74 168 186 169 47 183
layer_29.bin,decodeProtected,6,2,69 150 1 204 213 39 151 249
layer_30.bin,decodeProtected,6,2,77 97 91 64 176 175 146 225
layer_31.bin,decodeProtected,6,2,240 95 138 59 221 238 129 88
layer_32.bin,decodeProtected,7,1,33 236 215 117 47 68 7 247
layer_33.bin,decodeProtected,6,2,192 5 75 133 161 28 72 209
layer_34.bin,decodeProtected,5,3,16 5 211 252 10 246 155 45
layer_35.bin,decodeProtected,6,2,129 235 202 79 106 167 14 180
layer_36.bin,decodeProtected,5,3,188 134 110 153 158 55 226 29
layer_37.bin,decodeProtected,5,3,163 8 244 103 92 199 240 55
layer_38.bin,decodeProtected,4,4,103 239 73 192 191 173 237 137
layer_39.bin,decodeProtected,4,4,120 127 193 198 238 223 45 175
layer_00.bin,decodeProtected,4,4,57 241 238 88 108 6 135 201
layer_01.bin,decodeProtected,6,2,192 140 182 181 152 11 216 143
layer_02.bin,decodeProtected,2,6,8 36 49 21 248 124 108 165
layer_03.bin,decodeProtected,5,3,106 226 110 29 150 250 103 69
layer_04.bin,decodeProtected,5,3,45 62 171 193 255 247 165 67
layer_05.bin,decodeProtected,6,2,87 220 29 106 230 89 145 231
layer_06.bin,decodeProtected,5,3,221 96 98 160 89 181 193 255
layer_07.bin,decodeProtected,7,1,142 22 206 176 72 207 112 57
layer_08.bin,decodeProtected,6,2,148 24 205 93 237 70 250 158
layer_09.bin,decodeProtected,4,4,69 152 53 63 194 99 40 219
layer_10.bin,decodeProtected,1,7,136 127 123 60 78 144 79 44
layer_11.bin,decodeProtected,4,4,12 58 181 46 80 138 135 61
layer_12.bin,decodeProtected,2,6,126 251 153 91 113 167 79 68
layer_13.bin,decodeProtected,5,3,45 118 52 114 212 78 34 208
layer_14.bin,decodeProtected,6,2,204 44 54 132 150 248 21 142
layer_15.bin,decodeProtected,5,3,147 227 3 169 139 90 72 14
layer_16.bin,decodeProtected,6,2,117 191 74 72 24 45 195 189
layer_17.bin,decodeProtected,6,2,8 1 69 89 73 220 51 152
layer_18.bin,decodeProtected,5,3,77 91 17 186 225 30 117 73
layer_19.bin,decodeProtected,5,3,59 212 88 211 54 118 115 96
layer_20.bin,decodeProtected,6,2,148 133 240 23 220 124 53 206
layer_21.bin,decodeProtected,7,1,207 1 99 229 37 88 138 166
layer_22.bin,decodeProtected,7,1,160 53 116 132 108 117 34 26
layer_23.bin,decodeProtected,4,4,80 170 54 236 10 141 56 250
layer_24.bin,decodeProtected,3,5,116 217 7 176 56 136 180 2
layer_25.bin,decodeProtected,7,1,222 208 76 83 45 93 145 254
layer_26.bin,decodeProtected,5,3,96 204 132 44 59 18 39 72
layer_27.bin,decodeProtected,6,2,206 169 3 249 177 146 26 147
layer_28.bin,decodeProtected,4,4,188 74 195 72 237 45 71 12
layer_29.bin,decodeProtected,7,1,150 1 69 8 223 89 36 158
layer_30.bin,decodeProtected,6,2,77 61 91 180 42 181 44 97
layer_31.bin,decodeProtected,5,3,153 148 59 166 154 88 197 212
layer_32.bin,decodeProtected,5,3,60 33 156 218 117 245 49 105
layer_33.bin,decodeProtected,3,5,33 229 219 99 137 17 187 113
layer_34.bin,decodeProtected,1,7,108 159 29 192 172 120 239 25
layer_35.bin,decodeProtected,2,6,245 195 199 78 126 64 137 189
layer_36.bin,decodeProtected,2,6,230 163 85 233 143 151 60 228
layer_37.bin,decodeProtected,2,6,218 165 187 111 232 137 234 13
layer_38.bin,decodeProtected,6,2,239 252 18 117 55 254 233 122
layer_39.bin,decodeProtected,4,4,175 96 22 41 46 190 95 101
layer_00.bin,decodeProtected,1,7,29 41 65 189 2 162 131 199
layer_01.bin,decodeProtected,5,3,71 55 124 100 167 118 251 191
layer_02.bin,decodeProtected,4,4,61 91 139 79 143 195 32 188
layer_03.bin,decodeProtected,4,4,22 184 180 69 56 209 227 217
layer_04.bin,decodeProtected,4,4,134 203 67 147 250 200 107 29
layer_05.bin,decodeProtected,5,3,222 232 42 95 164 108 80 58
layer_06.bin,decodeProtected,4,4,12 205 240 152 213 113 72 176
layer_07.bin,decodeProtected,5,3,142 18 22 57 13 232 190 193
layer_08.bin,decodeProtected,6,2,148 24 199 53 108 22 205 237
layer_09.bin,decodeProtected,6,2,99 199 31 134 253 79 221 1
layer_10.bin,decodeProtected,5,3,197 38 226 233 245 135 170 217
layer_11.bin,decodeProtected,4,4,133 211 237 63 117 214 184 223
layer_12.bin,decodeProtected,5,3,10 96 131 198 242 37 87 185
layer_13.bin,decodeProtected,4,4,21 34 215 211 188 208 23 185
layer_14.bin,decodeProtected,6,2,248 92 132 173 29 21 115 102
layer_15.bin,decodeProtected,5,3,90 97 139 138 193 38 227 145
layer_16.bin,decodeProtected,6,2,191 201 176 1 92 24 88 204
layer_17.bin,decodeProtected,5,3,69 217 119 196 210 121 91 221
layer_18.bin,decodeProtected,5,3,74 77 64 97 96 172 129 95
layer_19.bin,decodeProtected,6,2,95 129 235 127 49 142 90 190
layer_20.bin,decodeProtected,5,3,148 145 134 240 205 199 96 118
layer_21.bin,decodeProtected,3,5,99 143 37 121 33 218 133 60
layer_22.bin,decodeProtected,5,3,38 245 226 135 127 233 115 28
layer_23.bin,decodeProtected,2,6,133 61 211 123 117 237 125 28
layer_24.bin,decodeProtected,4,4,242 131 50 10 153 87 98 127
layer_25.bin,decodeProtected,3,5,34 21 136 83 117 240 207 188
layer_26.bin,decodeProtected,3,5,92 248 21 102 91 29 228 162
layer_27.bin,decodeProtected,5,3,139 97 145 90 86 104 66 43
layer_28.bin,decodeProtected,7,1,120 191 183 176 102 169 142 222
layer_29.bin,decodeProtected,2,6,69 184 59 62 244 246 159 221
layer_30.bin,decodeProtected,6,2,176 129 60 104 67 47 181 77
layer_31.bin,decodeProtected,4,4,152 95 167 49 173 242 52 250
layer_32.bin,decodeProtected,3,5,157 245 137 205 78 133 82 120
layer_33.bin,decodeProtected,4,4,161 137 32 223 38 64 90 140
layer_34.bin,decodeProtected,4,4,108 191 166 120 163 137 122 40
layer_35.bin,decodeProtected,4,4,106 232 81 78 64 209 134 195
layer_36.bin,decodeProtected,3,5,55 94 93 163 133 220 85 167
layer_37.bin,decodeProtected,3,5,100 101 127 195 2 152 96 178
layer_38.bin,decodeProtected,6,2,0 11 140 252 61 184 158 143
layer_39.bin,decodeProtected,2,6,193 208 190 168 86 224 163 173
layer_00.bin,decodeProtected,4,4,197 101 130 213 179 35 48 9
layer_01.bin,decodeProtected,7,1,62 97 27 47 150 216 151 0
layer_02.bin,decodeProtected,1,7,48 40 25 175 97 164 37 88
layer_03.bin,decodeProtected,6,2,26 230 233 211 236 226 78 8
layer_04.bin,decodeProtected,7,1,245 15 144 102 200 72 241 61
layer_05.bin,decodeProtected,6,2,90 222 220 188 109 103 58 29
layer_06.bin,decodeProtected,7,1,14 215 43 246 182 133 180 96
layer_07.bin,decodeProtected,7,1,112 199 40 176 142 2 232 250
layer_08.bin,decodeProtected,4,4,148 35 239 70 24 213 134 219
layer_09.bin,decodeProtected,5,3,203 143 99 193 180 37 205 195
layer_10.bin,decodeProtected,1,7,22 13 175 37 71 4 11 212
layer_11.bin,decodeProtected,1,7,133 149 41 90 74 127 125 172
layer_12.bin,decodeProtected,2,6,253 98 87 41 69 89 211 251
layer_13.bin,decodeProtected,4,4,21 121 34 211 152 253 117 29
layer_14.bin,decodeProtected,6,2,46 81 29 244 21 59 248 87
layer_15.bin,decodeProtected,6,2,36 37 90 168 0 172 139 187
layer_16.bin,decodeProtected,5,3,120 134 191 183 39 169 92 12
layer_17.bin,decodeProtected,4,4,99 121 69 34 177 227 11 60
layer_18.bin,decodeProtected,4,4,74 60 3 64 77 42 104 58
layer_19.bin,decodeProtected,4,4,153 209 138 208 233 242 148 190
layer_20.bin,decodeProtected,6,2,216 122 148 204 205 134 24 36
layer_21.bin,decodeProtected,3,5,203 213 246 53 99 158 113 52
layer_22.bin,decodeProtected,3,5,21 238 69 245 11 127 115 50
layer_23.bin,decodeProtected,5,3,133 241 253 38 129 61 90 58
layer_24.bin,decodeProtected,3,5,251 110 22 37 198 98 167 112
layer_25.bin,decodeProtected,6,2,21 34 254 136 153 253 121 206
layer_26.bin,decodeProtected,3,5,21 244 248 81 110 162 87 95
layer_27.bin,decodeProtected,5,3,139 153 97 168 55 150 90 0
layer_28.bin,decodeProtected,6,2,120 191 183 142 169 147 100 235
layer_29.bin,decodeProtected,6,2,244 69 177 34 151 130 98 65
layer_30.bin,decodeProtected,6,2,176 67 60 74 88 83 225 47
layer_31.bin,decodeProtected,6,2,152 240 95 238 242 255 250 208
layer_32.bin,decodeProtected,6,2,137 133 245 158 7 124 98 165
layer_33.bin,decodeProtected,7,1,190 72 126 88 136 137 223 64
layer_34.bin,decodeProtected,2,6,116 99 14 209 98 76 203 137
layer_35.bin,decodeProtected,4,4,129 228 111 81 64 106 170 8
layer_36.bin,decodeProtected,4,4,99 94 163 61 149 111 217 167
layer_37.bin,decodeProtected,3,5,234 61 54 160 195 93 102 58
layer_38.bin,decodeProtected,6,2,92 173 148 145 143 70 159 233
layer_39.bin,decodeProtected,5,3,2 189 22 6 223 217 24 185
layer_00.bin,decodeProtected,2,6,218 212 40 65 66 4 46 157
layer_01.bin,decodeProtected,3,5,124 215 73 242 191 128 255 165
layer_02.bin,decodeProtected,4,4,188 255 87 238 194 97 243 64
layer_03.bin,decodeProtected,4,4,30 55 177 219 90 33 166 19
layer_04.bin,decodeProtected,3,5,79 254 215 49 182 145 74 78
layer_05.bin,decodeProtected,6,2,31 213 18 95 89 56 29 255
layer_06.bin,decodeProtected,1,7,241 166 240 248 119 228 53 219
layer_07.bin,decodeProtected,7,1,61 142 57 11 112 232 135 169
layer_08.bin,decodeProtected,6,2,157 148 216 22 122 70 152 155
layer_09.bin,decodeProtected,4,4,99 253 40 53 15 146 230 91
layer_10.bin,decodeProtected,4,4,220 251 226 255 21 180 71 37
layer_11.bin,decodeProtected,4,4,158 156 97 133 96 54 241 164
layer_12.bin,decodeProtected,4,4,91 10 142 175 127 124 224 96
layer_13.bin,decodeProtected,5,3,71 119 83 121 208 21 37 255
layer_14.bin,decodeProtected,7,1,248 115 132 99 87 29 229 59
layer_15.bin,decodeProtected,6,2,90 139 145 187 249 227 38 136
layer_16.bin,decodeProtected,6,2,191 39 93 24 195 63 183 48
layer_17.bin,decodeProtected,6,2,99 69 244 249 210 8 151 72
layer_18.bin,decodeProtected,5,3,77 64 233 104 181 180 45 60
layer_19.bin,decodeProtected,5,3,95 129 190 59 238 135 148 248
layer_20.bin,decodeProtected,6,2,148 247 199 157 216 81 118 128
layer_21.bin,decodeProtected,6,2,99 207 166 37 53 114 194 199
layer_22.bin,decodeProtected,5,3,207 220 249 215 116 160 108 132
layer_23.bin,decodeProtected,3,5,80 97 134 202 54 233 4 152
layer_24.bin,decodeProtected,6,2,116 91 96 16 167 9 88 10
layer_25.bin,decodeProtected,3,5,208 216 250 83 167 63 221 23
layer_26.bin,decodeProtected,4,4,248 132 252 154 142 193 179 133
layer_27.bin,decodeProtected,6,2,145 139 83 206 93 90 249 104
layer_28.bin,decodeProtected,4,4,191 183 248 101 201 186 162 235
layer_29.bin,decodeProtected,2,6,216 69 165 244 18 213 169 113
layer_30.bin,decodeProtected,7,1,67 176 180 39 83 64 60 181
layer_31.bin,decodeProtected,7,1,152 238 95 250 208 242 240 176
layer_32.bin,decodeProtected,5,3,137 116 133 245 124 165 227 94
layer_33.bin,decodeProtected,5,3,206 182 59 11 18 64 218 38
layer_34.bin,decodeProtected,4,4,205 76 199 209 63 152 31 108
layer_35.bin,decodeProtected,4,4,129 228 39 16 0 17 95 210
layer_36.bin,decodeProtected,5,3,4 251 188 176 171 243 3 99
layer_37.bin,decodeProtected,7,1,234 95 111 88 115 199 165 7
layer_38.bin,decodeProtected,7,1,93 124 230 112 158 233 143 96
layer_39.bin,decodeProtected,6,2,235 221 95 27 223 249 22 6
layer_00.bin,decodeProtected,4,4,211 62 134 70 161 100 207 152
layer_01.bin,decodeProtected,4,4,22 101 37 255 85 17 215 157
layer_02.bin,decodeProtected,4,4,189 71 183 143 3 97 254 94
layer_03.bin,decodeProtected,2,6,20 22 227 65 147 45 32 237
layer_04.bin,decodeProtected,5,3,79 44 134 29 40 225 49 173
layer_05.bin,decodeProtected,7,1,164 91 56 29 42 89 95 255
layer_06.bin,decodeProtected,8,0,39 240 241 119 53 248 57 213
layer_07.bin,decodeProtected,5,3,223 38 136 142 22 241 13 155
layer_08.bin,decodeProtected,6,2,148 22 24 216 250 253 158 223
layer_09.bin,decodeProtected,6,2,99 246 53 91 253 37 40 117
layer_10.bin,decodeProtected,5,3,255 220 61 19 82 231 226 227
layer_11.bin,decodeProtected,1,7,80 226 126 219 96 148 4 25
layer_12.bin,decodeProtected,4,4,91 127 142 216 175 167 52 126
layer_13.bin,decodeProtected,3,5,119 63 255 71 209 146 227 236
layer_14.bin,decodeProtected,5,3,248 229 26 132 54 134 230 150
layer_15.bin,decodeProtected,8,0,90 139 145 227 206 249 38 138
layer_16.bin,decodeProtected,8,0,74 63 191 48 24 195 203 183
layer_17.bin,decodeProtected,6,2,69 72 99 145 51 249 8 79
layer_18.bin,decodeProtected,6,2,176 77 233 182 64 133 181 155
layer_19.bin,decodeProtected,6,2,95 221 207 190 88 186 125 135
layer_20.bin,decodeProtected,7,1,148 72 22 133 240 199 81 150
layer_21.bin,decodeProtected,6,2,99 1 128 117 15 225 115 65
layer_22.bin,decodeProtected,7,1,160 207 149 132 168 176 116 231
layer_23.bin,decodeProtected,6,2,80 97 170 186 152 138 253 239
layer_24.bin,decodeProtected,4,4,116 21 185 126 222 10 196 87
layer_25.bin,decodeProtected,5,3,83 234 208 183 15 139 130 45
layer_26.bin,decodeProtected,6,2,248 54 130 200 153 225 115 204
layer_27.bin,decodeProtected,7,1,139 227 147 228 145 104 82 206
layer_28.bin,decodeProtected,6,2,191 169 74 183 186 162 245 164
layer_29.bin,decodeProtected,5,3,150 69 216 164 49 98 214 198
layer_30.bin,decodeProtected,5,3,180 176 77 127 181 195 113 39
layer_31.bin,decodeProtected,7,1,152 154 95 144 238 207 28 85
layer_32.bin,decodeProtected,5,3,137 133 245 18 123 29 54 140
layer_33.bin,decodeProtected,8,0,234 95 11 102 64 218 72 90
layer_34.bin,decodeProtected,5,3,240 67 76 72 179 43 98 31
layer_35.bin,decodeProtected,5,3,129 39 252 187 0 17 14 179
layer_36.bin,decodeProtected,5,3,4 49 142 47 230 80 188 75
layer_37.bin,decodeProtected,4,4,88 111 3 229 15 171 95 66
layer_38.bin,decodeProtected,3,5,46 168 93 80 139 200 67 91
layer_39.bin,decodeProtected,5,3,221 31 108 244 39 129 35 72
layer_00.bin,decodeProtected,1,7,135 230 133 108 114 146 242 103
layer_01.bin,decodeProtected,3,5,104 133 193 139 232 152 162 146
layer_02.bin,decodeProtected,5,3,249 189 183 155 180 8 136 97
layer_03.bin,decodeProtected,3,5,2 242 22 180 0 87 20 53
layer_04.bin,decodeProtected,3,5,146 180 22 219 203 134 56 129
layer_05.bin,decodeProtected,5,3,95 89 237 4 58 60 128 18
layer_06.bin,decodeProtected,6,2,255 240 241 12 118 39 88 152
layer_07.bin,decodeProtected,5,3,131 11 178 142 253 57 169 67
layer_08.bin,decodeProtected,5,3,148 242 122 38 53 152 22 94
layer_09.bin,decodeProtected,4,4,99 245 15 109 253 86 11 231
layer_10.bin,decodeProtected,5,3,245 82 28 11 77 149 21 70
layer_11.bin,decodeProtected,2,6,241 61 151 19 77 186 51 55
layer_12.bin,decodeProtected,5,3,110 198 10 96 175 48 109 196
layer_13.bin,decodeProtected,5,3,21 83 179 185 119 208 65 34
layer_14.bin,decodeProtected,4,4,21 248 92 173 72 29 87 132
layer_15.bin,decodeProtected,6,2,97 139 90 0 104 79 38 187
layer_16.bin,decodeProtected,3,5,191 169 78 201 219 168 100 147
layer_17.bin,decodeProtected,5,3,69 210 151 121 244 161 190 120
layer_18.bin,decodeProtected,6,2,74 233 96 67 77 66 95 151
layer_19.bin,decodeProtected,2,6,49 190 138 238 208 28 246 29
layer_20.bin,decodeProtected,5,3,148 122 38 253 24 36 247 204
layer_21.bin,decodeProtected,4,4,99 15 109 246 218 143 23 86
layer_22.bin,decodeProtected,5,3,245 70 28 233 26 231 77 33
layer_23.bin,decodeProtected,3,5,241 77 133 19 61 243 252 251
layer_24.bin,decodeProtected,4,4,198 131 248 32 110 242 87 96
layer_25.bin,decodeProtected,5,3,34 87 21 2 222 240 253 91
layer_26.bin,decodeProtected,4,4,21 92 3 110 87 171 95 62
layer_27.bin,decodeProtected,4,4,97 247 239 20 89 141 139 128
layer_28.bin,decodeProtected,4,4,120 78 235 169 191 204 183 49
layer_29.bin,decodeProtected,2,6,46 94 18 97 186 49 34 195
layer_30.bin,decodeProtected,4,4,67 40 42 19 113 151 206 105
layer_31.bin,decodeProtected,5,3,238 160 242 72 250 173 248 184
layer_32.bin,decodeProtected,3,5,137 149 245 6 52 154 180 3
layer_33.bin,decodeProtected,5,3,136 137 90 64 108 30 209 87
layer_34.bin,decodeProtected,3,5,159 91 179 108 209 98 203 66
layer_35.bin,decodeProtected,1,7,124 69 138 128 65 137 111 17
layer_36.bin,decodeProtected,5,3,2 61 64 80 165 65 143 199
layer_37.bin,decodeProtected,4,4,149 92 25 229 165 111 101 207
layer_38.bin,decodeProtected,5,3,173 93 23 233 232 18 245 166
layer_39.bin,decodeProtected,5,3,235 25 35 95 226 47 91 23
layer_00.bin,decodeProtected,4,4,211 163 152 234 222 62 71 4
layer_01.bin,decodeProtected,5,3,149 9 89 55 125 37 153 92
layer_02.bin,decodeProtected,2,6,45 177 192 131 13 83 237 143
layer_03.bin,decodeProtected,3,5,132 22 197 173 111 51 17 209
layer_04.bin,decodeProtected,5,3,134 22 146 180 18 107 188 137
layer_05.bin,decodeProtected,4,4,36 3 4 164 230 112 131 51
layer_06.bin,decodeProtected,3,5,118 240 225 110 20 129 213 174
layer_07.bin,decodeProtected,4,4,253 149 38 18 228 133 251 232
layer_08.bin,decodeProtected,3,5,148 94 231 163 128 22 202 118
layer_09.bin,decodeProtected,3,5,99 31 53 15 52 177 35 147
layer_10.bin,decodeProtected,6,2,245 76 227 61 154 226 166 11
layer_11.bin,decodeProtected,5,3,92 214 241 80 77 149 61 51
layer_12.bin,decodeProtected,7,1,10 198 142 175 96 110 109 213
layer_13.bin,decodeProtected,6,2,34 21 208 83 119 255 243 23
layer_14.bin,decodeProtected,7,1,248 132 115 35 173 3 92 21
layer_15.bin,decodeProtected,8,0,90 139 104 122 97 151 187 145
layer_16.bin,decodeProtected,6,2,191 169 24 193 37 168 201 49
layer_17.bin,decodeProtected,5,3,69 119 161 165 210 51 39 10
layer_18.bin,decodeProtected,6,2,151 77 181 60 64 146 88 37
layer_19.bin,decodeProtected,4,4,129 95 9 189 153 204 249 17
layer_20.bin,decodeProtected,5,3,216 36 148 134 30 26 199 24
layer_21.bin,decodeProtected,4,4,99 53 158 86 246 231 33 37
layer_22.bin,decodeProtected,4,4,245 113 28 22 21 11 115 75
layer_23.bin,decodeProtected,5,3,123 133 253 40 174 243 125 219
layer_24.bin,decodeProtected,6,2,16 142 200 242 10 244 177 37
layer_25.bin,decodeProtected,4,4,21 34 63 183 17 36 254 23
layer_26.bin,decodeProtected,4,4,92 248 228 99 178 162 33 115
layer_27.bin,decodeProtected,7,1,24 90 247 43 97 145 0 139
layer_28.bin,decodeProtected,7,1,120 183 191 204 168 193 24 186
layer_29.bin,decodeProtected,7,1,94 244 61 195 49 88 101 186
layer_30.bin,decodeProtected,7,1,225 64 206 98 42 105 67 19
layer_31.bin,decodeProtected,6,2,95 72 160 183 240 148 34 250
layer_32.bin,decodeProtected,7,1,140 245 6 125 3 161 254 179
layer_33.bin,decodeProtected,7,1,132 90 102 137 136 187 64 181
layer_34.bin,decodeProtected,2,6,20 109 128 103 76 98 120 44
layer_35.bin,decodeProtected,3,5,129 21 187 128 74 210 114 78
layer_36.bin,decodeProtected,5,3,93 115 143 85 94 61 124 140
layer_37.bin,decodeProtected,7,1,101 170 229 61 16 66 169 123
layer_38.bin,decodeProtected,6,2,93 135 251 18 169 96 158 143
layer_39.bin,decodeProtected,5,3,231 117 129 163 122 235 218 179
layer_00.bin,decodeProtected,1,7,123 249 229 196 105 216 7 100
layer_01.bin,decodeProtected,4,4,225 150 231 27 106 54 216 151
layer_02.bin,decodeProtected,1,7,227 17 162 4 163 66 146 229
layer_03.bin,decodeProtected,2,6,235 152 187 133 231 77 84 181
layer_04.bin,decodeProtected,4,4,128 13 142 108 236 191 15 135
layer_05.bin,decodeProtected,4,4,104 193 41 186 51 6 78 89
layer_06.bin,decodeProtected,5,3,153 167 43 54 83 215 121 141
layer_07.bin,decodeProtected,6,2,29 216 23 112 67 142 232 250
layer_08.bin,decodeProtected,4,4,148 234 89 24 36 158 219 114
layer_09.bin,decodeProtected,5,3,29 99 164 94 228 37 77 222
layer_10.bin,decodeProtected,3,5,169 113 130 28 248 210 69 50
layer_11.bin,decodeProtected,2,6,189 161 136 172 26 243 102 180
layer_12.bin,decodeProtected,6,2,10 242 63 87 21 198 26 98
layer_13.bin,decodeProtected,7,1,45 97 15 34 83 43 147 208
layer_14.bin,decodeProtected,6,2,20 248 173 184 132 92 50 21
layer_15.bin,decodeProtected,7,1,90 227 139 145 81 177 187 189
layer_16.bin,decodeProtected,7,1,191 24 183 91 1 115 243 5
layer_17.bin,decodeProtected,7,1,69 119 172 196 210 217 250 98
layer_18.bin,decodeProtected,5,3,0 77 179 97 239 187 64 57
layer_19.bin,decodeProtected,6,2,95 163 129 142 130 127 212 6
layer_20.bin,decodeProtected,7,1,148 89 234 36 113 240 26 118
layer_21.bin,decodeProtected,6,2,99 164 29 38 94 1 37 143
layer_22.bin,decodeProtected,6,2,113 169 23 207 149 245 38 249
layer_23.bin,decodeProtected,5,3,161 189 117 253 136 178 54 97
layer_24.bin,decodeProtected,7,1,10 63 242 200 74 87 26 36
layer_25.bin,decodeProtected,7,1,43 83 147 2 34 254 15 27
layer_26.bin,decodeProtected,6,2,20 184 173 248 148 124 92 70
layer_27.bin,decodeProtected,7,1,145 227 200 90 139 81 147 177
layer_28.bin,decodeProtected,7,1,191 24 133 43 168 115 5 196
layer_29.bin,decodeProtected,6,2,119 76 69 250 172 98 151 210
layer_30.bin,decodeProtected,5,3,0 179 77 104 64 225 166 187
layer_31.bin,decodeProtected,7,1,4 205 95 109 59 115 129 88
layer_32.bin,decodeProtected,3,5,181 161 98 54 35 131 105 43
layer_33.bin,decodeProtected,6,2,126 86 238 215 17 113 64 137
layer_34.bin,decodeProtected,3,5,96 84 207 203 20 65 62 0
layer_35.bin,decodeProtected,3,5,203 231 222 134 33 152 128 64
layer_36.bin,decodeProtected,3,5,106 94 165 61 191 25 102 167
layer_37.bin,decodeProtected,3,5,65 13 144 72 61 74 96 19
layer_38.bin,decodeProtected,3,5,18 166 11 99 236 91 23 105
layer_39.bin,decodeProtected,6,2,39 202 10 228 22 218 91 81
layer_00.bin,decodeProtected,3,5,141 235 221 190 125 158 253 115
layer_01.bin,decodeProtected,7,1,93 182 244 47 46 152 197 155
layer_02.bin,decodeProtected,5,3,10 57 34 123 17 109 145 98
layer_03.bin,decodeProtected,5,3,235 187 231 133 174 150 78 190
layer_04.bin,decodeProtected,5,3,236 128 95 142 144 91 211 234
layer_05.bin,decodeProtected,7,1,193 90 41 47 224 78 135 207
layer_06.bin,decodeProtected,7,1,153 60 54 215 43 206 83 141
layer_07.bin,decodeProtected,8,0,29 23 78 117 185 250 216 72
layer_08.bin,decodeProtected,7,1,116 234 180 239 115 89 105 57
layer_09.bin,decodeProtected,6,2,164 116 191 126 94 38 195 99
layer_10.bin,decodeProtected,6,2,169 198 130 113 36 125 238 196
layer_11.bin,decodeProtected,5,3,161 189 233 86 172 221 78 243
layer_12.bin,decodeProtected,7,1,63 93 74 26 44 10 87 15
layer_13.bin,decodeProtected,6,2,147 43 97 45 134 15 167 204
layer_14.bin,decodeProtected,8,0,20 124 50 51 44 54 204 248
layer_15.bin,decodeProtected,7,1,81 200 147 90 189 139 213 187
layer_16.bin,decodeProtected,6,2,5 196 133 24 191 243 117 195
layer_17.bin,decodeProtected,6,2,172 76 250 69 61 1 8 119
layer_18.bin,decodeProtected,7,1,77 179 0 57 187 161 50 146
layer_19.bin,decodeProtected,8,0,116 109 243 205 191 59 130 88
layer_20.bin,decodeProtected,7,1,89 234 180 148 239 52 116 56
layer_21.bin,decodeProtected,7,1,164 29 126 116 94 99 207 85
layer_22.bin,decodeProtected,6,2,113 130 169 198 116 249 60 211
layer_23.bin,decodeProtected,5,3,161 189 174 243 82 224 134 125
layer_24.bin,decodeProtected,8,0,74 63 26 160 15 93 32 128
layer_25.bin,decodeProtected,6,2,147 43 2 253 134 254 97 216
layer_26.bin,decodeProtected,8,0,20 148 124 51 86 215 228 44
layer_27.bin,decodeProtected,6,2,200 162 81 147 254 90 27 139
layer_28.bin,decodeProtected,7,1,43 191 24 133 5 168 151 36
layer_29.bin,decodeProtected,8,0,69 76 87 119 250 172 57 0
layer_30.bin,decodeProtected,5,3,179 163 77 187 104 93 40 146
layer_31.bin,decodeProtected,4,4,116 109 205 123 4 235 184 142
layer_32.bin,decodeProtected,6,2,119 181 161 223 82 131 213 35
layer_33.bin,decodeProtected,5,3,93 231 98 129 17 241 99 113
layer_34.bin,decodeProtected,4,4,96 82 132 112 216 215 211 165
layer_35.bin,decodeProtected,6,2,203 174 204 160 134 33 213 152
layer_36.bin,decodeProtected,4,4,222 22 61 101 126 94 106 9
layer_37.bin,decodeProtected,3,5,229 36 133 144 61 71 119 160
layer_38.bin,decodeProtected,5,3,64 23 11 193 143 166 77 241
layer_39.bin,decodeProtected,6,2,186 39 162 22 190 45 237 91
layer_00.bin,decodeProtected,3,5,252 25 238 43 147 89 165 100
layer_01.bin,decodeProtected,5,3,250 46 129 224 188 103 172 213
layer_02.bin,decodeProtected,3,5,140 74 29 100 27 186 245 10
layer_03.bin,decodeProtected,5,3,26 233 103 117 230 130 40 179
layer_04.bin,decodeProtected,3,5,81 45 144 183 213 96 229 193
layer_05.bin,decodeProtected,7,1,90 78 188 43 47 224 189 65
layer_06.bin,decodeProtected,5,3,60 206 68 153 208 101 54 43
layer_07.bin,decodeProtected,7,1,117 176 142 78 23 54 229 65
layer_08.bin,decodeProtected,7,1,116 239 104 73 180 52 56 185
layer_09.bin,decodeProtected,5,3,126 113 191 160 171 25 30 116
layer_10.bin,decodeProtected,5,3,157 173 248 115 100 238 36 211
layer_11.bin,decodeProtected,5,3,133 233 47 39 111 120 224 132
layer_12.bin,decodeProtected,5,3,44 249 93 144 54 74 34 85
layer_13.bin,decodeProtected,6,2,6 138 15 33 61 134 107 147
layer_14.bin,decodeProtected,5,3,86 147 50 51 148 125 149 95
layer_15.bin,decodeProtected,8,0,189 162 166 200 90 206 139 213
layer_16.bin,decodeProtected,7,1,156 151 133 231 24 205 168 191
layer_17.bin,decodeProtected,8,0,5 69 166 57 110 1 76 15
layer_18.bin,decodeProtected,8,0,77 179 128 161 187 226 204 58
layer_19.bin,decodeProtected,7,1,12 109 88 243 205 72 120 59
layer_20.bin,decodeProtected,7,1,148 239 180 23 195 4 110 93
layer_21.bin,decodeProtected,7,1,126 191 116 99 207 229 164 113
layer_22.bin,decodeProtected,8,0,236 207 157 248 161 245 86 247
layer_23.bin,decodeProtected,6,2,140 36 189 133 111 223 95 253
layer_24.bin,decodeProtected,4,4,93 44 116 10 43 220 21 184
layer_25.bin,decodeProtected,8,0,6 15 33 45 208 204 34 136
layer_26.bin,decodeProtected,8,0,86 204 248 147 173 118 21 132
layer_27.bin,decodeProtected,8,0,162 147 139 90 206 145 14 200
layer_28.bin,decodeProtected,8,0,43 191 24 156 168 183 133 151
layer_29.bin,decodeProtected,8,0,5 69 1 57 158 76 151 204
layer_30.bin,decodeProtected,7,1,77 226 91 225 71 117 175 128
layer_31.bin,decodeProtected,8,0,12 167 59 240 109 88 95 116
layer_32.bin,decodeProtected,8,0,223 119 181 158 47 82 178 236
layer_33.bin,decodeProtected,8,0,74 83 28 86 72 93 231 129
layer_34.bin,decodeProtected,7,1,1 241 211 34 252 21 186 116
layer_35.bin,decodeProtected,8,0,202 167 129 235 36 183 160 14
layer_36.bin,decodeProtected,7,1,70 188 98 248 158 176 29 153
layer_37.bin,decodeProtected,7,1,62 163 229 58 219 232 86 186
layer_38.bin,decodeProtected,6,2,239 166 147 111 233 191 112 10
layer_39.bin,decodeProtected,5,3,238 223 95 50 45 22 81 140
layer_00.bin,decodeProtected,4,4,209 104 206 43 105 30 147 229
layer_01.bin,decodeProtected,3,5,47 46 188 156 159 36 54 249
layer_02.bin,decodeProtected,3,5,82 186 85 245 165 204 215 251
layer_03.bin,decodeProtected,6,2,117 103 119 233 143 40 244 232
layer_04.bin,decodeProtected,4,4,81 246 249 193 183 92 20 101
layer_05.bin,decodeProtected,4,4,111 42 85 230 132 255 159 106
layer_06.bin,decodeProtected,5,3,206 145 176 118 160 96 7 89
layer_07.bin,decodeProtected,6,2,142 22 72 176 180 54 57 145
layer_08.bin,decodeProtected,6,2,148 239 24 73 152 199 93 158
layer_09.bin,decodeProtected,6,2,53 113 126 99 199 246 88 37
layer_10.bin,decodeProtected,6,2,115 215 21 121 240 11 231 76
layer_11.bin,decodeProtected,4,4,253 181 41 214 51 88 196 187
layer_12.bin,decodeProtected,3,5,10 175 212 117 102 51 4 41
layer_13.bin,decodeProtected,7,1,34 15 146 208 45 83 6 136
layer_14.bin,decodeProtected,6,2,173 248 35 29 132 197 211 147
layer_15.bin,decodeProtected,5,3,90 139 255 117 228 227 126 138
layer_16.bin,decodeProtected,6,2,191 24 115 48 243 168 183 204
layer_17.bin,decodeProtected,7,1,69 210 99 217 196 5 109 138
layer_18.bin,decodeProtected,8,0,77 224 64 58 96 233 176 131
layer_19.bin,decodeProtected,7,1,95 129 88 72 142 127 192 229
layer_20.bin,decodeProtected,6,2,148 240 17 26 134 81 145 23
layer_21.bin,decodeProtected,6,2,99 1 113 246 37 228 88 114
layer_22.bin,decodeProtected,6,2,236 245 149 207 96 132 33 108
layer_23.bin,decodeProtected,6,2,223 140 181 80 41 83 61 253
layer_24.bin,decodeProtected,6,2,116 10 43 48 185 184 94 246
layer_25.bin,decodeProtected,8,0,34 15 83 45 183 6 208 254
layer_26.bin,decodeProtected,6,2,248 21 204 134 173 130 102 132
layer_27.bin,decodeProtected,8,0,139 90 145 227 138 147 177 206
layer_28.bin,decodeProtected,6,2,191 24 183 115 168 195 49 37
layer_29.bin,decodeProtected,6,2,69 158 5 1 98 110 210 213
layer_30.bin,decodeProtected,8,0,77 225 71 91 97 128 51 175
layer_31.bin,decodeProtected,8,0,95 240 59 88 129 221 94 123
layer_32.bin,decodeProtected,6,2,223 158 215 236 68 128 31 43
layer_33.bin,decodeProtected,6,2,72 74 190 41 81 28 55 209
layer_34.bin,decodeProtected,8,0,116 211 34 246 10 1 97 202
layer_35.bin,decodeProtected,8,0,202 129 14 167 235 36 183 11
layer_36.bin,decodeProtected,7,1,188 70 158 176 153 126 199 55
layer_37.bin,decodeProtected,7,1,163 219 22 103 199 58 104 240
layer_38.bin,decodeProtected,8,0,92 148 27 127 118 230 239 112
layer_39.bin,decodeProtected,5,3,243 238 46 38 223 2 67 11
layer_00.bin,decodeProtected,5,3,88 32 206 89 140 67 95 16
layer_01.bin,decodeProtected,6,2,181 47 152 192 36 54 212 46
layer_02.bin,decodeProtected,6,2,82 62 186 165 197 215 251 85
layer_03.bin,decodeProtected,7,1,117 233 106 103 226 236 76 150
layer_04.bin,decodeProtected,5,3,193 62 20 9 199 101 92 114
layer_05.bin,decodeProtected,4,4,230 160 87 13 189 248 220 29
layer_06.bin,decodeProtected,4,4,118 89 96 160 208 217 181 110
layer_07.bin,decodeProtected,6,2,142 176 145 72 54 165 22 17
layer_08.bin,decodeProtected,7,1,148 239 205 237 24 152 53 73
layer_09.bin,decodeProtected,8,0,53 126 113 99 69 143 246 199
layer_10.bin,decodeProtected,4,4,215 122 121 100 227 166 157 183
layer_11.bin,decodeProtected,6,2,224 41 253 181 133 51 149 28
layer_12.bin,decodeProtected,6,2,212 102 175 4 62 144 92 174
layer_13.bin,decodeProtected,6,2,15 6 34 146 2 208 204 121
layer_14.bin,decodeProtected,7,1,35 173 248 211 132 41 200 71
layer_15.bin,decodeProtected,6,2,90 228 136 139 117 255 46 82
layer_16.bin,decodeProtected,5,3,191 24 39 168 183 48 29 93
layer_17.bin,decodeProtected,6,2,69 5 158 99 210 26 34 57
layer_18.bin,decodeProtected,7,1,77 83 224 170 233 58 176 217
layer_19.bin,decodeProtected,7,1,129 59 95 88 115 19 221 167
layer_20.bin,decodeProtected,6,2,148 53 247 17 253 104 110 57
layer_21.bin,decodeProtected,6,2,99 207 120 113 69 156 143 229
layer_22.bin,decodeProtected,7,1,236 207 157 122 245 116 238 108
layer_23.bin,decodeProtected,6,2,140 39 181 253 134 223 196 214
layer_24.bin,decodeProtected,4,4,116 43 10 244 98 127 21 13
layer_25.bin,decodeProtected,7,1,6 15 208 34 204 136 199 206
layer_26.bin,decodeProtected,6,2,248 204 216 73 132 21 252 173
layer_27.bin,decodeProtected,8,0,139 145 206 90 122 46 147 227
layer_28.bin,decodeProtected,6,2,191 24 168 183 156 231 35 36
layer_29.bin,decodeProtected,8,0,69 158 1 5 204 151 8 98
layer_30.bin,decodeProtected,8,0,77 91 128 170 226 97 225 175
layer_31.bin,decodeProtected,6,2,240 120 95 59 167 12 61 94
layer_32.bin,decodeProtected,7,1,223 158 60 128 68 236 194 31
layer_33.bin,decodeProtected,7,1,72 74 41 190 81 229 55 202
layer_34.bin,decodeProtected,8,0,116 34 211 82 97 10 246 1
layer_35.bin,decodeProtected,8,0,202 129 167 36 14 183 235 224
layer_36.bin,decodeProtected,6,2,188 70 158 153 176 207 78 239
layer_37.bin,decodeProtected,8,0,163 104 219 103 22 58 199 64
layer_38.bin,decodeProtected,8,0,27 127 92 148 118 230 151 239
layer_39.bin,decodeProtected,8,0,243 110 12 38 70 69 78 46
layer_00.bin,decodeProtected,5,3,144 78 186 211 217 236 4 224
layer_01.bin,decodeProtected,6,2,251 245 124 71 1 193 3 211
layer_02.bin,decodeProtected,8,0,228 60 193 92 79 148 150 139
layer_03.bin,decodeProtected,7,1,201 154 16 22 30 56 54 69
layer_04.bin,decodeProtected,6,2,216 134 152 49 98 29 121 186
layer_05.bin,decodeProtected,7,1,164 0 251 58 23 210 136 42
layer_06.bin,decodeProtected,6,2,43 82 12 102 125 92 7 213
layer_07.bin,decodeProtected,7,1,142 246 185 4 30 187 72 6
layer_08.bin,decodeProtected,7,1,148 47 225 133 22 53 85 152
layer_09.bin,decodeProtected,8,0,99 207 134 229 1 253 230 199
layer_10.bin,decodeProtected,7,1,109 250 122 116 233 207 132 31
layer_11.bin,decodeProtected,4,4,97 186 15 59 44 10 223 141
layer_12.bin,decodeProtected,7,1,47 10 116 175 210 51 21 50
layer_13.bin,decodeProtected,8,0,15 185 45 34 20 208 0 183
layer_14.bin,decodeProtected,8,0,44 204 252 248 29 35 21 132
layer_15.bin,decodeProtected,6,2,178 90 122 139 146 147 92 206
layer_16.bin,decodeProtected,7,1,169 191 24 183 117 230 82 168
layer_17.bin,decodeProtected,5,3,69 96 1 158 8 4 245 49
layer_18.bin,decodeProtected,7,1,77 141 66 108 91 250 225 83
layer_19.bin,decodeProtected,6,2,60 129 88 247 244 115 59 19
layer_20.bin,decodeProtected,8,0,47 148 72 133 23 195 57 253
layer_21.bin,decodeProtected,8,0,207 99 156 229 1 98 143 199
layer_22.bin,decodeProtected,8,0,109 233 250 122 207 132 157 245
layer_23.bin,decodeProtected,3,5,59 95 150 155 253 44 2 181
layer_24.bin,decodeProtected,5,3,47 116 210 10 175 215 37 50
layer_25.bin,decodeProtected,8,0,0 15 208 45 183 254 19 20
layer_26.bin,decodeProtected,3,5,204 248 144 102 243 73 42 16
layer_27.bin,decodeProtected,7,1,178 90 139 145 206 255 239 122
layer_28.bin,decodeProtected,5,3,168 24 191 56 10 183 82 228
layer_29.bin,decodeProtected,6,2,96 158 69 126 1 19 245 4
layer_30.bin,decodeProtected,6,2,77 18 91 143 197 130 97 225
layer_31.bin,decodeProtected,5,3,157 83 55 59 244 85 88 129
layer_32.bin,decodeProtected,5,3,248 19 58 120 12 57 47 128
layer_33.bin,decodeProtected,7,1,133 176 74 54 72 56 162 81
layer_34.bin,decodeProtected,6,2,249 15 80 191 211 5 121 143
layer_35.bin,decodeProtected,6,2,106 77 136 176 180 129 167 121
layer_36.bin,decodeProtected,5,3,21 138 17 228 188 158 126 29
layer_37.bin,decodeProtected,6,2,244 214 163 110 144 103 119 22
layer_38.bin,decodeProtected,1,7,177 182 141 156 24 18 43 149
layer_39.bin,decodeProtected,3,5,142 209 83 127 66 251 174 189
layer_00.bin,decodeProtected,4,4,159 209 240 239 193 52 220 69
layer_01.bin,decodeProtected,7,1,3 251 97 71 195 193 166 47
layer_02.bin,decodeProtected,6,2,193 3 60 157 148 216 143 42
layer_03.bin,decodeProtected,6,2,243 87 197 22 56 69 201 51
layer_04.bin,decodeProtected,8,0,216 134 175 152 29 43 132 140
layer_05.bin,decodeProtected,7,1,164 58 77 136 60 251 91 42
layer_06.bin,decodeProtected,8,0,43 12 82 125 102 14 210 2
layer_07.bin,decodeProtected,8,0,142 246 185 57 175 72 145 30
layer_08.bin,decodeProtected,7,1,148 133 121 85 246 16 152 63
layer_09.bin,decodeProtected,8,0,99 207 134 229 1 143 253 199
layer_10.bin,decodeProtected,8,0,122 250 116 233 207 146 132 242
layer_11.bin,decodeProtected,7,1,59 97 44 186 218 253 223 95
layer_12.bin,decodeProtected,7,1,10 116 175 21 210 9 96 50
layer_13.bin,decodeProtected,8,0,15 185 45 208 34 19 183 136
layer_14.bin,decodeProtected,8,0,248 29 44 173 204 35 132 252
layer_15.bin,decodeProtected,8,0,90 139 146 122 145 147 138 206
layer_16.bin,decodeProtected,8,0,24 191 169 168 183 115 230 48
layer_17.bin,decodeProtected,8,0,69 96 233 158 21 1 217 4
layer_18.bin,decodeProtected,8,0,77 97 250 108 83 225 224 141
layer_19.bin,decodeProtected,8,0,129 85 88 60 247 19 95 115
layer_20.bin,decodeProtected,7,1,148 253 72 53 133 110 50 24
layer_21.bin,decodeProtected,6,2,99 207 98 156 143 114 229 84
layer_22.bin,decodeProtected,8,0,207 122 157 245 233 132 21 250
layer_23.bin,decodeProtected,7,1,59 95 253 155 223 44 116 150
layer_24.bin,decodeProtected,8,0,116 10 210 175 37 11 50 246
layer_25.bin,decodeProtected,7,1,15 208 19 45 37 183 0 140
layer_26.bin,decodeProtected,8,0,248 86 204 102 173 132 73 243
layer_27.bin,decodeProtected,7,1,90 139 145 177 147 172 146 206
layer_28.bin,decodeProtected,6,2,24 191 168 102 183 195 100 37
layer_29.bin,decodeProtected,7,1,96 69 21 1 158 204 151 11
layer_30.bin,decodeProtected,8,0,197 77 250 225 91 97 64 117
layer_31.bin,decodeProtected,8,0,95 240 167 129 59 88 157 205
layer_32.bin,decodeProtected,7,1,19 215 120 186 236 96 57 47
layer_33.bin,decodeProtected,8,0,133 56 86 162 74 238 28 54
layer_34.bin,decodeProtected,8,0,1 5 191 252 195 10 101 240
layer_35.bin,decodeProtected,7,1,235 129 202 185 167 218 136 153
layer_36.bin,decodeProtected,7,1,188 248 119 26 115 152 142 70
layer_37.bin,decodeProtected,7,1,58 229 22 163 143 100 16 103
layer_38.bin,decodeProtected,7,1,92 118 127 0 148 31 230 112
layer_39.bin,decodeProtected,7,1,189 197 129 138 70 248 11 223
layer_00.bin,decodeProtected,5,3,101 34 35 197 179 242 9 79
layer_01.bin,decodeProtected,6,2,62 27 47 155 150 151 231 75
layer_02.bin,decodeProtected,4,4,130 210 35 38 109 252 155 128
layer_03.bin,decodeProtected,6,2,26 230 233 211 37 236 176 84
layer_04.bin,decodeProtected,7,1,15 245 102 144 241 142 120 200
layer_05.bin,decodeProtected,6,2,90 188 235 220 43 56 239 112
layer_06.bin,decodeProtected,8,0,43 14 156 215 125 157 52 82
layer_07.bin,decodeProtected,6,2,23 185 199 112 142 168 187 210
layer_08.bin,decodeProtected,7,1,239 35 148 85 56 180 115 142
layer_09.bin,decodeProtected,7,1,203 207 29 99 143 180 85 98
layer_10.bin,decodeProtected,6,2,157 122 248 207 21 13 250 208
layer_11.bin,decodeProtected,5,3,42 95 133 155 98 111 185 16
layer_12.bin,decodeProtected,6,2,220 116 175 10 3 69 253 160
layer_13.bin,decodeProtected,6,2,15 29 6 138 45 183 254 241
layer_14.bin,decodeProtected,7,1,86 46 244 173 200 204 248 12
layer_15.bin,decodeProtected,8,0,172 90 36 213 139 145 146 227
layer_16.bin,decodeProtected,8,0,24 191 181 183 168 231 48 115
layer_17.bin,decodeProtected,8,0,69 166 250 1 5 210 99 60
layer_18.bin,decodeProtected,7,1,77 197 170 204 97 225 83 90
layer_19.bin,decodeProtected,8,0,205 129 88 95 243 153 109 115
layer_20.bin,decodeProtected,7,1,148 239 180 253 247 212 240 35
layer_21.bin,decodeProtected,7,1,203 99 229 217 228 207 246 22
layer_22.bin,decodeProtected,7,1,236 207 83 62 245 157 132 149
layer_23.bin,decodeProtected,6,2,42 39 83 95 223 134 181 133
layer_24.bin,decodeProtected,7,1,116 10 220 43 246 22 15 175
layer_25.bin,decodeProtected,7,1,15 29 45 6 254 105 208 37
layer_26.bin,decodeProtected,7,1,248 204 86 134 173 73 115 21
layer_27.bin,decodeProtected,8,0,139 90 172 145 177 36 227 162
layer_28.bin,decodeProtected,8,0,24 191 96 168 183 195 5 100
layer_29.bin,decodeProtected,8,0,5 69 1 250 132 204 151 65
layer_30.bin,decodeProtected,8,0,77 71 97 170 91 225 197 64
layer_31.bin,decodeProtected,6,2,240 95 130 88 59 129 109 243
layer_32.bin,decodeProtected,8,0,98 96 236 186 215 99 47 247
layer_33.bin,decodeProtected,7,1,232 126 86 190 72 238 28 107
layer_34.bin,decodeProtected,7,1,116 10 252 180 56 246 207 101
layer_35.bin,decodeProtected,8,0,129 202 235 153 160 14 218 167
layer_36.bin,decodeProtected,7,1,188 70 181 152 246 158 153 119
layer_37.bin,decodeProtected,8,0,22 163 58 103 31 143 199 64
layer_38.bin,decodeProtected,7,1,92 148 127 118 71 230 189 30
layer_39.bin,decodeProtected,7,1,2 189 69 38 248 213 138 70
layer_00.bin,decodeProtected,5,3,211 78 4 72 236 186 144 223
layer_01.bin,decodeProtected,7,1,193 251 3 71 124 245 153 1
layer_02.bin,decodeProtected,6,2,58 228 188 60 92 222 148 150
layer_03.bin,decodeProtected,8,0,201 154 16 155 56 22 51 157
layer_04.bin,decodeProtected,6,2,216 98 134 152 244 94 88 49
layer_05.bin,decodeProtected,7,1,164 60 58 0 42 23 251 210
layer_06.bin,decodeProtected,7,1,43 92 125 12 82 102 183 152
layer_07.bin,decodeProtected,5,3,142 19 243 185 4 181 246 30
layer_08.bin,decodeProtected,6,2,148 47 216 225 85 16 53 133
layer_09.bin,decodeProtected,8,0,156 99 207 134 229 1 199 253
layer_10.bin,decodeProtected,6,2,109 250 17 207 116 233 132 228
layer_11.bin,decodeProtected,3,5,164 186 97 153 15 98 109 54
layer_12.bin,decodeProtected,5,3,47 10 116 55 51 21 3 197
layer_13.bin,decodeProtected,6,2,115 15 45 183 185 208 34 155
layer_14.bin,decodeProtected,6,2,29 204 238 248 44 102 173 220
layer_15.bin,decodeProtected,8,0,178 90 139 248 146 122 145 138
layer_16.bin,decodeProtected,7,1,191 24 169 180 183 138 230 168
layer_17.bin,decodeProtected,7,1,69 96 1 49 93 51 233 103
layer_18.bin,decodeProtected,6,2,77 176 225 130 201 91 141 123
layer_19.bin,decodeProtected,5,3,129 60 88 199 19 115 240 248
layer_20.bin,decodeProtected,8,0,47 148 133 72 23 57 253 65
layer_21.bin,decodeProtected,8,0,156 99 207 229 1 143 98 214
layer_22.bin,decodeProtected,7,1,207 17 250 233 109 245 132 149
layer_23.bin,decodeProtected,3,5,209 99 95 150 164 210 2 186
layer_24.bin,decodeProtected,7,1,47 43 116 10 175 246 22 21
layer_25.bin,decodeProtected,7,1,115 45 15 183 208 211 254 37
layer_26.bin,decodeProtected,6,2,204 248 73 42 243 220 196 102
layer_27.bin,decodeProtected,8,0,178 139 90 145 177 206 239 130
layer_28.bin,decodeProtected,6,2,24 191 168 183 138 10 180 169
layer_29.bin,decodeProtected,7,1,69 1 126 78 204 157 96 4
layer_30.bin,decodeProtected,8,0,77 97 130 71 225 91 18 176
layer_31.bin,decodeProtected,7,1,157 95 240 59 88 129 199 83
layer_32.bin,decodeProtected,7,1,248 58 120 236 47 19 31 215
layer_33.bin,decodeProtected,5,3,176 133 72 54 107 253 244 28
layer_34.bin,decodeProtected,7,1,15 249 80 252 10 255 56 227
layer_35.bin,decodeProtected,8,0,106 129 77 136 235 202 180 176
layer_36.bin,decodeProtected,4,4,21 138 17 228 188 126 134 54
layer_37.bin,decodeProtected,7,1,244 214 163 110 22 144 219 143
layer_38.bin,decodeProtected,7,1,177 182 156 141 43 24 185 127
layer_39.bin,decodeProtected,7,1,142 127 83 251 209 37 248 190
layer_00.bin,decodeProtected,5,3,209 93 239 240 210 136 193 14
layer_01.bin,decodeProtected,6,2,251 3 195 71 193 100 95 166
layer_02.bin,decodeProtected,7,1,58 188 93 60 139 92 150 222
layer_03.bin,decodeProtected,7,1,243 211 154 201 22 69 78 51
layer_04.bin,decodeProtected,7,1,134 98 216 152 239 29 244 132
layer_05.bin,decodeProtected,5,3,67 254 58 164 60 115 136 14
layer_06.bin,decodeProtected,7,1,43 12 125 102 52 183 243 152
layer_07.bin,decodeProtected,7,1,142 181 56 19 185 145 30 72
layer_08.bin,decodeProtected,8,0,148 216 53 16 22 85 152 24
layer_09.bin,decodeProtected,8,0,99 134 207 199 156 58 229 143
layer_10.bin,decodeProtected,6,2,17 250 207 233 162 116 61 206
layer_11.bin,decodeProtected,8,0,164 97 186 98 109 153 137 54
layer_12.bin,decodeProtected,6,2,10 175 116 51 96 21 37 2
layer_13.bin,decodeProtected,8,0,15 185 45 183 208 34 115 136
layer_14.bin,decodeProtected,8,0,29 35 248 44 173 132 204 102
layer_15.bin,decodeProtected,6,2,90 139 146 145 122 25 74 151
layer_16.bin,decodeProtected,8,0,24 191 169 183 48 168 138 180
layer_17.bin,decodeProtected,7,1,69 233 210 49 1 218 51 4
layer_18.bin,decodeProtected,8,0,77 97 176 83 225 66 233 130
layer_19.bin,decodeProtected,7,1,129 199 189 88 19 95 240 248
layer_20.bin,decodeProtected,7,1,148 240 57 23 72 133 145 95
layer_21.bin,decodeProtected,7,1,99 156 71 114 1 214 207 84
layer_22.bin,decodeProtected,7,1,207 17 149 245 233 249 24 250
layer_23.bin,decodeProtected,6,2,209 181 95 253 223 98 109 123
layer_24.bin,decodeProtected,8,0,43 116 175 10 21 246 22 37
layer_25.bin,decodeProtected,7,1,15 45 183 208 34 180 83 211
layer_26.bin,decodeProtected,8,0,248 204 115 173 35 73 42 21
layer_27.bin,decodeProtected,7,1,139 145 90 177 227 138 213 147
layer_28.bin,decodeProtected,7,1,191 24 183 138 168 245 169 117
layer_29.bin,decodeProtected,8,0,69 78 1 213 4 204 157 98
layer_30.bin,decodeProtected,8,0,77 97 71 176 130 225 91 51
layer_31.bin,decodeProtected,8,0,95 240 88 199 129 59 157 248
layer_32.bin,decodeProtected,7,1,75 236 120 215 47 221 68 128
layer_33.bin,decodeProtected,6,2,5 133 72 107 244 253 182 55
layer_34.bin,decodeProtected,7,1,205 252 10 227 56 5 211 15
layer_35.bin,decodeProtected,7,1,129 235 202 14 132 218 167 183
layer_36.bin,decodeProtected,7,1,188 152 246 158 134 153 10 49
layer_37.bin,decodeProtected,6,2,163 22 219 67 161 103 135 143
layer_38.bin,decodeProtected,5,3,127 118 9 30 45 93 234 185
layer_39.bin,decodeProtected,3,5,246 250 248 1 203 92 167 70
layer_00.bin,decodeProtected,5,3,234 144 62 211 50 4 223 92
layer_01.bin,decodeProtected,1,7,44 193 178 17 198 131 175 63
layer_02.bin,decodeProtected,4,4,35 92 130 150 148 161 192 235
layer_03.bin,decodeProtected,6,2,173 155 51 213 9 201 22 216
layer_04.bin,decodeProtected,8,0,94 134 216 98 152 221 175 28
layer_05.bin,decodeProtected,7,1,164 56 60 42 58 145 210 136
layer_06.bin,decodeProtected,8,0,43 12 125 92 237 213 2 30
layer_07.bin,decodeProtected,6,2,142 181 243 4 246 22 251 185
layer_08.bin,decodeProtected,6,2,148 22 50 240 16 150 121 152
layer_09.bin,decodeProtected,6,2,99 58 134 229 1 214 230 67
layer_10.bin,decodeProtected,5,3,207 116 61 162 233 219 133 149
layer_11.bin,decodeProtected,4,4,153 97 215 137 162 149 165 186
layer_12.bin,decodeProtected,7,1,21 211 10 2 9 96 252 116
layer_13.bin,decodeProtected,8,0,185 15 19 208 146 34 136 180
layer_14.bin,decodeProtected,6,2,59 29 248 44 153 204 115 193
layer_15.bin,decodeProtected,7,1,248 90 139 145 117 227 74 122
layer_16.bin,decodeProtected,7,1,230 191 24 48 183 169 168 54
layer_17.bin,decodeProtected,4,4,69 233 236 144 65 99 210 121
layer_18.bin,decodeProtected,7,1,77 176 83 69 97 64 123 141
layer_19.bin,decodeProtected,7,1,221 129 60 95 233 248 19 135
layer_20.bin,decodeProtected,8,0,148 24 240 57 145 72 172 199
layer_21.bin,decodeProtected,8,0,99 246 156 214 98 143 71 228
layer_22.bin,decodeProtected,4,4,207 0 149 95 233 82 245 61
layer_23.bin,decodeProtected,4,4,153 149 28 215 90 253 181 223
layer_24.bin,decodeProtected,7,1,106 10 116 21 211 185 142 68
layer_25.bin,decodeProtected,7,1,183 15 211 200 180 45 254 83
layer_26.bin,decodeProtected,5,3,248 62 134 115 204 83 177 154
layer_27.bin,decodeProtected,4,4,139 248 90 145 82 117 177 241
layer_28.bin,decodeProtected,7,1,191 24 230 183 185 168 197 100
layer_29.bin,decodeProtected,6,2,69 65 102 1 151 98 204 236
layer_30.bin,decodeProtected,7,1,77 97 45 69 64 225 83 176
layer_31.bin,decodeProtected,7,1,95 240 60 233 221 88 59 129
layer_32.bin,decodeProtected,5,3,146 195 86 199 7 236 215 128
layer_33.bin,decodeProtected,4,4,181 189 97 37 94 72 36 119
layer_34.bin,decodeProtected,4,4,255 212 10 187 246 19 109 54
layer_35.bin,decodeProtected,6,2,129 49 44 202 136 220 14 7
layer_36.bin,decodeProtected,4,4,8 188 234 0 119 147 143 61
layer_37.bin,decodeProtected,5,3,229 22 199 84 20 186 224 103
layer_38.bin,decodeProtected,6,2,93 87 22 239 196 230 31 8
layer_39.bin,decodeProtected,4,4,68 23 16 241 225 251 224 145
layer_00.bin,decodeProtected,4,4,135 108 241 57 88 61 79 182
layer_01.bin,decodeProtected,5,3,48 182 192 140 40 216 146 11
layer_02.bin,decodeProtected,2,6,8 141 36 35 137 2 155 116
layer_03.bin,decodeProtected,3,5,106 29 226 110 69 129 151 250
layer_04.bin,decodeProtected,4,4,171 240 45 247 129 248 165 134
layer_05.bin,decodeProtected,4,4,58 87 19 95 231 106 146 29
layer_06.bin,decodeProtected,6,2,43 255 125 240 129 12 141 182
layer_07.bin,decodeProtected,7,1,142 61 243 94 185 145 250 175
layer_08.bin,decodeProtected,4,4,148 62 250 202 179 22 219 248
layer_09.bin,decodeProtected,4,4,69 99 180 152 143 91 139 40
layer_10.bin,decodeProtected,3,5,88 226 37 192 213 212 71 133
layer_11.bin,decodeProtected,3,5,39 11 201 19 156 63 176 180
layer_12.bin,decodeProtected,2,6,106 10 76 55 252 124 177 89
layer_13.bin,decodeProtected,4,4,15 112 216 241 34 211 135 221
layer_14.bin,decodeProtected,5,3,46 29 149 248 87 136 102 35
layer_15.bin,decodeProtected,4,4,90 241 36 139 168 2 158 145
layer_16.bin,decodeProtected,3,5,149 191 24 176 183 29 248 61
layer_17.bin,decodeProtected,5,3,65 69 225 99 155 217 95 106
layer_18.bin,decodeProtected,6,2,97 170 77 83 64 110 176 60
layer_19.bin,decodeProtected,5,3,221 129 233 95 166 153 206 138
layer_20.bin,decodeProtected,5,3,148 17 240 225 202 245 24 26
layer_21.bin,decodeProtected,6,2,69 99 228 180 139 246 241 52
layer_22.bin,decodeProtected,4,4,88 179 226 11 95 127 154 82
layer_23.bin,decodeProtected,6,2,39 63 58 181 19 223 99 180
layer_24.bin,decodeProtected,6,2,169 10 68 87 246 200 22 36
layer_25.bin,decodeProtected,6,2,211 45 112 70 37 34 221 254
layer_26.bin,decodeProtected,2,6,87 62 216 70 99 119 134 95
layer_27.bin,decodeProtected,5,3,90 191 227 126 139 145 27 175
layer_28.bin,decodeProtected,8,0,191 197 61 183 117 24 176 166
layer_29.bin,decodeProtected,4,4,69 232 225 198 1 226 228 98
layer_30.bin,decodeProtected,4,4,170 77 169 30 97 60 235 47
layer_31.bin,decodeProtected,2,6,95 166 123 242 254 215 255 197
layer_32.bin,decodeProtected,3,5,60 121 57 233 255 54 25 82
layer_33.bin,decodeProtected,5,3,33 229 108 106 51 87 137 220
layer_34.bin,decodeProtected,1,7,93 66 138 108 150 243 110 254
layer_35.bin,decodeProtected,1,7,69 34 155 95 64 38 199 152
layer_36.bin,decodeProtected,4,4,77 25 186 3 61 63 94 199
layer_37.bin,decodeProtected,2,6,218 239 171 224 1 133 102 54
layer_38.bin,decodeProtected,4,4,239 122 135 8 55 143 31 211
layer_39.bin,decodeProtected,4,4,96 175 235 110 46 22 95 101
layer_00.bin,decodeProtected,2,6,29 211 41 224 236 188 163 131
layer_01.bin,decodeProtected,1,7,21 163 55 167 191 121 248 243
layer_02.bin,decodeProtected,6,2,141 137 139 116 91 2 32 35
layer_03.bin,decodeProtected,3,5,184 192 22 69 93 134 200 109
layer_04.bin,decodeProtected,3,5,134 147 123 107 204 250 225 29
layer_05.bin,decodeProtected,5,3,58 42 232 19 36 95 134 231
layer_06.bin,decodeProtected,7,1,12 255 240 43 213 2 80 125
layer_07.bin,decodeProtected,4,4,142 18 149 98 22 145 61 190
layer_08.bin,decodeProtected,4,4,148 22 24 53 108 26 41 117
layer_09.bin,decodeProtected,5,3,99 143 253 52 134 79 139 31
layer_10.bin,decodeProtected,4,4,226 197 233 38 154 245 82 170
layer_11.bin,decodeProtected,2,6,211 184 201 117 166 162 164 40
layer_12.bin,decodeProtected,5,3,10 131 96 48 252 37 9 198
layer_13.bin,decodeProtected,6,2,211 208 34 185 148 136 193 225
layer_14.bin,decodeProtected,6,2,229 85 248 217 87 132 29 115
layer_15.bin,decodeProtected,5,3,90 193 139 191 145 97 227 111
layer_16.bin,decodeProtected,7,1,191 201 1 248 183 89 169 29
layer_17.bin,decodeProtected,6,2,69 225 99 184 217 161 210 106
layer_18.bin,decodeProtected,6,2,77 30 66 96 145 64 83 95
layer_19.bin,decodeProtected,6,2,95 49 129 206 149 221 13 248
layer_20.bin,decodeProtected,6,2,148 17 119 24 240 202 68 26
layer_21.bin,decodeProtected,8,0,99 71 143 246 199 128 139 37
layer_22.bin,decodeProtected,4,4,226 38 245 154 233 195 135 151
layer_23.bin,decodeProtected,5,3,63 28 117 211 70 201 166 180
layer_24.bin,decodeProtected,4,4,131 10 148 246 109 88 37 87
layer_25.bin,decodeProtected,5,3,211 34 64 216 240 70 83 27
layer_26.bin,decodeProtected,6,2,248 216 130 132 62 217 229 85
layer_27.bin,decodeProtected,8,0,90 139 130 79 145 227 104 239
layer_28.bin,decodeProtected,8,0,191 24 151 183 168 197 102 219
layer_29.bin,decodeProtected,7,1,69 225 98 204 1 184 244 94
layer_30.bin,decodeProtected,7,1,77 225 83 64 151 66 235 206
layer_31.bin,decodeProtected,6,2,95 49 149 83 129 88 85 221
layer_32.bin,decodeProtected,4,4,157 57 140 236 7 133 86 45
layer_33.bin,decodeProtected,5,3,47 161 162 198 229 72 36 90
layer_34.bin,decodeProtected,4,4,121 143 103 44 13 209 62 238
layer_35.bin,decodeProtected,5,3,129 235 202 142 111 74 14 255
layer_36.bin,decodeProtected,5,3,55 115 188 4 94 93 124 99
layer_37.bin,decodeProtected,6,2,100 101 196 169 127 171 86 16
layer_38.bin,decodeProtected,6,2,61 122 18 245 8 21 143 196
layer_39.bin,decodeProtected,3,5,163 224 235 176 161 128 237 80
layer_00.bin,decodeProtected,2,6,130 179 145 197 213 119 91 51
layer_01.bin,decodeProtected,1,7,139 64 87 216 219 106 123 88
layer_02.bin,decodeProtected,0,8,48 40 26 25 37 175 204 19
layer_03.bin,decodeProtected,0,8,59 142 189 205 135 208 8 222
layer_04.bin,decodeProtected,1,7,241 131 151 240 181 230 191 198
layer_05.bin,decodeProtected,3,5,19 58 252 21 94 37 231 240
layer_06.bin,decodeProtected,6,2,43 125 255 123 129 240 2 141
layer_07.bin,decodeProtected,4,4,142 243 22 4 251 57 133 145
layer_08.bin,decodeProtected,4,4,148 24 230 158 250 204 202 62
layer_09.bin,decodeProtected,4,4,69 143 99 139 40 91 48 83
layer_10.bin,decodeProtected,3,5,213 22 192 255 133 219 207 82
layer_11.bin,decodeProtected,2,6,58 25 90 180 214 40 28 254
layer_12.bin,decodeProtected,6,2,10 88 21 251 96 9 124 51
layer_13.bin,decodeProtected,5,3,208 216 34 146 221 64 136 45
layer_14.bin,decodeProtected,7,1,132 204 248 229 99 59 29 44
layer_15.bin,decodeProtected,5,3,90 227 139 3 145 74 146 249
layer_16.bin,decodeProtected,6,2,195 191 183 117 74 24 186 100
layer_17.bin,decodeProtected,5,3,69 8 1 222 98 210 141 73
layer_18.bin,decodeProtected,5,3,77 91 186 225 64 233 214 73
layer_19.bin,decodeProtected,6,2,59 240 211 88 95 54 115 135
layer_20.bin,decodeProtected,7,1,148 85 134 53 240 66 22 161
layer_21.bin,decodeProtected,8,0,99 207 69 1 229 223 166 37
layer_22.bin,decodeProtected,6,2,251 132 160 250 34 26 1 254
layer_23.bin,decodeProtected,3,5,170 80 202 186 54 57 79 134
layer_24.bin,decodeProtected,5,3,116 96 217 178 244 9 170 31
layer_25.bin,decodeProtected,5,3,208 83 250 120 216 98 183 92
layer_26.bin,decodeProtected,5,3,248 59 21 204 132 153 222 44
layer_27.bin,decodeProtected,5,3,206 3 169 139 249 23 39 57
layer_28.bin,decodeProtected,3,5,195 191 89 4 193 186 162 194
layer_29.bin,decodeProtected,7,1,225 69 88 151 1 244 161 204
layer_30.bin,decodeProtected,6,2,77 151 64 225 162 91 93 189
layer_31.bin,decodeProtected,7,1,129 95 240 88 85 166 59 34
layer_32.bin,decodeProtected,8,0,57 236 179 140 215 86 7 161
layer_33.bin,decodeProtected,7,1,126 162 104 47 132 90 28 36
layer_34.bin,decodeProtected,7,1,252 10 44 62 56 238 246 209
layer_35.bin,decodeProtected,7,1,235 129 218 202 142 14 16 74
layer_36.bin,decodeProtected,7,1,188 2 4 115 61 248 93 99
layer_37.bin,decodeProtected,6,2,163 232 22 16 86 101 199 27
layer_38.bin,decodeProtected,7,1,93 251 61 166 21 207 196 96
layer_39.bin,decodeProtected,7,1,129 139 122 235 80 117 158 163
layer_00.bin,decodeProtected,1,7,51 49 22 153 85 58 247 18
layer_01.bin,decodeProtected,1,7,169 223 13 87 177 5 156 30
layer_02.bin,decodeProtected,4,4,16 48 59 40 164 35 22 146
layer_03.bin,decodeProtected,1,7,98 97 238 160 27 76 135 48
layer_04.bin,decodeProtected,3,5,14 65 67 167 72 123 240 39
layer_05.bin,decodeProtected,4,4,67 19 80 191 21 235 42 204
layer_06.bin,decodeProtected,5,3,43 125 129 110 88 119 240 2
layer_07.bin,decodeProtected,5,3,44 142 241 133 206 232 4 145
layer_08.bin,decodeProtected,6,2,33 148 247 204 24 219 250 62
layer_09.bin,decodeProtected,5,3,132 99 143 22 229 230 253 214
layer_10.bin,decodeProtected,5,3,248 207 213 71 22 219 94 28
layer_11.bin,decodeProtected,5,3,36 180 20 90 149 174 40 201
layer_12.bin,decodeProtected,5,3,242 10 21 94 185 160 148 229
layer_13.bin,decodeProtected,4,4,33 37 254 216 15 153 70 104
layer_14.bin,decodeProtected,6,2,147 217 248 247 173 35 216 99
layer_15.bin,decodeProtected,4,4,177 90 173 139 249 168 240 158
layer_16.bin,decodeProtected,7,1,156 24 191 204 151 201 183 100
layer_17.bin,decodeProtected,6,2,110 69 217 99 138 210 34 121
layer_18.bin,decodeProtected,5,3,97 128 112 77 60 30 176 88
layer_19.bin,decodeProtected,6,2,129 12 221 138 95 255 153 135
layer_20.bin,decodeProtected,6,2,148 33 17 240 24 174 247 253
layer_21.bin,decodeProtected,4,4,132 99 113 214 122 199 246 83
layer_22.bin,decodeProtected,3,5,123 28 95 22 133 245 207 60
layer_23.bin,decodeProtected,2,6,36 82 177 223 58 28 138 95
layer_24.bin,decodeProtected,7,1,242 87 246 37 10 184 102 68
layer_25.bin,decodeProtected,5,3,104 254 33 70 37 34 153 83
layer_26.bin,decodeProtected,5,3,248 87 134 42 99 216 102 204
layer_27.bin,decodeProtected,4,4,97 90 139 145 136 191 190 227
layer_28.bin,decodeProtected,7,1,191 24 156 151 168 166 29 183
layer_29.bin,decodeProtected,5,3,110 69 119 204 232 228 169 1
layer_30.bin,decodeProtected,6,2,128 112 77 97 47 225 104 30
layer_31.bin,decodeProtected,5,3,95 12 10 238 129 142 221 79
layer_32.bin,decodeProtected,3,5,238 113 158 232 231 82 101 133
layer_33.bin,decodeProtected,2,6,73 41 137 67 227 98 7 223
layer_34.bin,decodeProtected,4,4,97 161 192 34 62 199 216 172
layer_35.bin,decodeProtected,3,5,155 129 34 126 102 0 156 30
layer_36.bin,decodeProtected,7,1,199 29 94 63 61 31 143 165
layer_37.bin,decodeProtected,4,4,229 165 54 111 160 133 240 61
layer_38.bin,decodeProtected,7,1,93 239 207 11 159 233 10 8
layer_39.bin,decodeProtected,4,4,113 235 80 225 218 198 248 115
layer_00.bin,decodeProtected,3,5,241 135 57 88 61 108 59 130
layer_01.bin,decodeProtected,4,4,192 173 182 216 219 140 143 181
layer_02.bin,decodeProtected,3,5,16 76 8 36 108 168 204 61
layer_03.bin,decodeProtected,3,5,106 250 12 226 222 161 204 110
layer_04.bin,decodeProtected,0,8,97 64 21 69 48 211 23 87
layer_05.bin,decodeProtected,2,6,25 200 20 21 57 215 143 121
layer_06.bin,decodeProtected,0,8,248 139 163 24 21 225 211 199
layer_07.bin,decodeProtected,2,6,142 241 165 148 213 194 186 141
layer_08.bin,decodeProtected,3,5,148 11 91 72 133 81 223 17
layer_09.bin,decodeProtected,2,6,99 63 246 136 213 1 135 194
layer_10.bin,decodeProtected,3,5,176 243 247 185 127 79 78 150
layer_11.bin,decodeProtected,6,2,12 128 204 135 160 206 108 9
layer_12.bin,decodeProtected,5,3,145 116 251 128 163 208 18 3
layer_13.bin,decodeProtected,7,1,118 93 212 154 182 45 134 32
layer_14.bin,decodeProtected,7,1,167 51 148 64 137 32 88 28
layer_15.bin,decodeProtected,7,1,242 58 162 148 147 165 217 204
layer_16.bin,decodeProtected,3,5,51 133 80 35 106 74 28 40
layer_17.bin,decodeProtected,7,1,87 89 211 15 0 198 20 35
layer_18.bin,decodeProtected,6,2,43 161 89 127 134 204 203 177
layer_19.bin,decodeProtected,5,3,183 88 212 39 122 231 30 59
layer_20.bin,decodeProtected,6,2,148 23 133 72 180 71 53 245
layer_21.bin,decodeProtected,6,2,207 99 88 197 161 1 243 117
layer_22.bin,decodeProtected,5,3,160 234 196 63 132 152 42 91
layer_23.bin,decodeProtected,6,2,80 111 254 140 193 47 14 170
layer_24.bin,decodeProtected,3,5,116 18 235 39 34 104 146 144
layer_25.bin,decodeProtected,5,3,6 93 45 18 154 95 130 118
layer_26.bin,decodeProtected,5,3,204 59 54 214 52 179 96 231
layer_27.bin,decodeProtected,7,1,147 206 3 169 181 139 242 94
layer_28.bin,decodeProtected,4,4,250 170 72 74 80 117 95 116
layer_29.bin,decodeProtected,6,2,150 1 69 36 89 15 124 158
layer_30.bin,decodeProtected,5,3,192 77 91 226 133 137 16 139
layer_31.bin,decodeProtected,7,1,183 122 59 88 79 30 184 212
layer_32.bin,decodeProtected,4,4,33 178 47 185 244 255 175 105
layer_33.bin,decodeProtected,5,3,192 229 81 33 113 74 209 72
layer_34.bin,decodeProtected,4,4,16 21 31 98 172 247 68 184
layer_35.bin,decodeProtected,6,2,235 167 14 202 197 74 212 17
layer_36.bin,decodeProtected,6,2,188 232 110 171 115 199 61 133
layer_37.bin,decodeProtected,3,5,165 100 218 33 163 69 71 212
layer_38.bin,decodeProtected,6,2,122 135 144 252 177 112 233 55
layer_39.bin,decodeProtected,3,5,96 175 46 22 110 227 76 56
layer_00.bin,decodeProtected,0,8,29 41 65 131 162 20 189 217
layer_01.bin,decodeProtected,5,3,173 71 191 55 100 251 154 3
layer_02.bin,decodeProtected,6,2,16 61 76 48 204 168 112 174
layer_03.bin,decodeProtected,1,7,45 184 22 147 89 252 107 247
layer_04.bin,decodeProtected,2,6,203 134 147 72 26 43 101 4
layer_05.bin,decodeProtected,2,6,58 42 80 36 232 19 8 252
layer_06.bin,decodeProtected,7,1,54 12 240 43 255 213 125 99
layer_07.bin,decodeProtected,5,3,142 18 149 61 22 38 13 133
layer_08.bin,decodeProtected,5,3,148 50 247 24 22 53 243 108
layer_09.bin,decodeProtected,5,3,99 58 199 52 143 134 31 139
layer_10.bin,decodeProtected,4,4,226 197 154 231 38 233 245 74
layer_11.bin,decodeProtected,3,5,136 211 201 164 28 184 117 252
layer_12.bin,decodeProtected,5,3,242 10 102 96 9 148 252 2
layer_13.bin,decodeProtected,7,1,34 208 37 64 185 216 254 15
layer_14.bin,decodeProtected,6,2,229 248 217 29 132 216 12 92
layer_15.bin,decodeProtected,6,2,90 177 139 191 97 117 249 183
layer_16.bin,decodeProtected,5,3,191 248 63 201 24 175 89 169
layer_17.bin,decodeProtected,6,2,69 99 119 217 161 150 51 138
layer_18.bin,decodeProtected,5,3,77 97 151 64 140 123 172 102
layer_19.bin,decodeProtected,6,2,129 249 206 221 95 49 135 234
layer_20.bin,decodeProtected,5,3,148 50 68 157 24 134 26 53
layer_21.bin,decodeProtected,6,2,99 143 228 86 37 36 246 214
layer_22.bin,decodeProtected,4,4,231 226 154 249 192 245 195 28
layer_23.bin,decodeProtected,4,4,136 201 123 211 164 28 180 70
layer_24.bin,decodeProtected,6,2,242 102 11 10 148 246 183 37
layer_25.bin,decodeProtected,5,3,23 71 37 183 64 254 148 83
layer_26.bin,decodeProtected,5,3,248 204 42 132 99 217 87 21
layer_27.bin,decodeProtected,8,0,139 90 145 130 177 227 239 206
layer_28.bin,decodeProtected,8,0,24 191 193 168 102 183 219 197
layer_29.bin,decodeProtected,7,1,69 119 1 88 204 62 98 21
layer_30.bin,decodeProtected,8,0,77 225 97 162 64 91 83 117
layer_31.bin,decodeProtected,8,0,95 249 88 135 129 240 59 85
layer_32.bin,decodeProtected,6,2,157 125 236 179 140 161 215 86
layer_33.bin,decodeProtected,7,1,47 161 132 104 36 103 229 72
layer_34.bin,decodeProtected,7,1,44 238 62 143 10 121 103 246
layer_35.bin,decodeProtected,8,0,129 74 148 14 190 202 235 44
layer_36.bin,decodeProtected,6,2,115 188 227 55 147 93 79 39
layer_37.bin,decodeProtected,7,1,100 101 163 16 169 215 196 86
layer_38.bin,decodeProtected,7,1,61 18 122 254 196 143 8 16
layer_39.bin,decodeProtected,2,6,163 176 224 161 128 139 169 90
layer_00.bin,decodeProtected,2,6,113 166 197 179 142 97 213 130
layer_01.bin,decodeProtected,1,7,34 26 132 59 11 87 225 187
layer_02.bin,decodeProtected,4,4,227 17 59 103 146 26 164 35
layer_03.bin,decodeProtected,2,6,31 211 37 135 146 46 142 84
layer_04.bin,decodeProtected,1,7,161 65 13 14 167 241 131 17
layer_05.bin,decodeProtected,3,5,161 104 204 186 10 6 58 191
layer_06.bin,decodeProtected,4,4,43 125 167 54 123 241 180 178
layer_07.bin,decodeProtected,5,3,91 142 133 29 23 185 108 4
layer_08.bin,decodeProtected,6,2,33 89 148 85 247 137 57 117
layer_09.bin,decodeProtected,5,3,39 94 29 99 132 143 88 229
layer_10.bin,decodeProtected,3,5,207 248 130 167 213 208 219 0
layer_11.bin,decodeProtected,2,6,20 36 186 95 98 75 162 90
layer_12.bin,decodeProtected,7,1,21 10 63 242 112 26 116 252
layer_13.bin,decodeProtected,8,0,15 34 29 254 45 33 183 97
layer_14.bin,decodeProtected,8,0,248 173 147 132 204 200 21 46
layer_15.bin,decodeProtected,6,2,65 90 139 227 177 117 145 146
layer_16.bin,decodeProtected,8,0,24 191 115 156 168 183 151 243
layer_17.bin,decodeProtected,6,2,69 172 110 210 1 233 138 61
layer_18.bin,decodeProtected,7,1,148 77 187 97 224 83 176 225
layer_19.bin,decodeProtected,7,1,95 129 130 88 199 12 59 135
layer_20.bin,decodeProtected,8,0,148 33 240 247 24 89 26 145
layer_21.bin,decodeProtected,4,4,39 99 132 94 29 1 22 229
layer_22.bin,decodeProtected,7,1,207 83 113 149 245 236 248 132
layer_23.bin,decodeProtected,4,4,20 36 223 83 95 41 54 123
layer_24.bin,decodeProtected,7,1,116 43 10 63 37 246 22 26
layer_25.bin,decodeProtected,7,1,15 83 33 45 183 43 34 120
layer_26.bin,decodeProtected,8,0,248 204 134 21 118 132 173 130
layer_27.bin,decodeProtected,6,2,65 90 139 227 145 72 177 81
layer_28.bin,decodeProtected,8,0,24 191 168 156 5 183 96 151
layer_29.bin,decodeProtected,7,1,69 172 1 98 119 223 151 204
layer_30.bin,decodeProtected,6,2,77 148 187 71 225 97 91 64
layer_31.bin,decodeProtected,7,1,95 240 130 135 129 12 88 59
layer_32.bin,decodeProtected,5,3,113 99 238 236 215 47 7 254
layer_33.bin,decodeProtected,8,0,190 232 28 107 41 72 104 86
layer_34.bin,decodeProtected,5,3,88 62 161 97 252 10 56 209
layer_35.bin,decodeProtected,8,0,129 74 235 202 14 16 167 218
layer_36.bin,decodeProtected,6,2,188 207 152 246 78 176 158 153
layer_37.bin,decodeProtected,5,3,163 22 135 161 199 143 67 103
layer_38.bin,decodeProtected,5,3,127 71 118 234 30 9 93 196
layer_39.bin,decodeProtected,6,2,69 203 139 92 248 250 70 165
layer_00.bin,decodeProtected,0,8,106 66 22 212 6 46 218 121
layer_01.bin,decodeProtected,4,4,223 128 250 191 189 73 158 112
layer_02.bin,decodeProtected,5,3,22 198 87 76 10 59 121 16
layer_03.bin,decodeProtected,5,3,76 31 30 92 146 214 255 216
layer_04.bin,decodeProtected,4,4,65 242 118 67 14 122 98 138
layer_05.bin,decodeProtected,4,4,67 14 254 100 161 10 18 204
layer_06.bin,decodeProtected,7,1,43 2 54 125 178 167 19 52
layer_07.bin,decodeProtected,6,2,44 91 4 185 2 108 133 210
layer_08.bin,decodeProtected,6,2,33 148 85 212 137 57 142 250
layer_09.bin,decodeProtected,6,2,240 156 132 217 99 98 194 207
layer_10.bin,decodeProtected,4,4,161 62 253 207 248 167 250 31
layer_11.bin,decodeProtected,3,5,49 20 109 95 195 36 203 238
layer_12.bin,decodeProtected,6,2,10 12 21 116 144 117 252 112
layer_13.bin,decodeProtected,5,3,15 142 33 34 183 208 5 86
layer_14.bin,decodeProtected,7,1,147 173 248 132 46 134 41 204
layer_15.bin,decodeProtected,6,2,90 139 117 227 74 145 38 146
layer_16.bin,decodeProtected,7,1,191 24 168 156 151 115 204 183
layer_17.bin,decodeProtected,6,2,69 110 210 99 169 1 217 72
layer_18.bin,decodeProtected,7,1,77 112 64 176 224 233 225 83
layer_19.bin,decodeProtected,8,0,95 129 199 88 12 135 115 59
layer_20.bin,decodeProtected,6,2,148 33 240 247 145 26 158 65
layer_21.bin,decodeProtected,7,1,99 240 132 1 22 156 228 217
layer_22.bin,decodeProtected,7,1,207 161 236 149 245 140 132 231
layer_23.bin,decodeProtected,4,4,20 223 36 109 181 180 238 49
layer_24.bin,decodeProtected,5,3,43 116 10 21 37 124 244 4
layer_25.bin,decodeProtected,8,0,15 34 183 83 45 33 208 120
layer_26.bin,decodeProtected,7,1,248 21 134 204 132 173 130 201
layer_27.bin,decodeProtected,6,2,139 90 227 36 117 145 102 177
layer_28.bin,decodeProtected,7,1,191 24 183 168 156 197 231 195
layer_29.bin,decodeProtected,7,1,69 110 213 1 98 204 223 65
layer_30.bin,decodeProtected,6,2,77 112 71 225 204 97 91 64
layer_31.bin,decodeProtected,6,2,240 95 135 88 59 129 199 243
layer_32.bin,decodeProtected,6,2,238 116 236 215 113 221 158 128
layer_33.bin,decodeProtected,5,3,182 72 107 232 244 28 41 151
layer_34.bin,decodeProtected,6,2,205 10 161 97 9 252 56 34
layer_35.bin,decodeProtected,7,1,129 132 202 14 235 167 36 16
layer_36.bin,decodeProtected,8,0,188 152 246 181 176 158 78 153
layer_37.bin,decodeProtected,8,0,163 22 135 161 67 199 103 143
layer_38.bin,decodeProtected,7,1,9 127 234 30 118 198 47 175
layer_39.bin,decodeProtected,5,3,250 246 203 248 1 92 70 9
