layer_00.bin,none,0,8,132 129 38 213 21 253 244 193
layer_01.bin,none,0,8,214 148 161 151 110 212 39 139
layer_02.bin,none,0,8,85 202 138 144 222 197 41 104
layer_03.bin,none,0,8,26 86 145 1 174 239 230 244
layer_04.bin,none,0,8,64 234 97 31 48 50 211 191
layer_05.bin,none,0,8,215 47 200 244 25 15 57 56
layer_06.bin,none,0,8,254 214 110 248 231 91 40 139
layer_07.bin,none,0,8,241 211 221 148 213 63 165 209
layer_08.bin,none,0,8,235 127 11 17 197 18 217 139
layer_09.bin,none,0,8,210 246 122 127 12 72 248 213
layer_10.bin,none,0,8,14 175 179 192 236 206 43 120
layer_11.bin,none,0,8,24 104 221 34 126 180 219 132
layer_12.bin,none,0,8,124 247 52 68 137 79 167 127
layer_13.bin,none,0,8,221 71 231 139 135 241 78 253
layer_14.bin,none,0,8,57 217 140 200 244 81 136 197
layer_15.bin,none,0,8,183 191 117 254 102 86 34 131
layer_16.bin,none,0,8,89 166 41 220 50 245 174 210
layer_17.bin,none,0,8,198 150 171 106 112 243 29 121
layer_18.bin,none,0,8,201 100 31 172 24 111 105 230
layer_19.bin,none,0,8,41 153 148 90 246 139 10 142
layer_20.bin,none,0,8,127 17 235 11 217 18 93 162
layer_21.bin,none,0,8,184 72 246 127 210 122 228 201
layer_22.bin,none,0,8,120 175 192 82 50 11 90 195
layer_23.bin,none,0,8,180 24 41 104 152 246 187 215
layer_24.bin,none,0,8,53 216 124 62 167 247 4 24
layer_25.bin,none,0,8,167 221 78 64 26 52 135 121
layer_26.bin,none,0,8,81 217 57 150 244 136 8 230
layer_27.bin,none,0,8,247 191 225 124 102 168 45 93
layer_28.bin,none,0,8,107 158 166 57 23 182 126 89
layer_29.bin,none,0,8,106 112 171 42 96 215 198 25
layer_30.bin,none,0,8,31 174 32 88 160 75 47 253
layer_31.bin,none,0,8,204 153 87 221 99 24 237 194
layer_32.bin,none,0,8,205 117 35 172 27 180 95 166
layer_33.bin,none,0,8,144 241 90 127 9 67 32 98
layer_34.bin,none,0,8,63 85 231 202 105 40 234 92
layer_35.bin,none,0,8,225 203 102 66 213 174 170 96
layer_36.bin,none,0,8,159 45 201 186 106 212 73 56
layer_37.bin,none,0,8,245 72 109 13 165 145 219 233
layer_38.bin,none,0,8,209 249 120 0 151 109 103 27
layer_39.bin,none,0,8,162 108 159 63 154 69 2 222
layer_00.bin,none,0,8,238 112 200 173 43 95 139 30
layer_01.bin,none,1,7,214 250 19 58 243 163 125 147
layer_02.bin,none,3,5,29 27 85 233 197 11 179 41
layer_03.bin,none,2,6,162 244 1 123 89 4 253 75
layer_04.bin,none,2,6,163 87 246 195 72 191 88 234
layer_05.bin,none,4,4,15 159 166 110 13 25 56 57
layer_06.bin,none,4,4,110 138 46 40 24 91 254 173
layer_07.bin,none,3,5,221 191 112 200 142 39 241 165
layer_08.bin,none,4,4,175 217 127 17 123 223 78 139
layer_09.bin,none,4,4,72 246 210 95 122 45 232 71
layer_10.bin,none,4,4,175 120 14 100 249 183 179 203
layer_11.bin,none,1,7,180 41 246 96 149 152 143 92
layer_12.bin,none,4,4,4 124 68 24 77 52 167 216
layer_13.bin,none,2,6,231 119 132 221 167 177 64 161
layer_14.bin,none,4,4,217 57 244 211 123 136 191 181
layer_15.bin,none,2,6,225 247 218 191 117 82 48 157
layer_16.bin,none,3,5,89 245 88 166 203 16 107 141
layer_17.bin,none,3,5,96 106 26 171 150 25 125 86
layer_18.bin,none,3,5,100 201 174 94 141 44 75 172
layer_19.bin,none,2,6,41 204 44 221 142 207 238 173
layer_20.bin,none,5,3,17 127 175 217 223 18 11 8
layer_21.bin,none,5,3,72 246 184 232 210 113 127 155
layer_22.bin,none,6,2,120 175 100 50 192 82 231 90
layer_23.bin,none,3,5,180 41 87 213 132 152 96 92
layer_24.bin,none,6,2,53 216 124 167 4 24 58 100
layer_25.bin,none,3,5,167 52 236 221 132 231 242 119
layer_26.bin,none,6,2,217 81 57 136 181 244 211 150
layer_27.bin,none,3,5,247 191 225 218 83 82 108 117
layer_28.bin,none,4,4,158 107 88 166 93 218 18 89
layer_29.bin,none,6,2,106 96 171 25 86 125 112 42
layer_30.bin,none,5,3,31 174 75 94 160 32 141 217
layer_31.bin,none,0,8,19 36 167 173 94 35 207 186
layer_32.bin,none,3,5,95 27 53 35 112 2 38 119
layer_33.bin,none,6,2,127 32 144 9 241 39 90 231
layer_34.bin,none,5,3,63 85 26 231 105 92 204 219
layer_35.bin,none,5,3,43 102 203 225 42 174 119 170
layer_36.bin,none,7,1,45 56 201 73 186 161 159 212
layer_37.bin,none,4,4,72 211 245 219 109 200 206 138
layer_38.bin,none,5,3,209 120 151 193 249 232 0 125
layer_39.bin,none,4,4,108 162 221 159 148 2 236 98
layer_00.bin,none,1,7,187 192 115 81 235 112 86 72
layer_01.bin,none,3,5,214 172 16 137 147 112 94 250
layer_02.bin,none,1,7,41 153 129 204 106 123 231 165
layer_03.bin,none,0,8,196 6 69 25 113 38 225 126
layer_04.bin,none,3,5,195 88 163 235 185 90 188 200
layer_05.bin,none,2,6,110 135 71 205 65 86 127 15
layer_06.bin,none,2,6,169 203 138 22 112 254 176 143
layer_07.bin,none,1,7,49 144 180 221 229 203 136 125
layer_08.bin,none,2,6,123 175 191 99 243 8 111 196
layer_09.bin,none,3,5,45 116 2 36 18 72 121 95
layer_10.bin,none,0,8,243 65 162 27 177 247 129 188
layer_11.bin,none,1,7,92 13 192 226 138 228 4 112
layer_12.bin,none,1,7,169 221 16 100 199 24 235 99
layer_13.bin,none,2,6,149 251 141 236 135 132 89 202
layer_14.bin,none,2,6,71 123 12 191 230 103 88 193
layer_15.bin,none,0,8,244 228 137 255 229 185 150 124
layer_16.bin,none,1,7,93 60 75 88 18 63 144 130
layer_17.bin,none,2,6,248 86 249 150 45 74 72 59
layer_18.bin,none,4,4,254 123 174 199 217 201 94 172
layer_19.bin,none,5,3,173 154 238 41 44 221 194 195
layer_20.bin,none,3,5,92 175 197 173 127 223 139 243
layer_21.bin,none,4,4,18 45 200 184 210 232 248 122
layer_22.bin,none,1,7,227 176 243 203 76 231 136 179
layer_23.bin,none,1,7,92 16 193 143 78 183 138 249
layer_24.bin,none,2,6,221 235 24 23 0 126 199 53
layer_25.bin,none,2,6,149 251 202 89 78 141 44 135
layer_26.bin,none,1,7,71 12 88 230 103 193 229 112
layer_27.bin,none,1,7,137 124 185 244 255 228 61 69
layer_28.bin,none,2,6,229 93 75 60 238 18 175 227
layer_29.bin,none,1,7,248 167 183 111 91 72 74 42
layer_30.bin,none,3,5,199 160 217 39 174 254 155 180
layer_31.bin,none,4,4,36 154 121 173 167 75 162 194
layer_32.bin,none,5,3,252 112 2 250 53 35 150 95
layer_33.bin,none,5,3,127 0 32 9 241 164 144 255
layer_34.bin,none,5,3,85 231 26 186 92 132 113 63
layer_35.bin,none,5,3,203 102 42 225 72 174 84 18
layer_36.bin,none,6,2,45 20 73 141 186 212 201 56
layer_37.bin,none,5,3,72 39 182 138 109 165 104 219
layer_38.bin,none,5,3,209 27 151 249 125 148 2 224
layer_39.bin,none,3,5,110 154 38 207 108 12 69 243
layer_00.bin,none,3,5,188 92 238 66 112 43 186 144
layer_01.bin,none,2,6,112 19 205 224 33 86 167 198
layer_02.bin,none,1,7,11 92 217 49 60 133 255 150
layer_03.bin,none,3,5,225 25 159 157 199 197 19 113
layer_04.bin,none,2,6,88 98 195 192 94 154 233 86
layer_05.bin,none,1,7,110 165 60 158 147 153 218 251
layer_06.bin,none,3,5,138 22 65 68 79 143 183 196
layer_07.bin,none,2,6,36 184 75 229 147 116 159 191
layer_08.bin,none,2,6,123 191 107 224 3 61 220 176
layer_09.bin,none,2,6,156 45 95 161 198 120 67 73
layer_10.bin,none,2,6,247 111 91 187 234 243 207 165
layer_11.bin,none,0,8,27 153 107 3 7 150 130 204
layer_12.bin,none,4,4,221 169 60 1 39 199 16 145
layer_13.bin,none,3,5,202 47 66 3 219 20 141 132
layer_14.bin,none,5,3,189 137 57 88 71 103 12 125
layer_15.bin,none,3,5,229 248 225 242 61 228 184 165
layer_16.bin,none,4,4,130 252 28 166 229 93 60 57
layer_17.bin,none,3,5,248 64 35 241 74 20 171 226
layer_18.bin,none,2,6,126 199 217 155 69 13 34 177
layer_19.bin,none,3,5,173 221 35 41 36 226 75 26
layer_20.bin,none,3,5,224 197 191 173 116 92 3 23
layer_21.bin,none,3,5,95 209 156 18 45 184 112 73
layer_22.bin,none,2,6,124 182 243 65 187 44 179 0
layer_23.bin,none,2,6,204 176 150 193 15 153 177 143
layer_24.bin,none,3,5,221 199 68 1 60 127 167 16
layer_25.bin,none,4,4,20 202 132 66 89 167 233 180
layer_26.bin,none,4,4,189 166 12 71 57 88 159 137
layer_27.bin,none,3,5,85 225 255 61 204 242 217 150
layer_28.bin,none,3,5,252 152 130 166 28 229 80 60
layer_29.bin,none,2,6,64 248 20 35 201 241 171 100
layer_30.bin,none,2,6,13 126 203 134 176 34 155 199
layer_31.bin,none,6,2,35 162 41 221 75 201 36 173
layer_32.bin,none,2,6,68 195 27 146 19 71 185 112
layer_33.bin,none,2,6,127 189 37 72 97 217 71 241
layer_34.bin,none,3,5,63 51 255 212 204 234 251 90
layer_35.bin,none,2,6,43 22 44 135 3 97 203 49
layer_36.bin,none,2,6,73 234 214 18 0 212 35 198
layer_37.bin,none,3,5,165 55 48 28 72 220 219 97
layer_38.bin,none,3,5,120 209 173 97 115 125 84 33
layer_39.bin,none,1,7,108 224 23 78 241 185 52 107
layer_00.bin,none,0,8,136 14 241 78 56 228 15 140
layer_01.bin,none,1,7,234 40 96 209 205 57 134 171
layer_02.bin,none,2,6,39 106 158 36 80 217 20 253
layer_03.bin,none,5,3,225 25 173 159 166 75 199 219
layer_04.bin,none,5,3,98 195 253 192 154 89 156 88
layer_05.bin,none,7,1,159 165 110 174 153 158 251 205
layer_06.bin,none,5,3,138 196 79 77 232 65 36 112
layer_07.bin,none,6,2,147 36 78 184 35 229 116 75
layer_08.bin,none,5,3,157 123 191 107 224 110 220 180
layer_09.bin,none,6,2,95 45 156 47 198 161 73 102
layer_10.bin,none,5,3,187 12 247 68 234 91 124 243
layer_11.bin,none,5,3,64 107 213 27 3 162 130 192
layer_12.bin,none,8,0,221 39 1 169 60 16 199 68
layer_13.bin,none,5,3,42 202 47 66 175 154 219 3
layer_14.bin,none,4,4,166 88 189 137 51 64 159 244
layer_15.bin,none,5,3,228 61 148 242 153 147 225 150
layer_16.bin,none,6,2,130 247 252 28 229 233 60 75
layer_17.bin,none,5,3,35 185 64 125 248 20 116 79
layer_18.bin,none,5,3,13 126 177 251 199 217 87 2
layer_19.bin,none,7,1,173 35 207 221 42 36 204 26
layer_20.bin,none,6,2,116 197 127 217 224 28 139 72
layer_21.bin,none,7,1,232 95 184 72 209 18 112 66
layer_22.bin,none,6,2,182 176 133 243 192 215 50 11
layer_23.bin,none,5,3,213 204 112 138 64 193 176 51
layer_24.bin,none,8,0,221 199 16 68 1 167 60 235
layer_25.bin,none,6,2,167 42 231 233 227 26 251 180
layer_26.bin,none,8,0,166 244 88 189 71 159 12 112
layer_27.bin,none,7,1,85 228 61 150 225 255 139 191
layer_28.bin,none,7,1,247 130 152 252 229 166 28 18
layer_29.bin,none,6,2,64 248 185 125 79 201 100 35
layer_30.bin,none,6,2,13 72 126 44 199 134 155 174
layer_31.bin,none,8,0,35 162 75 41 207 221 36 201
layer_32.bin,none,4,4,27 224 252 68 197 71 237 50
layer_33.bin,none,4,4,127 63 72 156 71 217 18 27
layer_34.bin,none,4,4,152 51 63 54 234 204 102 188
layer_35.bin,none,6,2,135 112 203 22 3 104 84 225
layer_36.bin,none,5,3,73 214 24 239 212 251 18 186
layer_37.bin,none,5,3,50 219 48 28 209 165 55 14
layer_38.bin,none,5,3,209 146 97 86 120 79 84 173
layer_39.bin,none,3,5,108 85 177 78 34 13 52 62
layer_00.bin,none,1,7,134 81 36 175 254 191 177 151
layer_01.bin,none,0,8,254 51 101 149 9 48 89 193
layer_02.bin,none,4,4,39 223 158 182 184 106 216 153
layer_03.bin,none,4,4,199 36 225 25 167 163 166 224
layer_04.bin,none,5,3,195 154 253 175 233 192 160 134
layer_05.bin,none,6,2,153 251 159 110 151 120 60 218
layer_06.bin,none,3,5,196 138 79 210 15 168 171 12
layer_07.bin,none,5,3,78 185 147 175 36 229 184 120
layer_08.bin,none,4,4,123 23 72 191 224 16 133 107
layer_09.bin,none,3,5,95 44 1 161 45 251 229 207
layer_10.bin,none,3,5,59 247 132 146 116 12 124 20
layer_11.bin,none,2,6,37 60 141 204 71 101 107 231
layer_12.bin,none,4,4,221 208 39 145 166 116 163 1
layer_13.bin,none,5,3,47 212 93 42 219 202 45 66
layer_14.bin,none,3,5,54 64 166 167 189 67 160 231
layer_15.bin,none,3,5,147 18 12 242 204 148 95 4
layer_16.bin,none,3,5,130 53 59 252 28 72 51 189
layer_17.bin,none,5,3,64 35 89 185 248 152 115 20
layer_18.bin,none,4,4,126 43 13 34 219 139 199 229
layer_19.bin,none,6,2,35 173 212 47 36 75 26 41
layer_20.bin,none,4,4,23 72 133 224 191 151 148 71
layer_21.bin,none,1,7,95 251 1 207 44 255 189 58
layer_22.bin,none,1,7,124 12 59 156 40 116 122 20
layer_23.bin,none,2,6,204 141 60 71 213 37 107 157
layer_24.bin,none,3,5,1 221 157 167 166 39 163 145
layer_25.bin,none,4,4,47 93 42 212 202 78 66 130
layer_26.bin,none,3,5,166 137 160 54 214 12 64 204
layer_27.bin,none,4,4,12 85 147 150 242 18 204 98
layer_28.bin,none,4,4,130 152 247 53 72 59 28 51
layer_29.bin,none,4,4,64 185 89 152 1 35 248 62
layer_30.bin,none,5,3,13 44 72 176 66 192 199 139
layer_31.bin,none,5,3,207 35 75 212 162 247 122 41
layer_32.bin,none,2,6,144 14 47 27 151 19 255 26
layer_33.bin,none,3,5,127 47 84 72 82 81 191 67
layer_34.bin,none,2,6,152 18 128 181 11 103 51 37
layer_35.bin,none,3,5,14 36 129 84 97 104 253 167
layer_36.bin,none,1,7,73 153 188 74 10 44 50 158
layer_37.bin,none,2,6,124 89 55 162 219 134 22 64
layer_38.bin,none,3,5,209 175 212 120 118 127 173 242
layer_39.bin,none,3,5,219 77 70 34 108 154 30 188
layer_00.bin,none,3,5,211 70 62 151 134 174 36 75
layer_01.bin,none,3,5,235 193 254 107 102 69 123 33
layer_02.bin,none,4,4,80 158 3 153 66 39 111 156
layer_03.bin,none,4,4,109 199 227 225 25 228 79 196
layer_04.bin,none,5,3,28 253 154 175 195 121 134 57
layer_05.bin,none,5,3,153 251 159 50 151 60 58 201
layer_06.bin,none,7,1,196 12 79 210 36 233 40 15
layer_07.bin,none,5,3,175 78 147 185 245 36 57 81
layer_08.bin,none,7,1,123 72 195 133 224 23 191 107
layer_09.bin,none,6,2,95 44 1 99 229 221 207 161
layer_10.bin,none,6,2,242 12 132 247 124 40 234 116
layer_11.bin,none,4,4,204 173 220 107 60 218 85 150
layer_12.bin,none,5,3,157 221 116 208 39 68 161 15
layer_13.bin,none,6,2,47 212 45 180 93 219 42 130
layer_14.bin,none,5,3,204 54 166 160 52 64 189 253
layer_15.bin,none,6,2,147 18 204 98 165 148 229 139
layer_16.bin,none,5,3,130 190 252 172 247 28 117 72
layer_17.bin,none,6,2,64 185 35 69 125 1 89 20
layer_18.bin,none,5,3,126 176 44 72 43 13 138 34
layer_19.bin,none,5,3,122 75 212 35 85 114 36 26
layer_20.bin,none,6,2,195 72 23 133 191 148 224 172
layer_21.bin,none,5,3,95 207 1 44 229 193 58 243
layer_22.bin,none,5,3,124 12 242 156 122 40 132 247
layer_23.bin,none,3,5,204 60 107 173 220 218 222 5
layer_24.bin,none,7,1,1 221 157 39 116 216 68 167
layer_25.bin,none,7,1,212 47 45 42 130 93 78 180
layer_26.bin,none,8,0,166 204 160 137 54 214 64 12
layer_27.bin,none,6,2,147 85 150 28 98 204 139 183
layer_28.bin,none,6,2,130 152 247 126 190 117 51 28
layer_29.bin,none,7,1,64 185 125 1 248 91 20 21
layer_30.bin,none,6,2,44 176 72 126 13 99 199 91
layer_31.bin,none,6,2,35 122 162 207 75 212 85 59
layer_32.bin,none,6,2,123 255 47 68 27 71 2 128
layer_33.bin,none,3,5,127 139 95 11 72 110 67 229
layer_34.bin,none,1,7,72 51 240 121 222 195 10 44
layer_35.bin,none,5,3,129 14 36 191 97 235 84 114
layer_36.bin,none,5,3,26 188 73 153 142 158 110 50
layer_37.bin,none,4,4,55 163 219 109 238 124 115 175
layer_38.bin,none,4,4,209 173 175 239 93 87 119 118
layer_39.bin,none,3,5,108 239 244 154 158 70 99 129
layer_00.bin,none,0,8,233 49 85 11 165 128 22 93
layer_01.bin,none,4,4,107 193 169 133 66 171 203 57
layer_02.bin,none,4,4,253 158 169 238 149 39 20 164
layer_03.bin,none,3,5,119 225 55 171 188 228 75 27
layer_04.bin,none,3,5,228 154 122 195 253 65 152 119
layer_05.bin,none,6,2,61 153 251 159 151 110 249 205
layer_06.bin,none,5,3,79 196 90 138 12 40 44 126
layer_07.bin,none,7,1,184 78 147 36 185 75 131 81
layer_08.bin,none,6,2,23 224 180 191 72 164 107 52
layer_09.bin,none,6,2,217 95 207 44 161 255 198 99
layer_10.bin,none,6,2,247 12 62 124 234 132 133 40
layer_11.bin,none,6,2,107 142 60 98 204 101 150 173
layer_12.bin,none,7,1,39 221 1 15 116 60 43 145
layer_13.bin,none,8,0,47 212 45 219 66 93 180 202
layer_14.bin,none,8,0,137 51 166 160 189 54 52 64
layer_15.bin,none,7,1,147 148 242 204 165 229 217 228
layer_16.bin,none,7,1,130 28 252 229 170 51 247 233
layer_17.bin,none,8,0,64 35 89 20 248 115 125 185
layer_18.bin,none,6,2,126 13 43 176 34 155 192 137
layer_19.bin,none,7,1,36 75 173 35 30 26 207 41
layer_20.bin,none,6,2,72 23 191 224 116 133 42 237
layer_21.bin,none,5,3,95 207 44 217 194 209 235 232
layer_22.bin,none,7,1,124 133 12 247 65 176 243 126
layer_23.bin,none,5,3,213 34 204 107 5 142 108 177
layer_24.bin,none,6,2,221 1 216 68 39 251 167 91
layer_25.bin,none,6,2,47 78 202 93 209 212 219 167
layer_26.bin,none,6,2,166 137 160 54 209 214 107 12
layer_27.bin,none,7,1,85 228 218 147 191 150 139 254
layer_28.bin,none,8,0,130 152 247 229 51 28 72 166
layer_29.bin,none,7,1,64 125 248 1 185 91 89 104
layer_30.bin,none,7,1,44 176 126 13 155 234 199 72
layer_31.bin,none,6,2,35 207 162 122 75 225 246 59
layer_32.bin,none,5,3,27 47 221 68 71 18 255 31
layer_33.bin,none,4,4,127 11 121 72 151 0 107 244
layer_34.bin,none,4,4,208 175 252 51 113 234 56 10
layer_35.bin,none,4,4,5 94 235 85 129 225 36 132
layer_36.bin,none,5,3,73 188 246 153 195 152 158 186
layer_37.bin,none,5,3,55 219 165 163 43 22 135 161
layer_38.bin,none,4,4,209 173 195 201 9 30 118 127
layer_39.bin,none,1,7,246 250 1 138 92 215 9 70
layer_00.bin,none,5,3,144 234 92 62 111 186 188 155
layer_01.bin,none,4,4,195 133 193 198 83 205 95 109
layer_02.bin,none,4,4,92 150 110 253 158 89 86 230
layer_03.bin,none,4,4,199 225 113 56 177 163 155 218
layer_04.bin,none,6,2,94 195 233 8 134 154 228 71
layer_05.bin,none,6,2,60 61 159 110 251 222 153 115
layer_06.bin,none,4,4,12 196 40 92 235 125 90 98
layer_07.bin,none,7,1,75 245 185 147 181 78 81 175
layer_08.bin,none,5,3,72 123 180 50 151 52 191 148
layer_09.bin,none,6,2,95 120 99 1 221 44 166 84
layer_10.bin,none,5,3,116 207 124 199 9 182 40 247
layer_11.bin,none,6,2,153 101 107 145 114 130 143 60
layer_12.bin,none,3,5,116 146 105 221 21 3 208 20
layer_13.bin,none,7,1,47 212 45 83 180 132 130 219
layer_14.bin,none,7,1,54 204 166 230 67 248 189 160
layer_15.bin,none,7,1,147 248 18 228 204 139 206 225
layer_16.bin,none,4,4,130 230 172 54 183 229 147 51
layer_17.bin,none,6,2,69 64 35 233 197 248 115 198
layer_18.bin,none,6,2,176 69 126 13 199 44 99 117
layer_19.bin,none,7,1,35 75 114 221 212 207 36 162
layer_20.bin,none,6,2,72 159 23 148 198 195 151 42
layer_21.bin,none,4,4,95 63 99 1 221 166 44 207
layer_22.bin,none,5,3,124 0 9 207 116 151 40 122
layer_23.bin,none,4,4,153 15 204 107 145 130 134 61
layer_24.bin,none,2,6,221 1 105 99 146 20 104 174
layer_25.bin,none,6,2,47 132 209 224 212 130 45 100
layer_26.bin,none,6,2,54 166 160 204 71 230 67 90
layer_27.bin,none,5,3,85 147 139 248 218 228 70 206
layer_28.bin,none,4,4,130 230 183 152 54 51 113 18
layer_29.bin,none,5,3,64 69 1 248 236 79 115 198
layer_30.bin,none,4,4,176 44 199 69 13 117 225 83
layer_31.bin,none,5,3,35 162 221 207 75 51 95 239
layer_32.bin,none,6,2,146 195 31 27 68 117 86 215
layer_33.bin,none,5,3,127 37 97 189 75 94 49 72
layer_34.bin,none,7,1,212 255 204 51 187 10 202 222
layer_35.bin,none,5,3,49 129 77 202 203 58 167 14
layer_36.bin,none,5,3,73 234 158 188 241 8 28 186
layer_37.bin,none,6,2,55 219 64 165 109 3 145 176
layer_38.bin,none,4,4,209 173 88 175 230 188 128 239
layer_39.bin,none,5,3,23 98 108 16 241 127 142 154
layer_00.bin,none,0,8,181 82 107 251 39 68 83 246
layer_01.bin,none,5,3,183 40 193 96 166 8 205 234
layer_02.bin,none,3,5,169 20 158 241 209 2 120 154
layer_03.bin,none,4,4,4 199 242 166 55 100 217 17
layer_04.bin,none,7,1,134 156 20 195 228 154 98 89
layer_05.bin,none,5,3,174 159 250 251 111 58 110 95
layer_06.bin,none,5,3,196 125 145 12 233 7 15 230
layer_07.bin,none,8,0,75 78 147 245 81 191 185 175
layer_08.bin,none,7,1,72 123 175 23 151 191 148 198
layer_09.bin,none,7,1,95 99 120 45 1 166 44 169
layer_10.bin,none,4,4,68 124 61 182 76 80 217 247
layer_11.bin,none,7,1,64 162 107 143 213 145 130 61
layer_12.bin,none,4,4,221 169 1 83 185 91 9 68
layer_13.bin,none,7,1,47 212 83 164 45 130 180 66
layer_14.bin,none,7,1,54 88 30 248 51 189 204 166
layer_15.bin,none,7,1,147 204 228 139 217 85 148 185
layer_16.bin,none,7,1,130 229 144 233 252 40 172 51
layer_17.bin,none,8,0,26 248 64 69 35 198 112 226
layer_18.bin,none,7,1,176 217 137 34 199 126 30 174
layer_19.bin,none,7,1,154 173 237 35 36 195 221 75
layer_20.bin,none,8,0,23 72 175 191 133 223 11 237
layer_21.bin,none,7,1,95 63 136 127 155 209 232 184
layer_22.bin,none,5,3,167 191 231 136 68 227 151 133
layer_23.bin,none,5,3,162 64 22 176 249 25 78 51
layer_24.bin,none,6,2,221 232 216 52 235 104 53 99
layer_25.bin,none,6,2,78 132 167 164 121 55 227 209
layer_26.bin,none,7,1,12 150 142 166 211 54 229 230
layer_27.bin,none,7,1,85 139 254 82 61 225 126 183
layer_28.bin,none,5,3,130 18 14 126 93 218 63 144
layer_29.bin,none,5,3,26 248 64 69 33 165 91 79
layer_30.bin,none,7,1,176 55 199 13 44 34 234 94
layer_31.bin,none,5,3,237 35 162 221 195 172 123 194
layer_32.bin,none,6,2,27 224 31 66 197 117 68 183
layer_33.bin,none,5,3,127 201 179 156 71 55 217 67
layer_34.bin,none,4,4,217 49 204 247 51 213 10 202
layer_35.bin,none,6,2,224 203 129 194 225 202 84 14
layer_36.bin,none,5,3,73 255 158 188 24 241 82 157
layer_37.bin,none,5,3,219 50 64 55 35 165 103 82
layer_38.bin,none,6,2,209 146 230 128 173 12 189 175
layer_39.bin,none,6,2,85 34 10 177 13 108 30 160
layer_00.bin,none,3,5,24 109 254 208 151 163 203 191
layer_01.bin,none,1,7,27 236 231 226 69 150 35 208
layer_02.bin,none,3,5,221 193 224 223 120 158 95 42
layer_03.bin,none,5,3,167 163 242 224 154 173 243 87
layer_04.bin,none,4,4,243 175 134 233 206 132 28 178
layer_05.bin,none,5,3,77 60 95 58 64 250 159 145
layer_06.bin,none,5,3,233 195 145 168 125 12 32 144
layer_07.bin,none,5,3,245 78 6 30 75 191 185 252
layer_08.bin,none,5,3,123 72 22 23 145 148 16 63
layer_09.bin,none,4,4,99 95 1 44 100 32 187 58
layer_10.bin,none,4,4,146 131 217 69 124 191 254 116
layer_11.bin,none,2,6,97 37 83 204 237 134 32 56
layer_12.bin,none,4,4,50 185 38 24 13 10 208 91
layer_13.bin,none,5,3,47 212 0 162 136 180 83 45
layer_14.bin,none,2,6,54 17 248 212 225 115 21 78
layer_15.bin,none,4,4,18 147 6 12 100 127 139 92
layer_16.bin,none,5,3,130 59 172 183 39 113 234 144
layer_17.bin,none,4,4,69 4 64 51 144 27 35 185
layer_18.bin,none,3,5,176 209 116 77 34 55 66 123
layer_19.bin,none,4,4,48 35 83 99 47 55 41 114
layer_20.bin,none,5,3,72 22 172 148 23 144 53 133
layer_21.bin,none,4,4,95 99 32 128 100 214 58 1
layer_22.bin,none,4,4,124 20 109 40 146 60 122 250
layer_23.bin,none,7,1,37 204 138 71 61 51 56 112
layer_24.bin,none,6,2,50 1 104 24 166 87 221 100
layer_25.bin,none,4,4,47 0 130 208 230 83 212 20
layer_26.bin,none,3,5,54 248 12 17 78 212 58 166
layer_27.bin,none,5,3,12 139 100 18 85 147 86 95
layer_28.bin,none,6,2,130 59 234 14 113 191 63 53
layer_29.bin,none,3,5,4 69 165 9 51 241 2 220
layer_30.bin,none,6,2,176 116 143 55 34 66 13 44
layer_31.bin,none,4,4,83 35 99 47 157 37 247 85
layer_32.bin,none,6,2,26 144 28 14 27 7 117 19
layer_33.bin,none,5,3,47 127 250 84 4 203 72 67
layer_34.bin,none,5,3,94 247 18 163 73 11 128 121
layer_35.bin,none,4,4,9 84 129 202 187 0 56 194
layer_36.bin,none,6,2,73 44 188 157 28 82 32 31
layer_37.bin,none,7,1,219 109 55 162 35 103 3 26
layer_38.bin,none,5,3,209 242 254 230 52 173 120 76
layer_39.bin,none,6,2,219 99 77 154 108 116 30 130
layer_00.bin,none,3,5,159 211 174 116 13 151 69 239
layer_01.bin,none,3,5,80 69 236 141 23 235 239 44
layer_02.bin,none,4,4,111 224 184 148 132 154 240 250
layer_03.bin,none,2,6,119 131 56 216 40 222 9 255
layer_04.bin,none,4,4,134 221 243 148 175 186 77 121
layer_05.bin,none,5,3,60 77 250 164 19 111 58 79
layer_06.bin,none,6,2,233 125 12 145 149 196 140 32
layer_07.bin,none,6,2,245 78 30 185 75 246 175 38
layer_08.bin,none,7,1,22 72 50 121 23 133 148 16
layer_09.bin,none,7,1,99 1 221 58 95 44 100 134
layer_10.bin,none,5,3,61 191 242 60 146 250 137 76
layer_11.bin,none,7,1,97 220 174 83 134 162 101 143
layer_12.bin,none,7,1,185 68 24 100 50 4 208 213
layer_13.bin,none,7,1,47 83 212 162 180 185 45 136
layer_14.bin,none,8,0,54 248 115 12 57 212 17 204
layer_15.bin,none,4,4,227 147 183 127 70 18 138 90
layer_16.bin,none,6,2,130 183 172 190 144 18 112 191
layer_17.bin,none,6,2,69 150 21 2 27 64 35 152
layer_18.bin,none,6,2,176 77 141 99 250 209 146 34
layer_19.bin,none,7,1,35 114 99 83 85 212 41 94
layer_20.bin,none,7,1,72 22 148 23 198 172 53 130
layer_21.bin,none,7,1,95 99 44 100 1 214 225 248
layer_22.bin,none,7,1,250 137 242 124 60 40 207 122
layer_23.bin,none,5,3,220 218 201 138 222 204 85 174
layer_24.bin,none,5,3,1 185 50 11 20 55 116 157
layer_25.bin,none,6,2,47 101 83 208 224 130 162 0
layer_26.bin,none,7,1,54 248 12 160 115 64 212 58
layer_27.bin,none,5,3,85 145 147 139 28 183 90 227
layer_28.bin,none,7,1,130 183 152 191 113 190 24 59
layer_29.bin,none,7,1,64 69 2 1 21 98 241 62
layer_30.bin,none,6,2,176 141 64 63 13 44 225 116
layer_31.bin,none,7,1,35 85 95 59 162 99 88 157
layer_32.bin,none,5,3,123 140 109 179 27 86 7 117
layer_33.bin,none,5,3,139 127 95 102 36 11 203 108
layer_34.bin,none,7,1,44 238 73 94 240 121 195 72
layer_35.bin,none,5,3,129 187 190 148 191 202 74 84
layer_36.bin,none,5,3,188 26 227 73 142 147 157 115
layer_37.bin,none,4,4,95 78 55 27 109 3 175 16
layer_38.bin,none,4,4,209 173 215 251 123 119 254 168
layer_39.bin,none,5,3,158 154 239 99 178 98 44 231
layer_00.bin,none,4,4,211 234 223 78 4 92 62 192
layer_01.bin,none,4,4,66 72 193 123 202 43 162 141
layer_02.bin,none,3,5,107 110 228 158 207 93 92 212
layer_03.bin,none,7,1,154 16 243 199 56 218 157 242
layer_04.bin,none,5,3,134 239 164 180 175 148 186 77
layer_05.bin,none,4,4,67 60 254 23 251 115 58 81
layer_06.bin,none,4,4,114 12 125 43 3 102 92 196
layer_07.bin,none,6,2,185 245 142 19 78 30 175 161
layer_08.bin,none,5,3,148 47 72 22 133 16 98 53
layer_09.bin,none,8,0,99 207 1 95 134 100 229 44
layer_10.bin,none,3,5,116 233 250 109 117 178 17 217
layer_11.bin,none,7,1,97 83 204 37 101 134 231 137
layer_12.bin,none,3,5,55 116 10 202 47 229 50 139
layer_13.bin,none,7,1,45 47 212 83 180 162 0 208
layer_14.bin,none,5,3,44 248 54 204 203 132 212 21
layer_15.bin,none,6,2,147 178 138 79 227 90 206 139
layer_16.bin,none,5,3,191 138 130 234 56 183 172 179
layer_17.bin,none,5,3,69 49 8 4 126 1 35 27
layer_18.bin,none,5,3,108 77 66 176 130 141 91 13
layer_19.bin,none,4,4,247 75 35 59 115 212 60 48
layer_20.bin,none,5,3,148 72 47 23 22 53 66 98
layer_21.bin,none,8,0,95 99 207 1 44 32 229 100
layer_22.bin,none,5,3,116 233 124 17 250 40 253 122
layer_23.bin,none,3,5,37 116 209 204 14 146 59 201
layer_24.bin,none,6,2,55 1 116 50 39 202 20 47
layer_25.bin,none,5,3,47 208 0 45 130 155 80 91
layer_26.bin,none,6,2,54 160 44 248 254 204 67 58
layer_27.bin,none,6,2,79 178 139 147 206 85 18 228
layer_28.bin,none,6,2,130 191 152 105 72 179 183 51
layer_29.bin,none,5,3,4 69 49 64 1 115 126 213
layer_30.bin,none,3,5,108 77 130 151 66 18 141 91
layer_31.bin,none,6,2,35 157 247 75 83 59 137 55
layer_32.bin,none,4,4,120 248 92 28 47 144 140 75
layer_33.bin,none,3,5,133 127 5 176 72 54 81 181
layer_34.bin,none,2,6,5 227 249 80 15 166 44 238
layer_35.bin,none,6,2,136 202 176 129 167 96 14 36
layer_36.bin,none,4,4,17 188 21 143 138 227 153 186
layer_37.bin,none,3,5,110 214 92 55 243 53 16 165
layer_38.bin,none,4,4,209 156 87 185 254 18 24 173
layer_39.bin,none,1,7,251 50 209 5 95 127 144 167
layer_00.bin,none,1,7,209 52 247 220 198 93 240 136
layer_01.bin,none,3,5,72 3 202 13 143 251 193 71
layer_02.bin,none,4,4,93 107 83 63 35 253 208 158
layer_03.bin,none,6,2,243 154 199 211 163 173 166 10
layer_04.bin,none,6,2,134 180 164 239 123 152 216 175
layer_05.bin,none,8,0,60 67 251 153 58 23 95 115
layer_06.bin,none,7,1,12 114 125 233 196 102 43 11
layer_07.bin,none,8,0,142 245 185 30 78 175 36 81
layer_08.bin,none,8,0,148 72 22 133 121 50 98 145
layer_09.bin,none,8,0,99 1 95 207 134 221 100 58
layer_10.bin,none,8,0,116 61 233 250 217 207 178 146
layer_11.bin,none,5,3,97 83 37 204 116 134 193 44
layer_12.bin,none,7,1,10 116 202 21 211 50 229 55
layer_13.bin,none,8,0,45 212 47 83 180 162 208 0
layer_14.bin,none,8,0,248 54 44 212 204 132 136 115
layer_15.bin,none,7,1,147 90 227 138 92 228 145 139
layer_16.bin,none,7,1,191 172 138 130 234 112 39 24
layer_17.bin,none,7,1,69 8 233 2 152 196 51 4
layer_18.bin,none,7,1,77 66 108 176 146 99 141 35
layer_19.bin,none,6,2,247 115 114 35 212 248 235 48
layer_20.bin,none,8,0,72 148 22 23 53 98 144 66
layer_21.bin,none,7,1,99 95 1 207 100 15 128 44
layer_22.bin,none,8,0,116 250 233 124 207 122 17 60
layer_23.bin,none,8,0,201 61 204 209 37 116 59 145
layer_24.bin,none,7,1,1 55 116 50 20 202 39 10
layer_25.bin,none,8,0,47 45 208 130 83 0 80 162
layer_26.bin,none,8,0,54 248 160 44 166 204 212 58
layer_27.bin,none,8,0,147 139 145 228 85 206 227 79
layer_28.bin,none,6,2,130 191 152 193 183 113 24 116
layer_29.bin,none,6,2,69 64 49 88 78 1 213 21
layer_30.bin,none,6,2,77 176 162 130 225 232 108 64
layer_31.bin,none,7,1,35 59 95 157 88 162 75 34
layer_32.bin,none,7,1,140 179 47 75 27 144 117 46
layer_33.bin,none,5,3,5 133 127 132 104 167 75 72
layer_34.bin,none,7,1,5 44 238 227 205 10 202 51
layer_35.bin,none,7,1,129 148 190 167 202 74 115 14
layer_36.bin,none,6,2,188 227 115 39 153 73 149 143
layer_37.bin,none,8,0,78 27 219 95 16 165 175 55
layer_38.bin,none,7,1,209 215 251 173 119 123 169 185
layer_39.bin,none,5,3,158 239 154 167 231 75 139 117
layer_00.bin,none,1,7,51 49 22 153 247 85 11 18
layer_01.bin,none,2,6,223 227 158 13 169 206 183 155
layer_02.bin,none,2,6,35 16 235 158 0 130 59 210
layer_03.bin,none,3,5,98 27 97 173 31 199 238 160
layer_04.bin,none,3,5,167 65 14 154 134 240 67 170
layer_05.bin,none,3,5,67 161 235 186 251 153 191 10
layer_06.bin,none,6,2,125 196 167 12 43 79 102 2
layer_07.bin,none,6,2,78 44 147 185 36 245 81 108
layer_08.bin,none,6,2,72 33 23 148 180 212 52 133
layer_09.bin,none,6,2,132 95 94 99 207 161 1 44
layer_10.bin,none,6,2,130 207 116 124 248 247 178 132
layer_11.bin,none,5,3,20 36 107 97 101 145 174 255
layer_12.bin,none,3,5,116 15 63 39 128 160 26 238
layer_13.bin,none,6,2,47 45 33 212 219 43 130 83
layer_14.bin,none,7,1,54 51 137 204 44 160 224 52
layer_15.bin,none,7,1,147 228 148 206 81 139 227 204
layer_16.bin,none,7,1,130 252 172 51 28 183 152 233
layer_17.bin,none,7,1,69 64 35 115 20 1 110 233
layer_18.bin,none,5,3,112 126 13 176 57 77 43 128
layer_19.bin,none,8,0,75 36 122 35 162 26 212 30
layer_20.bin,none,7,1,72 23 33 148 191 195 133 22
layer_21.bin,none,5,3,95 132 207 44 1 99 94 29
layer_22.bin,none,6,2,124 116 207 122 137 130 40 198
layer_23.bin,none,6,2,20 107 36 204 162 193 60 145
layer_24.bin,none,4,4,1 221 63 78 39 160 116 26
layer_25.bin,none,6,2,47 130 43 45 33 221 224 219
layer_26.bin,none,4,4,160 137 54 20 204 147 215 124
layer_27.bin,none,6,2,147 218 85 228 139 169 3 206
layer_28.bin,none,6,2,130 152 156 72 183 116 51 210
layer_29.bin,none,6,2,110 1 64 69 172 91 115 2
layer_30.bin,none,5,3,112 128 91 225 176 44 175 77
layer_31.bin,none,6,2,35 59 162 122 88 95 12 199
layer_32.bin,none,4,4,238 113 47 255 117 27 236 158
layer_33.bin,none,5,3,73 127 41 107 232 72 49 244
layer_34.bin,none,5,3,97 161 252 10 51 34 56 202
layer_35.bin,none,8,0,235 129 14 167 36 85 202 225
layer_36.bin,none,6,2,188 181 246 153 152 158 28 199
layer_37.bin,none,7,1,163 55 22 219 175 165 67 135
layer_38.bin,none,8,0,209 173 254 9 30 201 175 127
layer_39.bin,none,7,1,138 1 246 250 92 215 154 9
layer_00.bin,none,7,1,188 92 4 234 144 62 211 172
layer_01.bin,none,5,3,189 198 3 193 255 251 98 71
layer_02.bin,none,5,3,92 16 76 150 110 158 10 230
layer_03.bin,none,7,1,173 166 199 218 155 177 192 225
layer_04.bin,none,7,1,94 216 71 134 133 228 195 98
layer_05.bin,none,6,2,222 58 249 251 60 210 18 50
layer_06.bin,none,6,2,19 43 125 12 196 235 92 204
layer_07.bin,none,8,0,185 78 181 142 75 245 175 81
layer_08.bin,none,7,1,148 72 23 195 85 133 16 107
layer_09.bin,none,5,3,95 99 1 20 44 97 96 166
layer_10.bin,none,4,4,161 132 81 124 253 207 40 126
layer_11.bin,none,6,2,238 153 10 130 101 44 142 114
layer_12.bin,none,6,2,116 161 3 21 176 83 115 208
layer_13.bin,none,5,3,45 47 212 15 83 183 142 180
layer_14.bin,none,4,4,204 41 54 165 248 73 90 44
layer_15.bin,none,6,2,227 147 248 228 235 139 14 183
layer_16.bin,none,7,1,183 172 130 160 230 117 54 152
layer_17.bin,none,8,0,69 233 1 64 197 152 20 115
layer_18.bin,none,5,3,176 112 69 126 77 175 224 225
layer_19.bin,none,6,2,212 122 115 75 95 35 174 26
layer_20.bin,none,6,2,72 195 148 23 240 22 133 65
layer_21.bin,none,6,2,95 99 1 44 254 96 229 225
layer_22.bin,none,6,2,0 124 161 253 149 122 126 132
layer_23.bin,none,4,4,238 153 15 10 130 61 117 44
layer_24.bin,none,4,4,79 1 116 102 185 250 176 20
layer_25.bin,none,7,1,47 83 221 45 224 183 208 162
layer_26.bin,none,5,3,204 54 248 160 31 165 73 115
layer_27.bin,none,8,0,227 248 145 139 183 218 85 228
layer_28.bin,none,8,0,130 183 230 152 54 191 113 51
layer_29.bin,none,6,2,69 1 98 64 65 236 58 2
layer_30.bin,none,6,2,176 225 112 69 64 45 152 44
layer_31.bin,none,6,2,95 35 240 162 59 88 115 122
layer_32.bin,none,7,1,146 195 255 31 7 236 117 247
layer_33.bin,none,7,1,37 97 127 94 72 36 87 217
layer_34.bin,none,6,2,212 255 10 187 246 54 202 51
layer_35.bin,none,6,2,129 14 49 202 171 194 36 181
layer_36.bin,none,6,2,188 234 8 28 119 153 0 60
layer_37.bin,none,5,3,55 219 113 95 250 199 220 175
layer_38.bin,none,6,2,209 175 173 222 88 254 98 230
layer_39.bin,none,6,2,23 241 16 154 68 127 98 128
layer_00.bin,none,1,7,82 181 251 107 68 39 83 246
layer_01.bin,none,6,2,40 183 96 166 234 193 209 57
layer_02.bin,none,2,6,112 178 136 158 135 243 148 125
layer_03.bin,none,4,4,166 4 109 179 216 105 217 158
layer_04.bin,none,5,3,216 134 156 182 37 49 123 20
layer_05.bin,none,7,1,174 42 111 58 250 95 159 79
layer_06.bin,none,6,2,204 12 125 43 53 149 124 145
layer_07.bin,none,6,2,78 195 142 245 11 175 185 49
layer_08.bin,none,7,1,72 22 148 107 23 195 198 19
layer_09.bin,none,5,3,99 95 1 120 100 225 201 192
layer_10.bin,none,3,5,68 82 61 167 226 43 124 231
layer_11.bin,none,6,2,64 238 130 162 4 82 253 97
layer_12.bin,none,4,4,185 83 102 106 10 91 88 79
layer_13.bin,none,8,0,164 83 162 47 212 208 45 15
layer_14.bin,none,7,1,54 248 212 57 12 204 115 113
layer_15.bin,none,8,0,227 183 228 90 92 138 147 139
layer_16.bin,none,7,1,183 172 130 112 144 191 39 14
layer_17.bin,none,6,2,69 2 26 233 152 51 217 173
layer_18.bin,none,6,2,176 77 146 55 207 99 35 182
layer_19.bin,none,3,5,237 133 212 54 154 38 244 191
layer_20.bin,none,7,1,72 22 148 23 144 19 240 53
layer_21.bin,none,6,2,99 95 1 100 225 31 228 63
layer_22.bin,none,6,2,60 250 68 149 167 124 251 159
layer_23.bin,none,2,6,64 80 4 126 61 252 194 173
layer_24.bin,none,3,5,185 246 79 239 83 198 126 89
layer_25.bin,none,7,1,83 162 164 47 229 167 45 130
layer_26.bin,none,6,2,54 248 115 163 212 12 29 90
layer_27.bin,none,6,2,139 145 227 90 147 126 134 198
layer_28.bin,none,7,1,183 191 14 113 209 130 63 144
layer_29.bin,none,7,1,69 26 2 65 112 101 79 98
layer_30.bin,none,8,0,176 55 45 225 64 77 44 34
layer_31.bin,none,5,3,237 95 54 240 133 35 162 3
layer_32.bin,none,8,0,224 7 31 128 236 197 255 117
layer_33.bin,none,6,2,201 179 156 217 72 127 135 57
layer_34.bin,none,6,2,217 49 10 179 213 246 202 196
layer_35.bin,none,5,3,129 224 14 202 16 13 53 181
layer_36.bin,none,7,1,255 188 24 119 157 153 28 154
layer_37.bin,none,7,1,219 50 22 199 103 55 158 115
layer_38.bin,none,8,0,209 146 230 175 118 12 79 127
layer_39.bin,none,6,2,85 177 13 30 34 10 116 230
layer_00.bin,none,1,7,29 24 136 86 212 109 65 218
layer_01.bin,none,3,5,22 234 236 193 226 221 85 48
layer_02.bin,none,5,3,112 178 221 139 158 83 136 95
layer_03.bin,none,4,4,166 216 109 201 124 167 111 39
layer_04.bin,none,5,3,134 216 243 149 79 37 123 4
layer_05.bin,none,6,2,213 42 60 58 111 95 250 89
layer_06.bin,none,6,2,2 204 125 240 12 43 152 140
layer_07.bin,none,5,3,61 245 11 78 145 30 169 175
layer_08.bin,none,8,0,22 157 148 72 98 23 19 198
layer_09.bin,none,7,1,99 100 225 97 1 95 192 86
layer_10.bin,none,5,3,250 159 226 231 191 217 251 31
layer_11.bin,none,4,4,72 11 97 17 109 162 83 238
layer_12.bin,none,5,3,185 91 198 79 102 166 196 10
layer_13.bin,none,7,1,162 83 47 180 37 42 136 130
layer_14.bin,none,6,2,54 248 115 212 12 113 216 29
layer_15.bin,none,6,2,116 227 183 145 64 90 139 127
layer_16.bin,none,6,2,183 138 178 63 191 113 172 162
layer_17.bin,none,6,2,69 2 101 173 217 98 226 152
layer_18.bin,none,5,3,176 77 237 64 99 123 146 83
layer_19.bin,none,6,2,237 54 38 133 206 114 212 14
layer_20.bin,none,5,3,72 157 22 148 135 23 59 144
layer_21.bin,none,8,0,99 95 1 100 44 214 228 15
layer_22.bin,none,8,0,60 250 251 124 159 175 40 191
layer_23.bin,none,3,5,11 72 109 126 156 61 238 40
layer_24.bin,none,6,2,185 79 105 198 113 239 91 1
layer_25.bin,none,8,0,47 162 83 224 45 183 180 208
layer_26.bin,none,6,2,248 54 115 160 212 163 225 4
layer_27.bin,none,7,1,139 218 145 51 134 126 227 90
layer_28.bin,none,6,2,63 130 183 201 113 15 191 144
layer_29.bin,none,6,2,69 177 101 2 213 98 241 247
layer_30.bin,none,6,2,176 208 225 237 83 34 44 64
layer_31.bin,none,8,0,54 35 95 133 162 75 240 3
layer_32.bin,none,5,3,31 116 157 7 75 68 128 174
layer_33.bin,none,1,7,18 59 206 161 127 165 182 30
layer_34.bin,none,6,2,179 206 205 11 10 94 204 254
layer_35.bin,none,7,1,129 53 14 194 181 16 139 13
layer_36.bin,none,4,4,251 188 168 145 73 148 154 160
layer_37.bin,none,6,2,219 95 229 29 55 3 199 22
layer_38.bin,none,6,2,209 124 230 175 173 46 93 168
layer_39.bin,none,4,4,166 108 230 27 25 178 70 154
layer_00.bin,none,1,7,148 78 135 223 55 207 5 67
layer_01.bin,none,3,5,101 91 193 187 88 48 236 116
layer_02.bin,none,2,6,218 52 83 143 94 158 97 182
layer_03.bin,none,5,3,53 0 199 109 255 27 93 225
layer_04.bin,none,4,4,134 79 22 56 233 180 26 129
layer_05.bin,none,5,3,89 215 95 213 36 58 246 42
layer_06.bin,none,6,2,12 240 2 255 23 98 145 233
layer_07.bin,none,7,1,61 78 245 11 75 175 18 81
layer_08.bin,none,7,1,22 72 135 148 157 133 16 98
layer_09.bin,none,7,1,99 1 95 225 20 100 44 245
layer_10.bin,none,5,3,251 250 221 217 38 131 124 98
layer_11.bin,none,1,7,117 118 77 244 0 121 4 63
layer_12.bin,none,5,3,198 109 91 196 148 185 239 202
layer_13.bin,none,8,0,83 162 47 45 180 42 130 212
layer_14.bin,none,6,2,163 54 248 115 85 212 21 125
layer_15.bin,none,7,1,227 228 92 147 145 139 90 82
layer_16.bin,none,7,1,183 172 15 178 245 63 112 160
layer_17.bin,none,6,2,69 184 152 2 233 173 185 18
layer_18.bin,none,5,3,176 18 32 77 237 123 129 146
layer_19.bin,none,5,3,15 54 133 212 219 49 38 162
layer_20.bin,none,7,1,135 72 22 157 23 59 148 106
layer_21.bin,none,6,2,95 99 1 121 44 245 100 243
layer_22.bin,none,3,5,251 221 38 135 124 250 77 226
layer_23.bin,none,1,7,118 117 19 63 77 244 121 0
layer_24.bin,none,6,2,109 55 198 148 239 20 79 246
layer_25.bin,none,7,1,47 45 83 162 215 130 212 183
layer_26.bin,none,6,2,163 54 248 160 85 212 115 200
layer_27.bin,none,6,2,228 51 139 134 218 85 138 141
layer_28.bin,none,7,1,130 183 63 201 113 15 176 144
layer_29.bin,none,4,4,69 184 162 2 177 54 37 101
layer_30.bin,none,6,2,176 19 44 83 225 34 121 13
layer_31.bin,none,5,3,15 35 54 49 95 133 162 191
layer_32.bin,none,4,4,202 7 121 31 138 117 133 27
layer_33.bin,none,6,2,147 59 206 127 152 47 72 18
layer_34.bin,none,5,3,226 183 179 11 206 10 236 152
layer_35.bin,none,7,1,129 16 202 14 53 11 13 84
layer_36.bin,none,5,3,188 251 1 73 28 157 123 40
layer_37.bin,none,4,4,248 219 156 55 181 132 109 3
layer_38.bin,none,5,3,209 230 173 50 254 168 20 14
layer_39.bin,none,5,3,136 77 8 30 116 154 216 95
layer_00.bin,none,4,4,70 211 174 151 134 94 58 237
layer_01.bin,none,4,4,116 30 91 187 101 41 4 80
layer_02.bin,none,4,4,218 71 143 30 3 97 180 83
layer_03.bin,none,5,3,127 53 243 22 255 163 201 121
layer_04.bin,none,4,4,134 10 44 175 180 132 243 190
layer_05.bin,none,7,1,89 215 95 164 29 58 42 60
layer_06.bin,none,7,1,2 240 39 125 23 204 12 98
layer_07.bin,none,6,2,11 223 245 78 13 30 75 185
layer_08.bin,none,7,1,22 72 148 135 50 152 16 98
layer_09.bin,none,7,1,99 1 100 225 221 58 15 97
layer_10.bin,none,7,1,98 251 226 250 19 242 131 159
layer_11.bin,none,5,3,158 97 218 17 75 117 4 134
layer_12.bin,none,7,1,185 91 10 157 198 52 196 239
layer_13.bin,none,8,0,83 162 37 47 212 136 130 208
layer_14.bin,none,7,1,54 248 115 113 212 216 150 230
layer_15.bin,none,8,0,227 64 92 138 90 183 139 225
layer_16.bin,none,7,1,63 183 190 112 191 39 172 169
layer_17.bin,none,6,2,69 164 2 162 217 72 51 152
layer_18.bin,none,4,4,176 72 77 99 97 121 237 63
layer_19.bin,none,7,1,133 95 85 212 41 54 114 125
layer_20.bin,none,7,1,72 22 240 148 144 23 56 53
layer_21.bin,none,8,0,99 95 100 44 225 1 228 128
layer_22.bin,none,5,3,80 251 19 250 242 124 98 40
layer_23.bin,none,4,4,75 158 117 218 201 194 220 90
layer_24.bin,none,7,1,185 1 20 11 33 157 239 91
layer_25.bin,none,6,2,47 83 37 162 71 224 183 101
layer_26.bin,none,6,2,248 160 115 54 6 212 150 216
layer_27.bin,none,7,1,227 33 145 139 218 51 28 90
layer_28.bin,none,8,0,63 130 183 190 113 152 191 193
layer_29.bin,none,7,1,69 164 162 2 64 98 115 101
layer_30.bin,none,8,0,19 225 63 176 64 83 34 151
layer_31.bin,none,7,1,95 35 85 162 88 59 34 190
layer_32.bin,none,6,2,85 123 140 236 179 7 18 117
layer_33.bin,none,5,3,234 102 95 11 59 36 127 104
layer_34.bin,none,8,0,72 183 44 240 238 10 202 51
layer_35.bin,none,8,0,129 187 191 14 148 16 97 74
layer_36.bin,none,8,0,188 142 227 115 73 26 39 28
layer_37.bin,none,7,1,55 78 16 27 219 169 3 175
layer_38.bin,none,7,1,209 173 88 251 215 254 61 169
layer_39.bin,none,7,1,158 239 231 154 98 117 122 27
layer_00.bin,none,2,6,117 22 187 146 185 128 11 121
layer_01.bin,none,4,4,43 13 66 241 104 133 193 223
layer_02.bin,none,5,3,218 249 180 107 22 169 158 183
layer_03.bin,none,6,2,166 170 131 255 242 201 55 27
layer_04.bin,none,5,3,123 228 139 134 122 55 182 152
layer_05.bin,none,5,3,95 146 114 215 61 251 58 202
layer_06.bin,none,8,0,125 204 3 114 2 39 43 240
layer_07.bin,none,6,2,185 78 85 11 44 81 175 253
layer_08.bin,none,6,2,120 72 22 148 23 107 16 1
layer_09.bin,none,6,2,99 178 1 95 225 254 217 100
layer_10.bin,none,6,2,163 80 251 124 250 19 207 81
layer_11.bin,none,6,2,142 238 97 116 158 17 18 75
layer_12.bin,none,6,2,185 67 21 196 10 198 11 116
layer_13.bin,none,7,1,83 37 47 200 183 45 15 212
layer_14.bin,none,4,4,40 38 204 54 248 115 201 6
layer_15.bin,none,7,1,227 147 103 183 145 228 235 90
layer_16.bin,none,6,2,183 172 137 180 130 39 160 63
layer_17.bin,none,6,2,69 155 1 226 2 64 39 152
layer_18.bin,none,4,4,176 188 112 77 152 225 6 117
layer_19.bin,none,7,1,212 95 122 59 115 133 75 88
layer_20.bin,none,6,2,72 148 120 240 22 23 195 1
layer_21.bin,none,7,1,1 99 95 254 178 228 44 229
layer_22.bin,none,7,1,163 80 124 253 132 40 82 122
layer_23.bin,none,4,4,142 117 75 18 10 54 130 238
layer_24.bin,none,7,1,67 79 1 116 250 91 185 20
layer_25.bin,none,7,1,47 83 45 224 183 208 91 200
layer_26.bin,none,5,3,40 204 160 38 54 215 248 201
layer_27.bin,none,6,2,227 103 218 228 85 1 139 147
layer_28.bin,none,5,3,130 183 152 137 160 117 39 51
layer_29.bin,none,5,3,69 155 98 1 64 165 152 116
layer_30.bin,none,6,2,225 6 176 152 172 44 91 117
layer_31.bin,none,8,0,95 35 212 162 88 59 122 240
layer_32.bin,none,7,1,17 255 75 31 27 117 128 236
layer_33.bin,none,4,4,168 72 127 94 11 24 214 63
layer_34.bin,none,5,3,12 205 55 10 246 51 19 54
layer_35.bin,none,7,1,14 132 129 171 202 16 36 213
layer_36.bin,none,6,2,253 188 153 158 28 60 8 171
layer_37.bin,none,6,2,55 199 219 113 22 175 242 61
layer_38.bin,none,5,3,209 175 173 88 254 233 42 16
layer_39.bin,none,6,2,16 23 27 95 151 253 68 241
layer_00.bin,none,3,5,136 241 78 14 56 18 89 146
layer_01.bin,none,1,7,241 228 82 63 186 126 179 67
layer_02.bin,none,5,3,237 95 158 194 180 249 161 218
layer_03.bin,none,6,2,166 242 132 173 53 3 131 228
layer_04.bin,none,6,2,253 123 134 228 139 133 8 55
layer_05.bin,none,8,0,174 215 95 58 42 202 146 114
layer_06.bin,none,7,1,125 114 3 204 62 12 124 2
layer_07.bin,none,8,0,245 85 175 185 11 19 81 142
layer_08.bin,none,8,0,120 72 157 22 148 23 107 133
layer_09.bin,none,8,0,99 1 95 225 100 254 178 229
layer_10.bin,none,7,1,68 80 12 134 124 217 82 132
layer_11.bin,none,7,1,64 4 130 117 28 97 142 75
layer_12.bin,none,6,2,88 10 83 185 67 91 105 250
layer_13.bin,none,7,1,212 83 42 45 162 34 47 208
layer_14.bin,none,7,1,54 204 248 212 244 115 40 112
layer_15.bin,none,8,0,227 147 90 92 228 145 139 138
layer_16.bin,none,7,1,172 191 112 39 183 74 247 63
layer_17.bin,none,8,0,69 185 2 152 217 196 51 233
layer_18.bin,none,7,1,77 176 146 224 99 172 37 117
layer_19.bin,none,7,1,212 95 115 99 133 125 127 41
layer_20.bin,none,8,0,72 148 22 240 23 144 1 195
layer_21.bin,none,8,0,99 1 95 228 128 254 210 136
layer_22.bin,none,6,2,60 251 68 12 217 160 149 80
layer_23.bin,none,4,4,117 80 64 61 239 90 40 58
layer_24.bin,none,7,1,10 105 91 239 79 246 88 116
layer_25.bin,none,8,0,45 83 42 47 162 91 80 208
layer_26.bin,none,8,0,248 54 115 204 166 244 212 44
layer_27.bin,none,6,2,227 139 147 228 145 92 90 187
layer_28.bin,none,6,2,247 191 130 183 172 117 74 160
layer_29.bin,none,5,3,69 185 125 51 1 2 150 34
layer_30.bin,none,7,1,176 72 44 77 225 172 83 88
layer_31.bin,none,7,1,95 212 35 204 162 122 221 88
layer_32.bin,none,7,1,224 255 27 31 197 128 117 175
layer_33.bin,none,6,2,63 72 156 127 168 18 135 105
layer_34.bin,none,7,1,152 246 54 10 213 55 204 211
layer_35.bin,none,7,1,14 129 171 202 16 36 13 142
layer_36.bin,none,6,2,188 60 153 158 251 239 24 245
layer_37.bin,none,6,2,50 219 55 62 175 199 22 185
layer_38.bin,none,8,0,209 175 146 173 254 230 118 16
layer_39.bin,none,7,1,85 177 13 134 70 34 30 154
layer_00.bin,none,6,2,211 36 70 134 151 199 62 72
layer_01.bin,none,4,4,193 254 101 22 243 163 82 190
layer_02.bin,none,6,2,237 194 95 182 158 3 201 13
layer_03.bin,none,6,2,243 132 167 199 56 242 10 45
layer_04.bin,none,5,3,253 134 175 196 28 140 44 90
layer_05.bin,none,6,2,58 60 95 82 111 159 128 164
layer_06.bin,none,7,1,125 12 62 43 240 2 30 210
layer_07.bin,none,8,0,245 175 185 142 85 145 78 81
layer_08.bin,none,8,0,22 72 148 16 195 133 50 98
layer_09.bin,none,8,0,99 1 254 20 95 44 229 134
layer_10.bin,none,6,2,148 12 242 217 132 124 172 175
layer_11.bin,none,6,2,117 97 37 63 44 218 10 248
layer_12.bin,none,6,2,10 88 157 161 185 119 96 116
layer_13.bin,none,8,0,83 45 47 212 42 183 162 37
layer_14.bin,none,8,0,204 54 115 44 248 40 201 112
layer_15.bin,none,8,0,227 228 147 235 139 145 138 90
layer_16.bin,none,6,2,183 160 190 172 117 191 25 177
layer_17.bin,none,7,1,69 185 125 249 217 1 152 98
layer_18.bin,none,7,1,176 152 99 77 225 66 83 241
layer_19.bin,none,8,0,212 95 85 41 99 115 122 133
layer_20.bin,none,8,0,148 72 240 195 22 23 144 133
layer_21.bin,none,8,0,99 1 95 254 44 232 128 58
layer_22.bin,none,7,1,175 148 242 124 12 132 149 40
layer_23.bin,none,5,3,117 63 201 37 218 248 59 44
layer_24.bin,none,7,1,119 79 116 50 157 55 1 185
layer_25.bin,none,7,1,47 45 83 42 221 0 183 222
layer_26.bin,none,8,0,160 204 40 115 54 44 248 6
layer_27.bin,none,8,0,228 227 28 218 147 139 85 145
layer_28.bin,none,8,0,130 152 183 190 160 247 28 193
layer_29.bin,none,8,0,125 69 64 185 1 98 21 2
layer_30.bin,none,7,1,225 176 151 99 44 152 64 83
layer_31.bin,none,8,0,35 85 95 162 88 59 122 212
layer_32.bin,none,5,3,123 109 255 140 31 92 104 179
layer_33.bin,none,5,3,198 189 139 127 95 61 132 72
layer_34.bin,none,6,2,44 121 164 72 240 10 51 67
layer_35.bin,none,8,0,129 14 171 74 187 36 16 97
layer_36.bin,none,7,1,188 26 142 115 153 171 60 47
layer_37.bin,none,7,1,55 199 169 3 175 61 196 219
layer_38.bin,none,7,1,209 173 175 87 169 42 123 17
layer_39.bin,none,6,2,231 117 154 239 98 163 18 253
layer_00.bin,none,0,8,123 249 196 229 105 216 7 197
layer_01.bin,none,0,8,231 11 27 225 244 155 150 93
layer_02.bin,none,1,7,158 164 210 4 103 162 200 109
layer_03.bin,none,2,6,133 199 187 37 225 235 152 31
layer_04.bin,none,1,7,142 13 154 102 108 222 167 236
layer_05.bin,none,6,2,186 104 58 193 151 251 153 50
layer_06.bin,none,7,1,125 167 12 153 196 43 79 204
layer_07.bin,none,7,1,78 185 147 29 36 245 175 81
layer_08.bin,none,7,1,72 234 148 22 107 23 195 133
layer_09.bin,none,5,3,94 29 99 95 44 164 161 215
layer_10.bin,none,4,4,130 169 198 124 207 113 247 12
layer_11.bin,none,5,3,189 107 97 238 255 145 117 136
layer_12.bin,none,5,3,63 74 116 26 21 185 15 10
layer_13.bin,none,7,1,47 83 43 45 130 147 183 212
layer_14.bin,none,6,2,54 204 20 51 137 124 44 224
layer_15.bin,none,8,0,147 227 228 81 139 204 148 165
layer_16.bin,none,5,3,130 172 5 252 51 183 205 196
layer_17.bin,none,7,1,69 64 250 233 115 35 20 1
layer_18.bin,none,5,3,57 126 176 77 43 13 179 0
layer_19.bin,none,6,2,75 122 36 162 26 212 130 20
layer_20.bin,none,7,1,72 195 23 191 148 234 133 56
layer_21.bin,none,7,1,95 44 29 164 99 1 207 94
layer_22.bin,none,5,3,198 124 122 169 113 207 116 149
layer_23.bin,none,1,7,189 128 172 206 174 88 107 148
layer_24.bin,none,4,4,1 74 63 26 160 221 15 102
layer_25.bin,none,6,2,47 130 45 43 147 83 134 221
layer_26.bin,none,7,1,20 137 160 54 124 148 204 44
layer_27.bin,none,4,4,147 228 85 165 200 81 139 229
layer_28.bin,none,6,2,130 152 28 133 5 39 229 117
layer_29.bin,none,5,3,64 69 76 248 250 87 20 1
layer_30.bin,none,3,5,43 179 44 225 176 24 38 201
layer_31.bin,none,4,4,122 162 75 35 20 109 205 4
layer_32.bin,none,5,3,98 128 68 255 117 47 49 160
layer_33.bin,none,2,6,127 72 86 126 92 183 140 113
layer_34.bin,none,2,6,84 51 96 26 108 61 43 1
layer_35.bin,none,6,2,203 209 102 225 14 194 235 47
layer_36.bin,none,2,6,20 186 165 3 7 217 199 106
layer_37.bin,none,5,3,72 165 65 55 8 163 123 61
layer_38.bin,none,5,3,209 173 175 249 143 202 18 176
layer_39.bin,none,4,4,154 162 2 228 128 93 148 159
layer_00.bin,none,4,4,172 66 92 188 106 144 111 4
layer_01.bin,none,4,4,193 112 124 205 255 198 128 202
layer_02.bin,none,4,4,60 219 158 92 255 217 150 10
layer_03.bin,none,4,4,225 25 30 199 92 159 214 202
layer_04.bin,none,6,2,118 98 94 154 152 88 192 54
layer_05.bin,none,7,1,153 251 194 158 202 218 110 151
layer_06.bin,none,5,3,183 79 196 52 92 138 135 43
layer_07.bin,none,6,2,185 78 147 36 181 37 76 35
layer_08.bin,none,7,1,164 23 180 52 234 191 107 4
layer_09.bin,none,7,1,120 95 156 207 161 197 198 73
layer_10.bin,none,5,3,161 9 247 234 132 198 124 111
layer_11.bin,none,5,3,130 98 195 101 153 49 107 27
layer_12.bin,none,6,2,39 15 1 128 191 74 116 60
layer_13.bin,none,8,0,47 93 142 154 45 212 66 219
layer_14.bin,none,8,0,137 51 52 54 224 189 160 88
layer_15.bin,none,6,2,148 147 248 165 229 162 58 204
layer_16.bin,none,6,2,252 130 28 51 152 170 229 46
layer_17.bin,none,7,1,64 35 20 89 226 87 115 1
layer_18.bin,none,5,3,126 69 43 13 176 192 163 91
layer_19.bin,none,7,1,36 122 75 30 162 26 226 212
layer_20.bin,none,8,0,23 72 133 191 148 224 71 195
layer_21.bin,none,5,3,95 207 44 156 239 197 255 1
layer_22.bin,none,4,4,161 124 9 247 185 0 132 217
layer_23.bin,none,4,4,153 130 249 15 27 3 49 195
layer_24.bin,none,6,2,39 1 126 79 127 221 116 208
layer_25.bin,none,8,0,47 93 20 224 212 45 66 130
layer_26.bin,none,6,2,160 54 137 231 214 204 106 165
layer_27.bin,none,6,2,218 85 147 248 133 255 195 204
layer_28.bin,none,6,2,152 130 51 252 117 170 250 230
layer_29.bin,none,6,2,1 64 69 20 236 230 89 218
layer_30.bin,none,5,3,69 91 192 225 13 203 117 175
layer_31.bin,none,7,1,35 122 162 75 59 212 88 30
layer_32.bin,none,6,2,146 195 47 68 194 178 255 19
layer_33.bin,none,8,0,127 37 97 217 75 94 72 71
layer_34.bin,none,5,3,255 212 51 187 188 33 54 19
layer_35.bin,none,7,1,36 14 196 167 202 142 84 16
layer_36.bin,none,7,1,188 234 153 0 158 74 60 50
layer_37.bin,none,7,1,124 165 55 219 22 163 64 209
layer_38.bin,none,5,3,209 22 175 127 118 212 173 86
layer_39.bin,none,7,1,16 23 145 34 70 78 30 154
layer_00.bin,none,5,3,211 223 78 151 231 222 75 70
layer_01.bin,none,3,5,193 153 48 32 185 33 144 205
layer_02.bin,none,1,7,56 158 228 201 187 72 193 115
layer_03.bin,none,4,4,69 25 16 56 15 157 224 197
layer_04.bin,none,7,1,28 175 134 121 154 38 37 233
layer_05.bin,none,7,1,60 50 153 58 251 185 218 165
layer_06.bin,none,5,3,168 210 52 237 7 34 12 79
layer_07.bin,none,7,1,175 245 185 240 81 49 78 35
layer_08.bin,none,8,0,72 195 148 23 133 16 123 224
layer_09.bin,none,7,1,1 95 229 207 99 137 32 255
layer_10.bin,none,6,2,109 132 217 81 234 165 111 124
layer_11.bin,none,6,2,3 150 44 223 143 63 141 37
layer_12.bin,none,6,2,157 14 39 208 50 116 161 176
layer_13.bin,none,7,1,212 45 93 145 47 219 66 0
layer_14.bin,none,3,5,231 214 54 106 17 253 204 164
layer_15.bin,none,5,3,195 133 147 92 178 54 12 204
layer_16.bin,none,6,2,252 160 172 117 112 82 107 51
layer_17.bin,none,6,2,69 20 1 152 93 86 44 18
layer_18.bin,none,7,1,176 43 138 126 192 225 108 83
layer_19.bin,none,8,0,122 212 99 247 88 219 75 226
layer_20.bin,none,8,0,72 133 195 47 23 148 224 172
layer_21.bin,none,7,1,32 1 255 95 207 229 44 137
layer_22.bin,none,5,3,109 217 234 124 132 185 122 187
layer_23.bin,none,6,2,204 60 3 63 37 98 59 223
layer_24.bin,none,6,2,157 50 39 116 14 166 208 163
layer_25.bin,none,6,2,212 47 45 0 93 145 138 66
layer_26.bin,none,6,2,214 106 231 17 144 160 204 165
layer_27.bin,none,6,2,178 133 12 147 18 14 54 28
layer_28.bin,none,4,4,130 152 234 117 56 252 105 10
layer_29.bin,none,5,3,19 126 96 69 1 152 230 54
layer_30.bin,none,5,3,209 225 18 192 141 151 166 83
layer_31.bin,none,8,0,122 99 35 55 37 212 157 173
layer_32.bin,none,4,4,28 92 248 78 14 47 58 57
layer_33.bin,none,5,3,250 72 127 176 133 82 61 47
layer_34.bin,none,4,4,249 143 121 80 18 166 195 33
layer_35.bin,none,5,3,8 14 36 185 43 176 129 77
layer_36.bin,none,3,5,26 21 103 50 17 188 228 37
layer_37.bin,none,4,4,110 214 196 55 238 219 89 124
layer_38.bin,none,3,5,149 209 132 156 141 175 182 185
layer_39.bin,none,0,8,66 142 251 209 112 5 173 201
layer_00.bin,none,0,8,240 159 239 116 220 193 198 17
layer_01.bin,none,5,3,166 185 209 32 177 97 144 107
layer_02.bin,none,5,3,39 158 42 142 115 106 253 214
layer_03.bin,none,5,3,75 163 123 229 25 15 164 199
layer_04.bin,none,5,3,175 221 206 28 90 121 148 219
layer_05.bin,none,7,1,58 50 77 153 251 151 136 60
layer_06.bin,none,8,0,237 52 43 210 168 79 204 135
layer_07.bin,none,7,1,185 245 175 81 240 49 246 47
layer_08.bin,none,7,1,72 133 195 23 50 172 16 123
layer_09.bin,none,8,0,1 95 32 58 44 207 229 221
layer_10.bin,none,8,0,132 234 81 217 242 111 146 165
layer_11.bin,none,7,1,3 220 98 63 44 59 150 143
layer_12.bin,none,8,0,157 39 208 14 50 161 116 3
layer_13.bin,none,8,0,212 45 47 93 219 183 145 154
layer_14.bin,none,8,0,17 231 106 253 214 164 189 54
layer_15.bin,none,7,1,133 195 147 54 92 6 12 250
layer_16.bin,none,7,1,252 117 82 112 183 47 170 172
layer_17.bin,none,6,2,20 21 152 69 230 1 64 223
layer_18.bin,none,6,2,250 192 225 116 141 126 83 13
layer_19.bin,none,8,0,122 212 85 88 114 226 247 48
layer_20.bin,none,7,1,133 23 72 172 195 71 224 185
layer_21.bin,none,8,0,95 32 44 255 1 137 207 229
layer_22.bin,none,6,2,124 242 132 122 146 233 187 111
layer_23.bin,none,8,0,37 59 98 220 60 3 222 44
layer_24.bin,none,7,1,157 39 50 1 55 14 116 158
layer_25.bin,none,8,0,47 101 212 0 93 45 145 130
layer_26.bin,none,6,2,160 231 6 106 214 137 171 224
layer_27.bin,none,7,1,133 28 54 12 218 147 85 250
layer_28.bin,none,7,1,130 152 56 252 51 28 190 47
layer_29.bin,none,6,2,19 64 20 230 21 1 223 9
layer_30.bin,none,8,0,116 192 225 99 151 203 166 91
layer_31.bin,none,7,1,35 162 183 173 122 88 59 212
layer_32.bin,none,6,2,109 57 120 47 123 184 78 117
layer_33.bin,none,6,2,139 127 162 167 102 203 61 250
layer_34.bin,none,8,0,195 121 128 143 44 72 33 202
layer_35.bin,none,7,1,36 14 185 197 129 43 167 16
layer_36.bin,none,7,1,26 50 153 188 142 39 44 125
layer_37.bin,none,7,1,55 238 124 63 196 22 175 169
layer_38.bin,none,8,0,209 87 173 175 118 123 251 127
layer_39.bin,none,7,1,239 154 44 99 78 70 77 251
layer_00.bin,none,3,5,51 49 153 22 247 11 85 128
layer_01.bin,none,4,4,169 87 223 5 177 13 155 171
layer_02.bin,none,5,3,16 39 158 90 164 106 146 242
layer_03.bin,none,3,5,98 27 97 123 238 160 75 150
layer_04.bin,none,3,5,14 65 167 181 240 67 170 154
layer_05.bin,none,7,1,67 235 202 153 165 58 146 151
layer_06.bin,none,7,1,135 79 52 196 215 43 167 125
layer_07.bin,none,7,1,185 44 108 240 171 36 35 76
layer_08.bin,none,8,0,33 191 133 107 164 72 23 224
layer_09.bin,none,8,0,132 95 73 207 161 137 94 229
layer_10.bin,none,7,1,248 111 81 234 132 247 165 124
layer_11.bin,none,5,3,36 20 98 3 191 174 255 44
layer_12.bin,none,6,2,157 39 14 160 116 219 15 128
layer_13.bin,none,8,0,47 33 93 219 45 154 212 66
layer_14.bin,none,7,1,147 231 106 51 52 189 224 137
layer_15.bin,none,7,1,147 133 195 240 204 250 92 148
layer_16.bin,none,7,1,252 156 130 117 28 152 170 51
layer_17.bin,none,8,0,110 20 64 1 230 35 69 89
layer_18.bin,none,7,1,112 128 13 126 192 91 43 57
layer_19.bin,none,6,2,122 12 226 120 212 36 88 30
layer_20.bin,none,8,0,33 133 72 23 191 195 148 71
layer_21.bin,none,8,0,132 44 207 95 1 229 255 137
layer_22.bin,none,4,4,124 248 132 122 234 111 165 81
layer_23.bin,none,4,4,36 3 249 20 98 191 50 60
layer_24.bin,none,7,1,39 1 116 157 102 160 242 79
layer_25.bin,none,8,0,47 33 93 212 224 45 130 66
layer_26.bin,none,7,1,160 147 106 211 214 204 137 54
layer_27.bin,none,7,1,133 218 147 240 85 54 250 195
layer_28.bin,none,6,2,130 156 152 252 166 51 212 47
layer_29.bin,none,6,2,110 1 230 69 64 20 142 165
layer_30.bin,none,6,2,128 112 91 192 225 203 175 5
layer_31.bin,none,8,0,122 12 35 173 212 59 162 88
layer_32.bin,none,4,4,238 113 47 158 184 178 237 117
layer_33.bin,none,3,5,73 41 127 72 82 16 209 113
layer_34.bin,none,5,3,97 161 246 51 10 34 33 202
layer_35.bin,none,8,0,36 14 142 84 197 167 16 202
layer_36.bin,none,6,2,188 153 158 181 60 50 74 10
layer_37.bin,none,7,1,124 163 219 22 55 21 238 64
layer_38.bin,none,8,0,209 175 127 212 118 173 79 22
layer_39.bin,none,6,2,34 145 70 78 154 30 16 248
layer_00.bin,none,5,3,211 62 223 144 124 4 248 59
layer_01.bin,none,2,6,193 98 132 153 173 11 245 48
layer_02.bin,none,6,2,16 76 158 193 3 39 108 115
layer_03.bin,none,7,1,25 197 201 69 6 199 150 56
layer_04.bin,none,7,1,28 90 192 175 154 195 200 121
layer_05.bin,none,8,0,50 60 153 58 251 185 165 136
layer_06.bin,none,3,5,19 168 161 210 237 77 113 49
layer_07.bin,none,6,2,175 185 245 81 78 158 254 35
layer_08.bin,none,7,1,133 72 23 195 148 16 224 74
layer_09.bin,none,7,1,229 1 207 99 95 86 243 58
layer_10.bin,none,6,2,217 132 165 111 95 234 146 34
layer_11.bin,none,7,1,143 141 223 59 194 37 44 150
layer_12.bin,none,7,1,116 115 176 208 39 161 157 14
layer_13.bin,none,8,0,212 45 145 47 93 180 183 0
layer_14.bin,none,7,1,204 214 44 179 231 253 54 164
layer_15.bin,none,5,3,195 147 149 14 12 1 133 238
layer_16.bin,none,7,1,160 117 172 252 112 82 183 35
layer_17.bin,none,6,2,152 69 20 1 19 93 15 44
layer_18.bin,none,7,1,138 250 130 77 176 91 83 225
layer_19.bin,none,8,0,122 212 99 88 247 75 59 174
layer_20.bin,none,7,1,195 133 148 72 23 107 47 240
layer_21.bin,none,8,0,1 229 95 225 207 32 243 44
layer_22.bin,none,6,2,109 122 217 132 111 124 148 134
layer_23.bin,none,4,4,204 238 194 223 136 141 60 231
layer_24.bin,none,5,3,116 115 39 166 176 50 210 79
layer_25.bin,none,7,1,212 47 145 45 0 130 93 98
layer_26.bin,none,7,1,204 214 171 160 54 253 165 189
layer_27.bin,none,8,0,18 147 1 195 14 28 12 133
layer_28.bin,none,8,0,56 130 152 117 234 160 59 10
layer_29.bin,none,8,0,19 1 152 171 126 69 223 20
layer_30.bin,none,7,1,219 209 225 91 112 130 83 192
layer_31.bin,none,7,1,157 212 122 99 249 83 59 88
layer_32.bin,none,7,1,85 14 123 47 255 109 31 117
layer_33.bin,none,6,2,72 102 61 82 127 139 56 84
layer_34.bin,none,8,0,249 18 143 11 121 195 246 166
layer_35.bin,none,8,0,14 191 36 185 171 16 43 167
layer_36.bin,none,7,1,60 26 188 37 153 44 50 79
layer_37.bin,none,7,1,196 162 55 238 219 22 30 89
layer_38.bin,none,6,2,132 209 175 52 87 217 173 127
layer_39.bin,none,6,2,99 77 44 70 154 78 224 190
layer_00.bin,none,6,2,159 116 62 211 174 13 239 204
layer_01.bin,none,2,6,193 162 94 30 23 145 80 154
layer_02.bin,none,2,6,149 21 253 36 39 247 71 122
layer_03.bin,none,7,1,240 228 199 131 201 25 69 15
layer_04.bin,none,6,2,28 221 175 121 206 203 61 90
layer_05.bin,none,7,1,50 153 58 77 55 136 251 185
layer_06.bin,none,7,1,57 237 52 19 210 79 125 43
layer_07.bin,none,8,0,175 185 245 223 246 81 142 240
layer_08.bin,none,7,1,243 133 121 195 72 23 50 148
layer_09.bin,none,8,0,229 32 1 95 58 221 207 99
layer_10.bin,none,8,0,217 132 19 146 95 234 111 81
layer_11.bin,none,6,2,143 220 141 238 59 222 136 223
layer_12.bin,none,7,1,115 157 50 116 208 39 161 23
layer_13.bin,none,8,0,212 47 45 145 0 180 183 93
layer_14.bin,none,7,1,171 204 253 17 231 44 179 214
layer_15.bin,none,6,2,12 195 147 133 33 183 169 6
layer_16.bin,none,8,0,117 160 252 72 82 172 47 234
layer_17.bin,none,8,0,152 164 20 1 21 223 115 93
layer_18.bin,none,8,0,250 138 91 225 116 83 126 108
layer_19.bin,none,7,1,122 212 88 249 173 85 114 48
layer_20.bin,none,7,1,133 195 23 148 243 72 159 172
layer_21.bin,none,8,0,32 229 1 95 207 44 137 58
layer_22.bin,none,6,2,19 124 122 132 156 111 233 217
layer_23.bin,none,8,0,136 220 37 238 141 222 59 60
layer_24.bin,none,7,1,115 157 50 39 116 242 102 189
layer_25.bin,none,8,0,101 47 212 0 145 45 130 93
layer_26.bin,none,7,1,171 204 160 231 214 137 54 179
layer_27.bin,none,6,2,147 33 12 133 1 169 28 171
layer_28.bin,none,7,1,130 152 117 72 190 234 47 235
layer_29.bin,none,6,2,164 1 119 152 64 21 9 223
layer_30.bin,none,5,3,116 99 250 50 151 225 91 162
layer_31.bin,none,8,0,183 249 35 157 162 173 212 88
layer_32.bin,none,7,1,109 123 179 47 76 120 117 237
layer_33.bin,none,5,3,181 234 56 127 54 250 102 104
layer_34.bin,none,7,1,44 109 195 238 72 51 240 121
layer_35.bin,none,7,1,36 14 190 185 148 44 196 129
layer_36.bin,none,8,0,60 26 188 153 142 227 115 39
layer_37.bin,none,7,1,55 238 16 78 169 240 219 124
layer_38.bin,none,7,1,209 175 173 88 169 176 215 233
layer_39.bin,none,6,2,239 231 158 154 117 112 163 253
layer_00.bin,none,0,8,123 249 196 105 229 216 160 104
layer_01.bin,none,5,3,11 231 225 27 155 244 75 150
layer_02.bin,none,4,4,158 210 249 109 179 17 39 145
layer_03.bin,none,4,4,133 37 199 187 25 225 31 152
layer_04.bin,none,2,6,142 13 154 222 102 108 15 167
layer_05.bin,none,8,0,153 104 50 151 58 193 186 202
layer_06.bin,none,6,2,153 54 52 79 196 167 135 43
layer_07.bin,none,8,0,185 36 184 147 29 35 171 78
layer_08.bin,none,8,0,133 191 234 72 107 23 224 164
layer_09.bin,none,8,0,95 29 94 164 207 161 229 73
layer_10.bin,none,7,1,234 169 132 198 81 247 130 111
layer_11.bin,none,6,2,136 189 98 3 255 191 238 145
layer_12.bin,none,7,1,39 74 63 26 157 116 115 242
layer_13.bin,none,8,0,47 93 219 43 45 147 66 145
layer_14.bin,none,8,0,52 137 231 214 64 224 51 204
layer_15.bin,none,7,1,147 81 133 165 195 242 54 200
layer_16.bin,none,7,1,252 5 130 117 170 196 189 28
layer_17.bin,none,7,1,64 20 250 1 35 119 89 115
layer_18.bin,none,6,2,57 43 126 0 179 197 50 13
layer_19.bin,none,7,1,122 249 36 130 20 88 26 183
layer_20.bin,none,7,1,191 234 133 195 99 23 72 56
layer_21.bin,none,6,2,44 95 29 164 207 161 94 2
layer_22.bin,none,5,3,198 124 169 122 234 130 65 132
layer_23.bin,none,4,4,136 189 128 206 98 249 111 60
layer_24.bin,none,7,1,74 160 242 39 63 1 26 102
layer_25.bin,none,6,2,47 130 43 147 182 93 61 45
layer_26.bin,none,7,1,137 160 20 148 124 171 50 214
layer_27.bin,none,8,0,147 165 85 229 242 218 200 183
layer_28.bin,none,7,1,130 152 28 166 229 133 210 117
layer_29.bin,none,4,4,64 248 119 20 76 87 250 124
layer_30.bin,none,2,6,43 179 197 105 234 111 134 137
layer_31.bin,none,8,0,162 20 35 122 75 183 191 109
layer_32.bin,none,4,4,98 112 117 237 160 49 90 10
layer_33.bin,none,1,7,127 39 126 92 0 86 137 77
layer_34.bin,none,2,6,51 84 26 108 1 96 43 142
layer_35.bin,none,8,0,203 102 36 209 14 42 97 235
layer_36.bin,none,2,6,20 7 60 165 217 3 85 220
layer_37.bin,none,6,2,72 165 8 65 55 123 86 69
layer_38.bin,none,4,4,209 173 175 249 191 143 196 112
layer_39.bin,none,5,3,162 154 60 128 93 198 2 159
layer_00.bin,none,0,8,103 130 137 201 248 32 71 16
layer_01.bin,none,1,7,250 112 103 25 74 172 161 110
layer_02.bin,none,5,3,158 10 100 145 109 179 219 34
layer_03.bin,none,4,4,130 244 225 199 37 25 174 118
layer_04.bin,none,7,1,222 15 142 102 108 154 195 87
layer_05.bin,none,6,2,151 158 153 65 193 251 43 218
layer_06.bin,none,7,1,138 79 153 196 60 22 167 143
layer_07.bin,none,6,2,36 184 147 185 117 78 116 123
layer_08.bin,none,8,0,23 191 107 180 72 164 224 133
layer_09.bin,none,4,4,95 2 161 164 255 239 203 191
layer_10.bin,none,5,3,198 169 247 65 234 125 124 185
layer_11.bin,none,3,5,189 128 206 160 108 204 107 86
layer_12.bin,none,6,2,39 74 93 65 221 63 26 1
layer_13.bin,none,6,2,47 93 147 134 219 43 182 66
layer_14.bin,none,6,2,137 52 51 64 160 124 148 167
layer_15.bin,none,8,0,165 147 148 242 162 229 81 58
layer_16.bin,none,7,1,130 229 252 28 5 43 51 170
layer_17.bin,none,7,1,64 115 250 20 89 35 87 0
layer_18.bin,none,7,1,43 197 57 126 179 13 204 163
layer_19.bin,none,6,2,36 75 20 26 116 109 226 30
layer_20.bin,none,7,1,191 72 99 175 239 23 133 56
layer_21.bin,none,7,1,95 2 44 164 203 197 207 209
layer_22.bin,none,6,2,198 65 36 169 124 125 243 167
layer_23.bin,none,5,3,108 206 128 189 162 107 160 172
layer_24.bin,none,6,2,221 74 102 93 68 1 209 60
layer_25.bin,none,8,0,182 47 134 130 93 147 78 212
layer_26.bin,none,6,2,137 103 160 148 12 124 32 166
layer_27.bin,none,5,3,165 229 147 87 242 185 58 228
layer_28.bin,none,5,3,229 130 28 152 252 163 43 80
layer_29.bin,none,6,2,248 87 64 0 20 69 124 186
layer_30.bin,none,3,5,134 43 163 201 161 60 37 197
layer_31.bin,none,5,3,36 75 204 20 121 116 246 162
layer_32.bin,none,4,4,112 160 250 53 95 119 252 38
layer_33.bin,none,3,5,127 43 164 0 39 93 184 52
layer_34.bin,none,5,3,63 92 85 26 113 186 133 108
layer_35.bin,none,6,2,174 43 72 42 84 18 203 197
layer_36.bin,none,5,3,45 20 212 75 186 51 73 219
layer_37.bin,none,2,6,72 24 71 39 202 116 206 8
layer_38.bin,none,5,3,120 209 144 249 100 151 180 42
layer_39.bin,none,3,5,162 238 98 174 42 226 107 148
layer_00.bin,none,0,8,81 235 115 47 177 158 141 86
layer_01.bin,none,3,5,137 82 119 172 94 112 224 127
layer_02.bin,none,5,3,217 158 179 41 153 233 1 171
layer_03.bin,none,3,5,216 130 244 196 12 183 212 124
layer_04.bin,none,5,3,28 195 140 90 187 58 132 134
layer_05.bin,none,7,1,58 153 22 50 251 79 111 60
layer_06.bin,none,5,3,12 210 30 249 254 26 32 102
layer_07.bin,none,5,3,30 142 175 245 185 5 140 96
layer_08.bin,none,8,0,72 121 22 148 133 195 63 23
layer_09.bin,none,6,2,99 1 203 68 128 95 229 44
layer_10.bin,none,5,3,146 116 250 131 254 233 156 77
layer_11.bin,none,6,2,97 32 83 37 204 134 56 60
layer_12.bin,none,6,2,10 38 50 116 21 185 163 91
layer_13.bin,none,8,0,212 83 45 162 0 47 130 183
layer_14.bin,none,7,1,248 54 204 115 212 113 112 225
layer_15.bin,none,8,0,227 147 90 145 235 92 64 138
layer_16.bin,none,6,2,172 191 112 183 74 24 25 59
layer_17.bin,none,7,1,69 233 2 152 217 196 226 109
layer_18.bin,none,6,2,77 176 224 146 64 117 209 113
layer_19.bin,none,6,2,212 133 95 115 54 127 192 58
layer_20.bin,none,8,0,22 72 148 240 23 139 144 66
layer_21.bin,none,8,0,99 1 100 15 95 128 225 31
layer_22.bin,none,7,1,250 160 251 60 149 80 217 207
layer_23.bin,none,5,3,80 61 90 239 32 17 204 117
layer_24.bin,none,4,4,10 87 149 246 38 21 91 239
layer_25.bin,none,7,1,83 162 45 170 212 47 91 208
layer_26.bin,none,6,2,248 115 54 212 44 204 173 142
layer_27.bin,none,7,1,147 227 139 90 145 228 255 221
layer_28.bin,none,4,4,74 172 191 63 174 130 183 25
layer_29.bin,none,3,5,69 150 2 60 233 51 10 36
layer_30.bin,none,5,3,176 77 34 105 64 137 225 224
layer_31.bin,none,4,4,95 94 212 148 180 122 186 191
layer_32.bin,none,4,4,33 255 7 117 209 215 31 133
layer_33.bin,none,1,7,192 75 29 110 19 57 137 199
layer_34.bin,none,2,6,16 254 123 247 218 169 10 108
layer_35.bin,none,7,1,235 53 14 79 202 84 13 129
layer_36.bin,none,5,3,188 157 110 154 119 134 28 32
layer_37.bin,none,6,2,163 219 199 165 103 102 44 35
layer_38.bin,none,4,4,103 239 175 191 72 143 209 196
layer_39.bin,none,1,7,120 228 140 101 141 10 223 136
layer_00.bin,none,1,7,193 54 44 156 21 38 176 53
layer_01.bin,none,3,5,172 205 148 147 138 129 207 250
layer_02.bin,none,7,1,41 153 217 158 233 171 1 231
layer_03.bin,none,5,3,216 244 225 130 204 246 41 212
layer_04.bin,none,3,5,28 195 20 90 23 184 150 153
layer_05.bin,none,5,3,22 58 251 32 153 79 210 198
layer_06.bin,none,6,2,12 254 26 30 210 21 102 37
layer_07.bin,none,8,0,245 175 142 30 185 81 49 5
layer_08.bin,none,8,0,72 22 148 133 98 53 23 195
layer_09.bin,none,8,0,1 99 68 243 201 229 166 95
layer_10.bin,none,6,2,116 217 43 176 134 156 250 132
layer_11.bin,none,5,3,42 239 32 97 204 60 134 12
layer_12.bin,none,6,2,10 116 21 161 176 250 91 30
layer_13.bin,none,6,2,83 212 45 162 208 170 183 58
layer_14.bin,none,8,0,204 248 44 132 212 54 115 21
layer_15.bin,none,6,2,90 227 145 147 146 139 235 134
layer_16.bin,none,6,2,191 74 24 172 112 117 228 195
layer_17.bin,none,7,1,69 196 217 210 2 1 8 152
layer_18.bin,none,6,2,77 224 146 64 225 176 96 58
layer_19.bin,none,8,0,115 133 212 127 95 54 59 88
layer_20.bin,none,7,1,148 22 72 240 85 135 23 144
layer_21.bin,none,5,3,99 1 15 252 86 225 100 177
layer_22.bin,none,5,3,160 250 159 108 96 251 207 245
layer_23.bin,none,5,3,80 17 61 117 98 72 230 109
layer_24.bin,none,6,2,10 246 149 87 21 89 69 91
layer_25.bin,none,7,1,83 45 162 26 183 208 212 58
layer_26.bin,none,7,1,248 115 173 132 44 58 54 212
layer_27.bin,none,7,1,227 90 145 228 147 139 221 92
layer_28.bin,none,6,2,191 74 24 25 172 112 174 169
layer_29.bin,none,5,3,69 150 51 196 2 1 34 217
layer_30.bin,none,7,1,77 224 225 64 176 97 137 34
layer_31.bin,none,6,2,212 95 186 115 240 94 59 125
layer_32.bin,none,6,2,33 7 241 236 215 67 128 255
layer_33.bin,none,4,4,192 135 75 72 21 5 19 66
layer_34.bin,none,6,2,16 254 10 246 247 123 236 27
layer_35.bin,none,7,1,14 53 202 235 129 13 254 16
layer_36.bin,none,6,2,188 110 154 157 119 78 153 118
layer_37.bin,none,5,3,163 199 103 219 29 184 237 165
layer_38.bin,none,6,2,103 175 239 233 209 206 191 159
layer_39.bin,none,3,5,120 101 255 83 226 238 136 134
layer_00.bin,none,2,6,156 48 131 176 103 149 236 160
layer_01.bin,none,6,2,172 127 112 214 129 147 94 241
layer_02.bin,none,6,2,158 41 153 49 219 11 217 179
layer_03.bin,none,6,2,69 199 6 126 196 113 224 43
layer_04.bin,none,6,2,163 90 154 153 195 28 96 140
layer_05.bin,none,6,2,65 251 218 43 110 127 188 158
layer_06.bin,none,5,3,138 143 79 169 196 22 203 60
layer_07.bin,none,7,1,36 184 117 185 147 123 125 78
layer_08.bin,none,8,0,23 224 164 133 191 180 72 98
layer_09.bin,none,5,3,255 2 18 95 243 161 36 59
layer_10.bin,none,4,4,65 243 247 198 185 157 125 133
layer_11.bin,none,3,5,160 206 150 128 204 89 108 12
layer_12.bin,none,6,2,221 60 74 93 145 220 39 1
layer_13.bin,none,8,0,182 93 47 134 212 66 89 202
layer_14.bin,none,7,1,137 51 148 189 52 64 160 32
layer_15.bin,none,7,1,165 148 147 229 58 242 87 162
layer_16.bin,none,7,1,229 130 28 43 252 51 163 88
layer_17.bin,none,8,0,64 248 87 35 115 20 89 0
layer_18.bin,none,6,2,43 197 204 134 34 13 163 137
layer_19.bin,none,7,1,36 75 20 26 109 207 116 167
layer_20.bin,none,8,0,191 175 23 72 116 239 56 133
layer_21.bin,none,7,1,2 203 95 197 207 38 18 209
layer_22.bin,none,5,3,65 36 243 198 231 125 234 196
layer_23.bin,none,3,5,206 108 128 74 160 88 171 143
layer_24.bin,none,4,4,68 221 93 102 60 220 164 62
layer_25.bin,none,7,1,182 212 93 134 78 202 130 57
layer_26.bin,none,6,2,137 103 12 214 105 107 54 160
layer_27.bin,none,7,1,147 165 242 87 183 229 172 228
layer_28.bin,none,6,2,229 130 88 117 28 35 252 80
layer_29.bin,none,7,1,248 87 20 64 69 0 1 124
layer_30.bin,none,7,1,43 197 134 44 201 176 13 37
layer_31.bin,none,8,0,122 20 75 36 212 4 109 204
layer_32.bin,none,6,2,112 160 90 119 134 133 2 255
layer_33.bin,none,3,5,127 43 92 17 93 140 86 227
layer_34.bin,none,6,2,26 85 1 51 132 108 35 96
layer_35.bin,none,4,4,203 84 57 14 47 42 237 221
layer_36.bin,none,4,4,20 75 171 7 174 220 85 217
layer_37.bin,none,5,3,72 165 39 61 40 123 179 69
layer_38.bin,none,7,1,209 249 252 103 159 143 196 175
layer_39.bin,none,4,4,162 238 10 198 235 95 223 45
layer_00.bin,none,2,6,206 81 140 95 67 200 30 115
layer_01.bin,none,7,1,224 250 172 11 112 128 94 33
layer_02.bin,none,6,2,167 158 153 10 93 179 41 217
layer_03.bin,none,4,4,6 117 69 196 225 214 252 118
layer_04.bin,none,8,0,154 195 108 163 15 140 28 102
layer_05.bin,none,7,1,153 251 158 218 135 58 65 151
layer_06.bin,none,7,1,79 196 138 143 254 22 65 199
layer_07.bin,none,8,0,36 185 175 147 184 78 49 123
layer_08.bin,none,8,0,72 23 148 164 133 195 175 107
layer_09.bin,none,6,2,203 95 2 116 1 38 229 44
layer_10.bin,none,5,3,247 132 23 234 43 124 240 115
layer_11.bin,none,2,6,42 239 204 111 160 254 173 106
layer_12.bin,none,7,1,116 176 161 39 163 18 3 250
layer_13.bin,none,8,0,45 212 58 145 83 93 219 47
layer_14.bin,none,6,2,204 54 52 214 44 165 29 231
layer_15.bin,none,7,1,147 228 165 195 98 235 227 92
layer_16.bin,none,8,0,160 172 74 117 170 112 183 88
layer_17.bin,none,8,0,69 233 152 1 44 20 109 93
layer_18.bin,none,5,3,77 138 241 176 152 224 113 58
layer_19.bin,none,6,2,122 133 212 54 215 75 127 148
layer_20.bin,none,7,1,148 195 72 22 133 23 66 122
layer_21.bin,none,6,2,225 99 100 1 243 68 245 229
layer_22.bin,none,4,4,160 134 148 168 217 132 208 32
layer_23.bin,none,4,4,80 239 241 223 204 215 173 32
layer_24.bin,none,7,1,149 116 198 176 18 89 239 87
layer_25.bin,none,8,0,212 45 83 138 162 47 170 58
layer_26.bin,none,5,3,163 204 212 165 54 21 59 179
layer_27.bin,none,6,2,14 147 228 1 0 134 104 139
layer_28.bin,none,6,2,74 172 160 142 117 15 47 235
layer_29.bin,none,5,3,150 2 69 1 152 44 58 82
layer_30.bin,none,5,3,77 225 152 91 138 147 166 111
layer_31.bin,none,6,2,122 212 133 231 59 88 152 95
layer_32.bin,none,7,1,33 255 236 31 128 117 175 47
layer_33.bin,none,6,2,192 72 21 87 110 71 75 140
layer_34.bin,none,4,4,16 244 246 250 10 155 70 108
layer_35.bin,none,6,2,14 36 171 235 80 129 16 151
layer_36.bin,none,7,1,110 188 60 153 78 157 158 28
layer_37.bin,none,7,1,219 238 199 163 165 8 140 123
layer_38.bin,none,8,0,103 175 233 209 143 191 249 16
layer_39.bin,none,4,4,154 42 174 162 120 255 10 221
layer_00.bin,none,0,8,77 37 138 75 184 26 173 232
layer_01.bin,none,7,1,112 214 172 224 147 129 250 97
layer_02.bin,none,8,0,217 219 153 49 11 167 158 41
layer_03.bin,none,7,1,6 69 196 224 25 87 159 199
layer_04.bin,none,8,0,163 90 28 140 195 200 233 121
layer_05.bin,none,6,2,65 110 71 251 188 158 153 43
layer_06.bin,none,7,1,169 143 138 203 22 133 60 254
layer_07.bin,none,7,1,184 125 78 185 229 245 35 39
layer_08.bin,none,6,2,224 133 23 98 72 191 29 141
layer_09.bin,none,7,1,255 2 243 20 198 161 170 36
layer_10.bin,none,5,3,243 185 157 65 247 162 176 125
layer_11.bin,none,6,2,150 89 204 143 206 128 160 228
layer_12.bin,none,3,5,145 60 192 189 221 23 13 53
layer_13.bin,none,7,1,212 93 89 202 66 182 243 134
layer_14.bin,none,6,2,28 189 103 137 125 214 53 88
layer_15.bin,none,6,2,229 185 165 244 58 147 46 195
layer_16.bin,none,5,3,60 163 35 134 28 238 229 252
layer_17.bin,none,4,4,248 208 5 89 87 167 64 22
layer_18.bin,none,4,4,43 134 213 203 197 201 124 13
layer_19.bin,none,5,3,36 121 201 195 167 20 116 56
layer_20.bin,none,8,0,224 191 23 99 175 133 173 239
layer_21.bin,none,6,2,18 2 255 95 170 243 137 26
layer_22.bin,none,5,3,65 243 185 125 247 176 35 150
layer_23.bin,none,4,4,150 89 160 206 128 16 47 193
layer_24.bin,none,5,3,145 60 221 193 93 199 23 53
layer_25.bin,none,5,3,89 243 182 202 185 93 134 44
layer_26.bin,none,6,2,103 12 137 28 214 88 105 189
layer_27.bin,none,6,2,229 185 165 242 46 183 204 58
layer_28.bin,none,3,5,163 229 28 205 238 35 92 252
layer_29.bin,none,3,5,248 22 241 15 87 46 208 167
layer_30.bin,none,6,2,43 126 134 15 161 201 197 203
layer_31.bin,none,7,1,36 121 201 26 20 167 116 231
layer_32.bin,none,7,1,112 150 53 250 2 95 90 160
layer_33.bin,none,6,2,127 92 52 164 43 83 9 93
layer_34.bin,none,7,1,186 26 85 63 1 92 132 105
layer_35.bin,none,6,2,43 42 72 57 84 174 160 86
layer_36.bin,none,4,4,45 20 14 83 120 201 75 70
layer_37.bin,none,4,4,72 39 182 138 23 190 65 208
layer_38.bin,none,5,3,209 120 249 103 151 248 91 243
layer_39.bin,none,4,4,238 222 10 228 73 173 37 98
layer_00.bin,none,5,3,81 140 115 206 95 235 86 177
layer_01.bin,none,7,1,112 94 224 172 250 147 129 19
layer_02.bin,none,6,2,153 41 129 106 217 29 11 179
layer_03.bin,none,5,3,230 199 26 69 233 117 6 25
layer_04.bin,none,4,4,195 58 154 165 108 235 90 89
layer_05.bin,none,8,0,65 158 43 135 127 79 251 188
layer_06.bin,none,8,0,138 143 79 65 60 196 22 169
layer_07.bin,none,7,1,185 117 70 36 78 184 35 123
layer_08.bin,none,6,2,104 239 175 224 180 107 23 133
layer_09.bin,none,7,1,2 116 203 36 95 191 255 38
layer_10.bin,none,8,0,247 65 198 185 243 125 157 234
layer_11.bin,none,6,2,108 206 128 160 204 62 150 86
layer_12.bin,none,6,2,93 221 74 220 39 60 44 145
layer_13.bin,none,6,2,138 93 134 47 182 212 108 202
layer_14.bin,none,7,1,137 52 148 64 32 160 51 189
layer_15.bin,none,8,0,162 165 148 58 229 242 147 87
layer_16.bin,none,8,0,229 252 43 28 130 170 51 35
layer_17.bin,none,8,0,248 64 115 89 20 87 0 5
layer_18.bin,none,8,0,43 197 126 134 204 192 203 163
layer_19.bin,none,8,0,36 116 20 109 75 121 167 201
layer_20.bin,none,8,0,175 99 23 239 72 224 191 133
layer_21.bin,none,6,2,2 203 95 116 191 44 255 207
layer_22.bin,none,7,1,65 36 243 198 125 231 150 11
layer_23.bin,none,7,1,108 206 128 160 162 51 171 143
layer_24.bin,none,6,2,102 221 68 93 62 164 100 199
layer_25.bin,none,6,2,78 234 182 93 212 134 5 243
layer_26.bin,none,7,1,137 88 103 12 214 32 166 229
layer_27.bin,none,7,1,183 153 165 242 229 147 87 185
layer_28.bin,none,8,0,229 28 35 163 130 205 152 252
layer_29.bin,none,8,0,248 241 22 87 64 69 0 89
layer_30.bin,none,6,2,134 43 197 203 201 163 195 126
layer_31.bin,none,8,0,36 75 116 20 121 167 26 109
layer_32.bin,none,7,1,112 119 2 90 252 184 53 134
layer_33.bin,none,8,0,127 92 93 43 72 52 83 86
layer_34.bin,none,8,0,26 85 105 1 132 113 92 63
layer_35.bin,none,8,0,72 42 84 57 203 86 197 135
layer_36.bin,none,7,1,75 20 83 221 70 120 45 14
layer_37.bin,none,7,1,39 72 182 138 23 104 190 124
layer_38.bin,none,4,4,249 209 151 27 148 120 104 71
layer_39.bin,none,3,5,38 154 222 217 162 69 110 205
layer_00.bin,none,0,8,106 66 43 238 218 212 157 236
layer_01.bin,none,6,2,112 224 19 124 86 33 147 250
layer_02.bin,none,5,3,11 217 49 188 153 133 106 60
layer_03.bin,none,6,2,214 199 30 159 6 19 25 225
layer_04.bin,none,6,2,195 154 88 74 54 98 163 192
layer_05.bin,none,7,1,158 110 251 153 218 147 71 60
layer_06.bin,none,6,2,65 138 143 68 79 196 22 36
layer_07.bin,none,7,1,78 229 185 36 14 184 35 147
layer_08.bin,none,5,3,23 180 99 4 77 191 224 173
layer_09.bin,none,6,2,161 255 59 2 243 197 200 170
layer_10.bin,none,7,1,65 247 196 185 243 157 125 198
layer_11.bin,none,8,0,160 107 206 128 27 239 150 108
layer_12.bin,none,7,1,60 145 193 221 199 1 220 128
layer_13.bin,none,7,1,89 182 44 202 134 93 66 154
layer_14.bin,none,8,0,137 103 32 189 125 88 64 28
layer_15.bin,none,7,1,165 185 58 242 229 87 148 243
layer_16.bin,none,7,1,163 28 60 134 229 252 9 130
layer_17.bin,none,8,0,89 64 248 87 0 5 20 35
layer_18.bin,none,6,2,155 197 203 43 134 93 126 13
layer_19.bin,none,7,1,225 20 121 30 207 109 201 167
layer_20.bin,none,8,0,224 237 239 116 99 56 98 191
layer_21.bin,none,5,3,156 2 197 255 95 239 217 148
layer_22.bin,none,6,2,243 65 176 247 185 125 35 196
layer_23.bin,none,6,2,27 206 128 160 150 9 107 239
layer_24.bin,none,7,1,60 221 145 23 167 164 192 199
layer_25.bin,none,7,1,89 78 182 134 255 202 212 138
layer_26.bin,none,7,1,88 103 137 189 71 12 28 32
layer_27.bin,none,8,0,165 242 58 204 229 185 87 150
layer_28.bin,none,6,2,229 163 152 205 252 150 9 28
layer_29.bin,none,7,1,22 241 15 248 20 87 64 16
layer_30.bin,none,7,1,126 155 43 161 134 195 203 182
layer_31.bin,none,6,2,207 75 20 36 201 121 225 39
layer_32.bin,none,6,2,192 112 150 252 185 160 95 53
layer_33.bin,none,6,2,72 43 127 9 92 16 164 231
layer_34.bin,none,6,2,63 9 86 105 85 92 186 26
layer_35.bin,none,6,2,22 84 72 43 135 42 112 174
layer_36.bin,none,7,1,45 221 14 73 75 117 83 201
layer_37.bin,none,6,2,72 56 88 219 23 165 206 55
layer_38.bin,none,4,4,120 195 209 190 193 43 132 104
layer_39.bin,none,4,4,162 107 45 98 222 173 114 37
layer_00.bin,none,0,8,210 93 228 14 84 88 102 57
layer_01.bin,none,2,6,195 33 251 182 29 3 193 63
layer_02.bin,none,7,1,217 49 11 133 153 60 64 106
layer_03.bin,none,4,4,214 19 70 246 225 20 116 166
layer_04.bin,none,7,1,74 195 79 154 88 54 98 58
layer_05.bin,none,4,4,158 147 11 110 88 44 251 178
layer_06.bin,none,5,3,65 143 138 97 226 137 196 36
layer_07.bin,none,6,2,78 35 229 203 184 191 155 221
layer_08.bin,none,7,1,173 23 180 4 224 61 133 99
layer_09.bin,none,7,1,255 59 156 243 171 161 197 200
layer_10.bin,none,7,1,196 65 185 247 243 177 133 157
layer_11.bin,none,6,2,27 160 107 239 89 78 150 192
layer_12.bin,none,7,1,193 60 16 99 199 145 1 221
layer_13.bin,none,6,2,89 44 182 243 212 32 171 3
layer_14.bin,none,6,2,103 71 191 189 28 125 236 41
layer_15.bin,none,7,1,153 229 191 183 244 217 165 185
layer_16.bin,none,7,1,163 88 60 205 28 144 112 93
layer_17.bin,none,5,3,167 248 15 208 86 241 183 35
layer_18.bin,none,7,1,155 217 201 126 43 134 124 34
layer_19.bin,none,7,1,201 173 207 195 221 36 225 186
layer_20.bin,none,7,1,235 237 223 116 17 175 224 173
layer_21.bin,none,5,3,156 18 127 246 45 113 221 55
layer_22.bin,none,4,4,203 243 48 185 249 95 65 133
layer_23.bin,none,6,2,150 89 226 239 160 193 16 27
layer_24.bin,none,4,4,60 76 0 16 167 199 99 145
layer_25.bin,none,6,2,243 89 44 78 255 57 234 227
layer_26.bin,none,6,2,71 230 189 12 140 88 236 229
layer_27.bin,none,6,2,183 225 153 137 191 150 53 204
layer_28.bin,none,7,1,205 126 163 166 252 144 152 75
layer_29.bin,none,5,3,15 248 241 33 20 93 106 22
layer_30.bin,none,8,0,155 174 126 43 201 161 203 134
layer_31.bin,none,7,1,201 207 41 36 75 194 173 19
layer_32.bin,none,7,1,150 112 68 38 160 184 95 180
layer_33.bin,none,6,2,9 72 71 127 43 96 27 52
layer_34.bin,none,6,2,63 105 9 15 204 92 113 199
layer_35.bin,none,6,2,43 22 174 124 72 42 135 119
layer_36.bin,none,7,1,75 221 45 110 201 14 23 73
layer_37.bin,none,6,2,245 55 23 165 72 219 77 8
layer_38.bin,none,5,3,120 173 209 238 176 193 117 241
layer_39.bin,none,6,2,222 106 10 107 45 162 205 173
layer_00.bin,none,4,4,136 180 14 78 241 56 68 238
layer_01.bin,none,5,3,234 94 127 107 16 158 172 147
layer_02.bin,none,6,2,217 153 41 172 1 106 237 179
layer_03.bin,none,7,1,246 255 225 196 244 48 20 216
layer_04.bin,none,7,1,195 79 28 127 89 253 154 58
layer_05.bin,none,5,3,153 79 158 22 76 215 120 32
layer_06.bin,none,4,4,254 26 21 171 210 12 199 71
layer_07.bin,none,7,1,175 245 30 185 154 81 49 241
layer_08.bin,none,7,1,72 148 133 23 224 22 63 91
layer_09.bin,none,7,1,1 99 207 251 44 229 201 161
layer_10.bin,none,7,1,116 156 132 176 146 247 134 59
layer_11.bin,none,5,3,204 60 12 56 32 42 134 9
layer_12.bin,none,7,1,116 163 39 176 208 161 125 10
layer_13.bin,none,7,1,212 45 219 83 93 118 145 47
layer_14.bin,none,8,0,44 204 54 167 212 214 248 64
layer_15.bin,none,6,2,147 100 206 139 12 228 92 155
layer_16.bin,none,6,2,74 45 59 40 170 172 72 191
layer_17.bin,none,4,4,69 8 1 229 89 114 7 211
layer_18.bin,none,4,4,77 176 91 16 214 209 30 118
layer_19.bin,none,5,3,212 59 30 35 171 137 14 122
layer_20.bin,none,6,2,148 72 22 133 23 49 124 53
layer_21.bin,none,5,3,207 99 1 68 134 229 136 43
layer_22.bin,none,5,3,116 160 26 250 132 168 178 60
layer_23.bin,none,5,3,80 204 56 170 224 60 51 141
layer_24.bin,none,6,2,203 116 217 39 1 68 176 104
layer_25.bin,none,4,4,76 208 195 192 216 145 130 26
layer_26.bin,none,5,3,204 54 248 39 96 146 44 71
layer_27.bin,none,4,4,206 3 139 147 100 86 157 169
layer_28.bin,none,4,4,74 45 191 72 247 228 2 73
layer_29.bin,none,5,3,150 1 69 8 89 2 114 36
layer_30.bin,none,3,5,77 91 214 215 118 60 127 105
layer_31.bin,none,4,4,137 59 212 211 148 184 35 95
layer_32.bin,none,4,4,33 47 117 156 139 63 133 59
layer_33.bin,none,3,5,192 81 75 21 5 77 209 254
layer_34.bin,none,6,2,16 247 246 155 10 108 70 15
layer_35.bin,none,6,2,14 202 167 36 235 142 180 151
layer_36.bin,none,6,2,188 110 153 157 172 217 134 165
layer_37.bin,none,8,0,165 55 8 103 124 219 35 199
layer_38.bin,none,5,3,103 120 173 191 206 43 182 249
layer_39.bin,none,3,5,120 10 109 223 191 139 255 118
layer_00.bin,none,5,3,134 36 124 151 188 231 175 62
layer_01.bin,none,3,5,113 245 33 101 254 118 7 85
layer_02.bin,none,5,3,64 237 150 182 153 117 94 106
layer_03.bin,none,6,2,25 199 159 87 202 225 219 166
layer_04.bin,none,6,2,24 154 89 253 192 79 127 250
layer_05.bin,none,4,4,158 251 155 178 81 110 218 2
layer_06.bin,none,5,3,143 138 65 98 82 79 226 112
layer_07.bin,none,7,1,35 155 229 191 184 208 221 49
layer_08.bin,none,6,2,224 98 61 92 133 20 191 173
layer_09.bin,none,7,1,243 59 255 198 200 183 197 161
layer_10.bin,none,8,0,133 196 185 243 177 95 247 65
layer_11.bin,none,6,2,78 213 160 239 89 150 75 143
layer_12.bin,none,5,3,99 76 16 193 232 60 189 221
layer_13.bin,none,7,1,44 89 149 212 171 243 182 132
layer_14.bin,none,7,1,71 189 166 103 125 167 140 12
layer_15.bin,none,5,3,229 225 69 244 150 149 58 70
layer_16.bin,none,6,2,245 205 247 163 14 144 126 28
layer_17.bin,none,6,2,248 15 86 125 208 96 241 33
layer_18.bin,none,7,1,201 126 94 43 155 199 124 174
layer_19.bin,none,5,3,207 173 201 41 44 19 194 221
layer_20.bin,none,7,1,50 217 18 224 17 175 223 92
layer_21.bin,none,8,0,232 155 58 45 127 18 255 136
layer_22.bin,none,7,1,133 203 185 95 247 175 231 80
layer_23.bin,none,3,5,78 226 150 213 104 89 73 143
layer_24.bin,none,3,5,167 76 99 193 58 254 68 208
layer_25.bin,none,6,2,89 78 44 149 132 243 236 227
layer_26.bin,none,6,2,12 71 166 189 97 26 88 103
layer_27.bin,none,5,3,225 137 132 183 242 229 42 70
layer_28.bin,none,7,1,205 247 14 152 163 166 203 88
layer_29.bin,none,7,1,241 15 248 125 22 167 20 247
layer_30.bin,none,7,1,94 126 43 155 174 161 203 44
layer_31.bin,none,7,1,207 201 75 44 194 41 36 121
layer_32.bin,none,5,3,150 38 112 128 15 250 12 162
layer_33.bin,none,6,2,9 72 164 127 52 16 27 84
layer_34.bin,none,7,1,63 105 186 231 92 234 133 113
layer_35.bin,none,8,0,43 84 135 174 102 22 185 72
layer_36.bin,none,6,2,75 221 45 212 125 186 73 12
layer_37.bin,none,5,3,72 55 23 219 206 202 4 144
layer_38.bin,none,5,3,120 173 209 0 248 91 104 193
layer_39.bin,none,5,3,10 106 162 235 222 107 86 173
layer_00.bin,none,5,3,204 13 151 199 175 134 231 174
layer_01.bin,none,3,5,16 253 49 234 254 162 209 206
layer_02.bin,none,2,6,108 252 123 173 120 106 19 153
layer_03.bin,none,4,4,236 188 166 79 199 25 159 2
layer_04.bin,none,4,4,195 253 213 154 89 165 92 229
layer_05.bin,none,6,2,81 158 110 251 88 2 178 144
layer_06.bin,none,7,1,65 138 143 79 112 226 196 84
layer_07.bin,none,8,0,35 229 78 184 191 155 147 36
layer_08.bin,none,7,1,224 133 50 173 98 61 20 207
layer_09.bin,none,6,2,243 255 59 200 221 121 189 183
layer_10.bin,none,6,2,196 133 162 247 185 199 211 243
layer_11.bin,none,8,0,78 239 150 160 89 192 107 213
layer_12.bin,none,8,0,99 193 16 76 60 189 145 23
layer_13.bin,none,7,1,89 44 212 149 171 3 182 78
layer_14.bin,none,6,2,0 71 166 189 12 140 103 97
layer_15.bin,none,7,1,244 229 150 42 225 70 58 165
layer_16.bin,none,6,2,205 60 163 14 88 57 93 203
layer_17.bin,none,7,1,248 86 15 208 125 96 167 144
layer_18.bin,none,8,0,199 155 126 124 94 201 43 174
layer_19.bin,none,8,0,201 207 173 19 194 75 30 41
layer_20.bin,none,7,1,50 235 217 224 17 172 8 173
layer_21.bin,none,7,1,127 58 232 243 221 209 55 45
layer_22.bin,none,6,2,185 133 247 182 95 65 219 176
layer_23.bin,none,7,1,78 150 92 160 226 239 89 16
layer_24.bin,none,8,0,167 76 145 254 23 193 68 100
layer_25.bin,none,7,1,78 89 44 149 242 227 138 26
layer_26.bin,none,6,2,97 71 166 12 137 103 9 193
layer_27.bin,none,7,1,229 108 165 242 58 42 70 92
layer_28.bin,none,7,1,205 57 152 88 252 229 247 203
layer_29.bin,none,7,1,125 15 20 247 241 25 248 64
layer_30.bin,none,8,0,126 94 155 44 43 134 174 13
layer_31.bin,none,7,1,75 207 201 41 194 36 19 248
layer_32.bin,none,6,2,15 150 112 52 128 252 192 27
layer_33.bin,none,5,3,72 9 127 95 164 231 184 234
layer_34.bin,none,8,0,63 105 85 26 204 113 231 9
layer_35.bin,none,7,1,43 84 191 135 42 57 72 210
layer_36.bin,none,8,0,73 221 45 201 75 26 125 186
layer_37.bin,none,5,3,72 219 55 205 184 126 206 165
layer_38.bin,none,7,1,0 209 120 151 193 91 108 182
layer_39.bin,none,4,4,106 222 179 66 10 7 37 107
layer_00.bin,none,1,7,101 35 197 242 79 108 11 135
layer_01.bin,none,6,2,27 146 155 97 16 231 11 150
layer_02.bin,none,3,5,117 90 20 75 109 252 35 43
layer_03.bin,none,6,2,236 225 119 37 117 199 25 53
layer_04.bin,none,7,1,154 195 142 89 102 108 222 251
layer_05.bin,none,7,1,158 205 110 43 251 236 188 79
layer_06.bin,none,7,1,65 79 143 138 196 36 133 254
layer_07.bin,none,8,0,35 36 185 147 158 229 191 76
layer_08.bin,none,7,1,107 116 224 239 133 4 173 72
layer_09.bin,none,8,0,203 197 161 207 44 29 95 59
layer_10.bin,none,8,0,247 234 196 65 198 243 185 169
layer_11.bin,none,7,1,239 160 42 204 107 111 12 128
layer_12.bin,none,8,0,39 116 220 208 145 193 60 3
layer_13.bin,none,8,0,219 93 138 45 212 47 66 182
layer_14.bin,none,8,0,52 64 137 51 167 54 204 160
layer_15.bin,none,7,1,162 165 147 242 148 204 87 4
layer_16.bin,none,7,1,252 170 229 51 32 172 152 130
layer_17.bin,none,8,0,20 89 64 115 69 1 248 109
layer_18.bin,none,8,0,43 204 197 138 77 91 203 126
layer_19.bin,none,7,1,122 212 75 88 20 26 86 109
layer_20.bin,none,6,2,195 133 72 23 191 148 107 180
layer_21.bin,none,6,2,207 1 203 2 95 197 161 230
layer_22.bin,none,7,1,160 234 132 196 65 122 116 156
layer_23.bin,none,7,1,80 60 108 128 204 107 111 239
layer_24.bin,none,6,2,39 163 193 1 221 116 102 220
layer_25.bin,none,8,0,219 212 93 45 130 66 145 182
layer_26.bin,none,5,3,137 214 204 167 54 52 166 209
layer_27.bin,none,7,1,147 165 228 242 98 183 150 85
layer_28.bin,none,8,0,130 229 152 74 252 247 210 72
layer_29.bin,none,8,0,248 20 125 87 64 36 69 89
layer_30.bin,none,8,0,44 155 197 126 43 134 201 13
layer_31.bin,none,7,1,75 207 204 20 154 173 35 121
layer_32.bin,none,6,2,112 98 90 53 150 252 15 127
layer_33.bin,none,6,2,127 231 126 164 72 9 184 99
layer_34.bin,none,7,1,85 26 116 1 105 63 113 204
layer_35.bin,none,8,0,84 42 72 112 174 203 57 86
layer_36.bin,none,7,1,221 73 20 45 83 75 201 22
layer_37.bin,none,6,2,72 138 182 65 39 219 233 34
layer_38.bin,none,6,2,209 103 120 249 151 91 255 190
layer_39.bin,none,4,4,238 162 229 21 42 222 10 190
layer_00.bin,none,5,3,132 81 158 115 177 235 47 86
layer_01.bin,none,4,4,217 155 182 233 11 146 250 118
layer_02.bin,none,6,2,121 167 43 123 153 217 109 20
layer_03.bin,none,6,2,119 117 236 41 190 37 225 199
layer_04.bin,none,7,1,154 54 195 58 222 142 89 236
layer_05.bin,none,8,0,110 158 43 135 188 251 79 65
layer_06.bin,none,8,0,65 138 196 143 36 79 254 153
layer_07.bin,none,7,1,117 185 35 229 158 23 78 36
layer_08.bin,none,8,0,116 239 99 133 180 4 224 23
layer_09.bin,none,7,1,2 239 255 161 59 243 191 197
layer_10.bin,none,8,0,247 65 185 243 125 196 198 157
layer_11.bin,none,8,0,160 206 128 108 150 107 239 12
layer_12.bin,none,7,1,145 193 93 221 60 74 223 220
layer_13.bin,none,8,0,154 134 182 66 93 138 202 212
layer_14.bin,none,8,0,137 64 52 167 32 189 51 148
layer_15.bin,none,8,0,58 162 148 242 165 87 4 185
layer_16.bin,none,7,1,229 51 252 28 43 134 174 170
layer_17.bin,none,7,1,89 87 211 64 0 20 198 248
layer_18.bin,none,7,1,43 134 197 163 127 204 13 203
layer_19.bin,none,7,1,116 20 109 36 121 56 30 173
layer_20.bin,none,7,1,116 175 99 127 239 23 180 220
layer_21.bin,none,8,0,255 239 2 197 63 161 95 127
layer_22.bin,none,7,1,65 125 176 247 243 185 36 150
layer_23.bin,none,6,2,160 206 128 9 143 254 108 150
layer_24.bin,none,5,3,221 235 145 93 164 23 254 192
layer_25.bin,none,7,1,93 182 134 78 212 89 149 118
layer_26.bin,none,7,1,88 137 214 103 12 229 32 51
layer_27.bin,none,7,1,242 165 58 87 195 147 185 82
layer_28.bin,none,7,1,229 238 93 75 205 163 35 150
layer_29.bin,none,7,1,0 87 124 64 248 241 16 15
layer_30.bin,none,7,1,43 163 134 195 161 201 226 13
layer_31.bin,none,8,0,20 75 36 116 154 26 109 121
layer_32.bin,none,8,0,252 112 119 53 90 160 95 150
layer_33.bin,none,6,2,184 127 93 92 210 43 39 129
layer_34.bin,none,7,1,85 26 92 231 133 132 82 1
layer_35.bin,none,8,0,42 86 72 174 84 57 203 135
layer_36.bin,none,7,1,83 75 221 20 73 45 70 59
layer_37.bin,none,6,2,182 138 39 104 72 23 40 88
layer_38.bin,none,6,2,209 120 249 27 151 236 103 224
layer_39.bin,none,4,4,162 42 10 164 185 73 205 106
layer_00.bin,none,3,5,238 43 252 25 205 95 147 112
layer_01.bin,none,7,1,217 250 140 224 182 146 112 19
layer_02.bin,none,8,0,49 11 217 20 167 106 121 43
layer_03.bin,none,7,1,117 236 119 130 38 199 41 225
layer_04.bin,none,7,1,54 195 58 154 235 89 213 163
layer_05.bin,none,7,1,110 158 43 188 205 79 90 65
layer_06.bin,none,6,2,65 138 143 79 196 97 36 157
layer_07.bin,none,8,0,229 117 203 35 142 191 78 185
layer_08.bin,none,8,0,116 104 173 239 99 224 61 207
layer_09.bin,none,6,2,59 171 2 255 104 200 197 243
layer_10.bin,none,8,0,196 247 65 185 157 243 125 211
layer_11.bin,none,6,2,160 78 107 72 128 39 206 150
layer_12.bin,none,7,1,193 60 199 220 145 249 221 15
layer_13.bin,none,7,1,182 154 149 134 44 89 32 74
layer_14.bin,none,8,0,125 137 103 189 51 52 167 0
layer_15.bin,none,6,2,165 58 162 148 238 229 243 204
layer_16.bin,none,8,0,245 28 252 205 35 134 170 203
layer_17.bin,none,7,1,5 87 15 20 89 16 0 64
layer_18.bin,none,6,2,155 43 197 226 203 134 124 93
layer_19.bin,none,8,0,30 109 20 226 167 36 116 201
layer_20.bin,none,8,0,237 239 224 116 127 99 180 23
layer_21.bin,none,5,3,127 191 2 239 26 197 55 116
layer_22.bin,none,7,1,247 65 157 125 185 243 196 198
layer_23.bin,none,4,4,128 160 72 206 39 111 47 107
layer_24.bin,none,6,2,1 145 93 220 60 192 151 199
layer_25.bin,none,6,2,182 134 149 89 154 44 138 32
layer_26.bin,none,7,1,88 137 86 229 103 51 189 52
layer_27.bin,none,5,3,165 242 58 162 181 172 87 204
layer_28.bin,none,6,2,152 43 252 170 229 93 150 35
layer_29.bin,none,7,1,241 5 20 87 0 15 248 22
layer_30.bin,none,7,1,43 226 155 163 197 170 203 195
layer_31.bin,none,7,1,20 167 75 36 109 116 30 121
layer_32.bin,none,6,2,223 112 90 192 119 150 252 178
layer_33.bin,none,5,3,231 72 9 83 127 184 32 74
layer_34.bin,none,6,2,241 186 1 85 26 21 105 63
layer_35.bin,none,7,1,84 135 42 72 160 57 22 235
layer_36.bin,none,5,3,221 45 83 248 70 98 20 222
layer_37.bin,none,4,4,72 62 58 88 182 229 48 39
layer_38.bin,none,4,4,120 209 147 236 99 241 8 104
layer_39.bin,none,6,2,238 127 162 222 95 45 164 105
layer_00.bin,none,3,5,209 43 206 30 95 104 147 105
layer_01.bin,none,6,2,155 146 11 217 118 62 47 33
layer_02.bin,none,7,1,52 49 20 43 167 106 217 153
layer_03.bin,none,5,3,117 119 199 225 236 226 233 118
layer_04.bin,none,5,3,154 195 144 58 54 87 5 20
layer_05.bin,none,8,0,110 158 153 251 50 79 58 215
layer_06.bin,none,8,0,65 79 254 12 7 210 21 199
layer_07.bin,none,7,1,175 185 245 81 78 142 199 5
layer_08.bin,none,8,0,148 72 133 23 195 224 107 53
layer_09.bin,none,7,1,207 229 1 99 203 161 243 63
layer_10.bin,none,6,2,132 116 247 59 234 240 108 196
layer_11.bin,none,6,2,239 42 111 204 60 160 98 181
layer_12.bin,none,7,1,116 10 176 161 39 163 18 220
layer_13.bin,none,8,0,45 83 212 58 162 145 44 118
layer_14.bin,none,7,1,204 44 248 212 54 132 173 21
layer_15.bin,none,7,1,227 147 90 145 235 228 139 3
layer_16.bin,none,5,3,74 191 112 172 45 117 228 115
layer_17.bin,none,7,1,69 2 1 196 8 152 58 217
layer_18.bin,none,6,2,77 58 224 91 176 225 138 207
layer_19.bin,none,7,1,212 133 115 231 88 59 127 54
layer_20.bin,none,6,2,148 22 85 72 133 23 7 66
layer_21.bin,none,7,1,99 225 1 100 207 243 170 15
layer_22.bin,none,6,2,160 217 132 26 167 168 247 60
layer_23.bin,none,6,2,80 241 239 78 204 72 215 111
layer_24.bin,none,7,1,149 116 198 87 176 180 10 239
layer_25.bin,none,6,2,162 45 83 212 183 2 170 229
layer_26.bin,none,6,2,21 165 248 59 212 204 54 173
layer_27.bin,none,5,3,0 14 147 104 139 221 169 228
layer_28.bin,none,6,2,74 47 191 172 170 26 117 195
layer_29.bin,none,6,2,69 150 1 2 58 165 158 142
layer_30.bin,none,6,2,91 225 77 119 192 64 199 73
layer_31.bin,none,6,2,59 88 122 231 139 133 108 95
layer_32.bin,none,6,2,33 47 236 178 117 232 68 175
layer_33.bin,none,7,1,192 21 5 75 72 81 95 181
layer_34.bin,none,4,4,16 246 10 70 173 21 160 252
layer_35.bin,none,7,1,14 167 36 235 80 151 16 202
layer_36.bin,none,5,3,188 110 196 157 78 51 34 153
layer_37.bin,none,5,3,8 163 165 6 102 219 21 199
layer_38.bin,none,3,5,103 105 191 206 112 233 192 166
layer_39.bin,none,5,3,238 120 228 37 223 198 226 123
layer_00.bin,none,4,4,32 206 95 238 168 181 30 255
layer_01.bin,none,4,4,140 182 33 201 193 192 146 86
layer_02.bin,none,8,0,49 52 20 11 218 153 253 167
layer_03.bin,none,7,1,199 225 118 113 6 129 119 214
layer_04.bin,none,6,2,154 54 129 195 28 88 233 205
layer_05.bin,none,8,0,158 110 43 188 153 251 218 79
layer_06.bin,none,8,0,143 138 254 65 196 22 237 12
layer_07.bin,none,8,0,185 78 175 245 36 117 191 35
layer_08.bin,none,8,0,72 23 133 148 224 123 116 164
layer_09.bin,none,8,0,1 255 161 207 229 99 95 251
layer_10.bin,none,7,1,247 243 176 65 25 156 185 134
layer_11.bin,none,7,1,204 9 60 12 128 141 108 206
layer_12.bin,none,7,1,163 145 39 116 208 189 18 192
layer_13.bin,none,8,0,93 212 45 219 145 118 66 130
layer_14.bin,none,7,1,167 204 106 214 54 96 179 64
layer_15.bin,none,7,1,195 147 133 228 204 12 169 54
layer_16.bin,none,8,0,74 252 40 72 170 229 59 189
layer_17.bin,none,7,1,89 211 1 152 64 20 117 226
layer_18.bin,none,6,2,91 138 43 139 137 127 192 146
layer_19.bin,none,8,0,212 122 173 226 14 75 88 59
layer_20.bin,none,7,1,133 23 72 148 224 220 195 116
layer_21.bin,none,7,1,1 229 207 251 255 137 214 128
layer_22.bin,none,5,3,160 116 156 165 132 59 187 8
layer_23.bin,none,4,4,141 80 60 204 191 56 242 157
layer_24.bin,none,5,3,163 116 39 68 143 189 176 219
layer_25.bin,none,5,3,93 212 145 98 158 66 219 226
layer_26.bin,none,5,3,214 179 204 106 96 167 67 211
layer_27.bin,none,5,3,147 114 215 133 98 169 121 54
layer_28.bin,none,4,4,74 72 112 117 228 250 47 108
layer_29.bin,none,7,1,150 89 1 152 230 117 223 36
layer_30.bin,none,4,4,139 91 122 138 166 119 203 2
layer_31.bin,none,4,4,212 173 59 67 132 143 122 22
layer_32.bin,none,6,2,33 47 117 184 151 178 255 50
layer_33.bin,none,5,3,192 82 81 72 35 155 5 90
layer_34.bin,none,4,4,16 37 246 181 173 33 155 141
layer_35.bin,none,6,2,14 36 167 16 80 212 235 64
layer_36.bin,none,5,3,188 60 110 74 87 153 10 235
layer_37.bin,none,6,2,124 89 238 105 21 55 219 134
layer_38.bin,none,6,2,103 175 120 159 191 233 158 143
layer_39.bin,none,4,4,238 120 173 123 166 60 20 175
layer_00.bin,none,5,3,238 88 112 95 200 43 173 140
layer_01.bin,none,4,4,181 128 33 140 155 233 118 152
layer_02.bin,none,7,1,49 52 20 218 72 11 253 43
layer_03.bin,none,6,2,113 106 119 117 236 199 226 233
layer_04.bin,none,5,3,165 195 54 235 193 5 154 171
layer_05.bin,none,5,3,110 158 188 43 160 215 230 106
layer_06.bin,none,7,1,65 143 138 193 97 7 98 133
layer_07.bin,none,8,0,142 185 78 35 117 203 191 155
layer_08.bin,none,8,0,173 116 224 23 239 133 61 104
layer_09.bin,none,7,1,200 197 207 161 255 2 59 84
layer_10.bin,none,5,3,196 247 215 243 10 157 65 122
layer_11.bin,none,6,2,239 160 181 249 78 111 42 107
layer_12.bin,none,4,4,193 62 39 199 254 134 53 189
layer_13.bin,none,8,0,44 219 149 93 154 212 182 78
layer_14.bin,none,8,0,167 52 64 54 204 125 214 137
layer_15.bin,none,6,2,162 228 165 242 147 71 187 4
layer_16.bin,none,6,2,170 32 252 0 229 245 88 228
layer_17.bin,none,6,2,89 115 69 8 64 226 229 16
layer_18.bin,none,6,2,77 91 203 16 192 204 22 127
layer_19.bin,none,5,3,59 75 183 79 88 4 30 212
layer_20.bin,none,8,0,148 133 22 72 180 23 107 220
layer_21.bin,none,5,3,207 99 1 210 117 230 136 78
layer_22.bin,none,6,2,160 116 132 234 43 247 29 168
layer_23.bin,none,6,2,80 162 239 108 28 104 111 107
layer_24.bin,none,7,1,116 39 144 16 24 164 87 53
layer_25.bin,none,5,3,219 130 2 139 78 57 98 216
layer_26.bin,none,7,1,167 52 179 96 54 214 204 142
layer_27.bin,none,4,4,147 3 206 228 169 71 153 110
layer_28.bin,none,5,3,170 74 72 0 88 210 66 89
layer_29.bin,none,6,2,150 248 69 89 158 241 1 226
layer_30.bin,none,5,3,155 24 226 44 94 201 193 216
layer_31.bin,none,5,3,154 204 166 36 195 153 207 148
layer_32.bin,none,3,5,223 60 150 178 227 127 184 251
layer_33.bin,none,6,2,74 32 72 9 231 127 40 67
layer_34.bin,none,5,3,116 82 105 1 85 21 63 26
layer_35.bin,none,6,2,183 84 86 36 135 167 174 229
layer_36.bin,none,5,3,70 75 68 129 221 198 73 74
layer_37.bin,none,7,1,104 58 219 21 124 48 105 182
layer_38.bin,none,4,4,27 148 151 92 209 101 84 159
layer_39.bin,none,2,6,110 38 243 12 78 248 69 242
layer_00.bin,none,1,7,236 40 186 172 185 144 120 191
layer_01.bin,none,4,4,124 245 33 252 167 128 193 118
layer_02.bin,none,6,2,49 60 188 11 92 139 217 133
layer_03.bin,none,4,4,159 155 199 25 30 219 189 6
layer_04.bin,none,7,1,98 88 195 154 89 192 94 176
layer_05.bin,none,6,2,158 214 110 71 215 2 251 198
layer_06.bin,none,6,2,65 143 254 14 199 226 193 230
layer_07.bin,none,4,4,241 142 155 194 165 188 195 136
layer_08.bin,none,6,2,148 47 72 91 184 92 98 133
layer_09.bin,none,1,7,210 201 12 63 232 248 135 194
layer_10.bin,none,2,6,44 43 127 176 79 78 123 203
layer_11.bin,none,5,3,135 42 204 239 12 254 9 60
layer_12.bin,none,3,5,116 139 39 168 121 96 250 30
layer_13.bin,none,8,0,83 162 208 45 212 93 130 183
layer_14.bin,none,7,1,54 212 248 44 204 165 67 21
layer_15.bin,none,6,2,134 227 206 3 90 100 147 139
layer_16.bin,none,5,3,74 195 178 183 45 15 228 191
layer_17.bin,none,5,3,69 2 173 8 235 234 152 222
layer_18.bin,none,5,3,77 186 58 171 225 182 91 176
layer_19.bin,none,5,3,54 133 34 231 212 152 38 59
layer_20.bin,none,7,1,22 72 148 135 122 144 23 133
layer_21.bin,none,7,1,99 100 225 1 210 243 245 170
layer_22.bin,none,4,4,160 26 32 131 134 251 132 250
layer_23.bin,none,4,4,80 241 215 150 22 34 72 40
layer_24.bin,none,4,4,198 149 116 239 89 148 69 2
layer_25.bin,none,7,1,162 83 183 212 1 227 47 98
layer_26.bin,none,7,1,21 212 248 54 163 165 59 98
layer_27.bin,none,7,1,0 104 221 139 134 90 120 228
layer_28.bin,none,5,3,74 142 15 183 112 235 122 144
layer_29.bin,none,6,2,69 150 2 93 82 165 241 1
layer_30.bin,none,3,5,172 225 147 182 77 156 83 127
layer_31.bin,none,4,4,133 152 139 138 212 3 132 54
layer_32.bin,none,3,5,33 248 210 139 133 229 117 219
layer_33.bin,none,4,4,192 32 21 29 71 161 199 87
layer_34.bin,none,4,4,16 6 130 249 61 246 182 15
layer_35.bin,none,3,5,180 106 95 14 136 176 13 11
layer_36.bin,none,2,6,252 80 16 21 188 40 84 75
layer_37.bin,none,0,8,92 244 240 214 156 226 110 119
layer_38.bin,none,3,5,120 43 132 136 88 37 177 156
layer_39.bin,none,3,5,175 127 5 226 166 255 109 209
layer_00.bin,none,3,5,210 14 93 228 240 50 241 84
layer_01.bin,none,5,3,128 118 16 195 58 252 233 124
layer_02.bin,none,8,0,49 217 188 60 11 92 150 133
layer_03.bin,none,7,1,159 219 189 30 25 119 225 11
layer_04.bin,none,7,1,98 94 154 112 54 192 88 165
layer_05.bin,none,7,1,2 194 110 251 158 136 188 153
layer_06.bin,none,8,0,65 14 138 52 79 143 43 98
layer_07.bin,none,8,0,229 35 142 171 76 181 185 78
layer_08.bin,none,7,1,116 184 224 159 61 173 207 133
layer_09.bin,none,5,3,104 156 98 198 197 59 9 84
layer_10.bin,none,4,4,196 122 157 247 9 185 199 101
layer_11.bin,none,8,0,145 3 153 239 27 111 78 107
layer_12.bin,none,7,1,193 60 16 39 191 169 199 189
layer_13.bin,none,7,1,154 243 3 149 138 20 74 182
layer_14.bin,none,6,2,125 229 51 52 167 189 47 137
layer_15.bin,none,7,1,162 148 165 248 58 243 45 204
layer_16.bin,none,7,1,205 245 252 170 28 134 93 57
layer_17.bin,none,5,3,15 241 158 89 236 142 226 248
layer_18.bin,none,6,2,155 226 192 203 69 100 201 199
layer_19.bin,none,6,2,75 226 30 51 19 221 201 228
layer_20.bin,none,8,0,159 116 175 23 237 224 133 72
layer_21.bin,none,4,4,156 155 127 207 120 171 151 71
layer_22.bin,none,3,5,215 247 157 185 9 211 122 82
layer_23.bin,none,5,3,239 107 111 145 153 181 66 78
layer_24.bin,none,8,0,208 145 254 199 164 16 1 193
layer_25.bin,none,7,1,138 243 78 149 255 154 20 212
layer_26.bin,none,7,1,137 88 52 229 28 54 217 51
layer_27.bin,none,5,3,242 162 153 248 58 204 149 233
layer_28.bin,none,8,0,205 152 252 170 93 163 51 150
layer_29.bin,none,7,1,241 15 20 248 158 89 142 166
layer_30.bin,none,8,0,155 226 203 201 192 43 176 126
layer_31.bin,none,6,2,75 226 173 51 30 201 204 221
layer_32.bin,none,7,1,150 19 178 146 195 68 47 162
layer_33.bin,none,6,2,74 72 75 37 97 81 198 127
layer_34.bin,none,5,3,63 255 212 251 105 21 181 141
layer_35.bin,none,6,2,43 136 84 104 197 167 22 244
layer_36.bin,none,4,4,234 221 69 74 129 158 214 176
layer_37.bin,none,4,4,58 124 92 28 21 145 205 126
layer_38.bin,none,5,3,120 87 92 209 47 22 212 173
layer_39.bin,none,6,2,23 189 16 2 175 106 68 166
layer_00.bin,none,4,4,139 192 72 211 223 191 13 28
layer_01.bin,none,5,3,98 48 153 245 171 33 234 16
layer_02.bin,none,6,2,120 108 193 3 253 106 129 123
layer_03.bin,none,6,2,188 199 159 197 232 19 25 11
layer_04.bin,none,6,2,154 192 58 250 195 123 2 213
layer_05.bin,none,5,3,24 250 63 218 153 251 149 165
layer_06.bin,none,3,5,128 226 172 250 59 14 84 168
layer_07.bin,none,4,4,32 35 14 229 38 185 120 184
layer_08.bin,none,8,0,224 220 61 133 16 23 4 164
layer_09.bin,none,5,3,54 161 189 198 197 243 41 207
layer_10.bin,none,4,4,92 73 165 211 122 196 91 81
layer_11.bin,none,2,6,154 106 3 47 218 19 85 160
layer_12.bin,none,4,4,193 84 208 60 134 147 194 39
layer_13.bin,none,6,2,66 44 74 154 151 20 89 99
layer_14.bin,none,6,2,189 6 125 61 28 103 137 51
layer_15.bin,none,5,3,250 148 203 243 242 165 88 45
layer_16.bin,none,5,3,252 28 161 46 150 51 134 205
layer_17.bin,none,6,2,15 17 241 108 158 198 64 226
layer_18.bin,none,5,3,155 203 93 13 177 126 94 193
layer_19.bin,none,6,2,75 226 144 201 173 199 30 114
layer_20.bin,none,7,1,237 224 191 23 220 72 185 56
layer_21.bin,none,4,4,155 47 54 197 26 198 58 95
layer_22.bin,none,4,4,91 211 122 247 92 44 73 182
layer_23.bin,none,2,6,154 181 107 106 93 19 228 137
layer_24.bin,none,7,1,1 84 145 216 199 167 254 208
layer_25.bin,none,4,4,20 151 32 66 127 137 221 149
layer_26.bin,none,7,1,137 28 189 54 52 109 211 103
layer_27.bin,none,5,3,242 204 54 162 233 116 217 71
layer_28.bin,none,6,2,152 161 205 150 170 252 130 138
layer_29.bin,none,4,4,241 158 214 20 62 201 17 230
layer_30.bin,none,6,2,203 155 130 226 192 197 115 177
layer_31.bin,none,6,2,144 226 75 247 30 201 121 145
layer_32.bin,none,5,3,19 123 14 85 235 47 206 150
layer_33.bin,none,5,3,84 72 74 139 225 81 40 177
layer_34.bin,none,5,3,11 48 63 105 18 191 251 185
layer_35.bin,none,6,2,114 43 244 86 135 214 136 36
layer_36.bin,none,6,2,44 125 26 129 106 214 48 74
layer_37.bin,none,6,2,58 28 48 219 162 21 14 57
layer_38.bin,none,8,0,120 92 47 132 209 79 87 84
layer_39.bin,none,5,3,189 44 2 197 99 242 77 78
layer_00.bin,none,4,4,13 188 124 199 155 204 144 174
layer_01.bin,none,5,3,251 111 3 239 245 232 33 16
layer_02.bin,none,4,4,200 120 31 15 212 3 108 253
layer_03.bin,none,6,2,197 199 25 159 137 19 28 166
layer_04.bin,none,5,3,192 154 148 44 146 51 121 221
layer_05.bin,none,5,3,250 251 218 236 27 165 2 144
layer_06.bin,none,5,3,59 128 56 84 172 49 14 107
layer_07.bin,none,8,0,32 35 14 120 229 108 49 171
layer_08.bin,none,6,2,224 220 61 237 98 222 133 23
layer_09.bin,none,6,2,54 161 198 227 197 189 47 41
layer_10.bin,none,8,0,211 81 165 122 91 196 234 242
layer_11.bin,none,7,1,85 3 106 160 59 19 89 47
layer_12.bin,none,5,3,193 208 199 39 175 60 186 104
layer_13.bin,none,8,0,44 151 66 20 243 99 74 154
layer_14.bin,none,7,1,28 125 61 189 52 47 103 64
layer_15.bin,none,7,1,250 148 243 88 165 242 233 162
layer_16.bin,none,7,1,252 150 28 190 46 185 166 205
layer_17.bin,none,7,1,15 17 241 108 226 158 248 201
layer_18.bin,none,7,1,155 203 177 126 93 115 13 250
layer_19.bin,none,7,1,75 226 201 30 173 114 195 84
layer_20.bin,none,7,1,237 224 191 185 11 203 50 220
layer_21.bin,none,5,3,155 209 26 198 248 171 136 113
layer_22.bin,none,6,2,211 122 91 44 247 157 242 151
layer_23.bin,none,7,1,85 106 107 220 181 93 193 228
layer_24.bin,none,6,2,216 199 1 175 145 224 254 100
layer_25.bin,none,7,1,20 32 204 243 44 255 151 209
layer_26.bin,none,6,2,28 137 86 52 189 54 47 12
layer_27.bin,none,7,1,242 162 149 204 153 217 165 54
layer_28.bin,none,7,1,152 150 252 205 213 166 170 163
layer_29.bin,none,6,2,241 20 158 201 15 21 166 226
layer_30.bin,none,7,1,155 197 250 203 226 161 201 192
layer_31.bin,none,7,1,75 201 20 195 30 191 167 36
layer_32.bin,none,6,2,19 123 146 12 235 192 76 128
layer_33.bin,none,6,2,72 189 74 56 75 139 95 32
layer_34.bin,none,8,0,105 1 191 195 63 249 72 185
layer_35.bin,none,6,2,43 136 185 174 86 106 97 183
layer_36.bin,none,7,1,106 125 75 186 19 221 73 165
layer_37.bin,none,5,3,205 229 61 16 108 66 126 175
layer_38.bin,none,5,3,0 193 87 120 35 252 62 209
layer_39.bin,none,3,5,107 106 197 179 235 225 105 247
layer_00.bin,none,1,7,79 35 34 101 179 197 48 30
layer_01.bin,none,5,3,155 62 97 16 146 47 75 107
layer_02.bin,none,5,3,120 84 90 109 210 200 43 17
layer_03.bin,none,5,3,37 236 230 199 26 118 166 148
layer_04.bin,none,7,1,15 154 102 200 54 222 241 142
layer_05.bin,none,8,0,158 250 236 43 188 218 165 205
layer_06.bin,none,7,1,14 157 79 84 133 196 172 56
layer_07.bin,none,7,1,14 23 229 171 35 36 184 147
layer_08.bin,none,6,2,237 116 184 61 4 35 239 110
layer_09.bin,none,8,0,203 197 161 59 29 2 198 47
layer_10.bin,none,8,0,196 211 157 247 122 198 185 65
layer_11.bin,none,8,0,107 111 128 19 160 42 145 206
layer_12.bin,none,7,1,60 193 220 128 199 254 39 1
layer_13.bin,none,8,0,154 74 182 134 32 44 89 202
layer_14.bin,none,8,0,125 137 189 47 32 103 28 51
layer_15.bin,none,8,0,243 148 165 242 58 204 162 238
layer_16.bin,none,7,1,134 60 28 252 202 51 35 150
layer_17.bin,none,8,0,198 87 0 250 89 241 15 248
layer_18.bin,none,6,2,197 155 43 134 226 203 204 170
layer_19.bin,none,8,0,20 109 36 226 116 30 167 56
layer_20.bin,none,8,0,237 239 116 99 224 23 133 180
layer_21.bin,none,7,1,203 2 171 26 197 155 47 243
layer_22.bin,none,8,0,247 176 198 125 243 185 65 157
layer_23.bin,none,7,1,128 107 206 106 160 111 150 47
layer_24.bin,none,7,1,145 199 193 235 254 220 85 192
layer_25.bin,none,6,2,134 32 182 138 20 171 185 154
layer_26.bin,none,8,0,88 137 86 229 103 47 52 12
layer_27.bin,none,5,3,165 172 242 87 162 181 58 4
layer_28.bin,none,7,1,150 152 75 163 43 229 252 205
layer_29.bin,none,6,2,87 0 241 15 250 20 124 5
layer_30.bin,none,7,1,155 197 43 163 161 201 170 195
layer_31.bin,none,6,2,20 36 75 109 205 121 4 167
layer_32.bin,none,7,1,192 252 90 150 53 98 134 112
layer_33.bin,none,8,0,126 92 72 184 164 127 83 32
layer_34.bin,none,6,2,26 1 85 116 96 91 113 132
layer_35.bin,none,8,0,84 72 57 42 174 135 160 86
layer_36.bin,none,5,3,221 75 83 45 2 103 70 222
layer_37.bin,none,6,2,72 65 182 200 144 88 138 219
layer_38.bin,none,5,3,193 151 91 177 73 182 140 209
layer_39.bin,none,7,1,228 173 222 162 237 10 2 106
layer_00.bin,none,4,4,141 81 235 115 208 192 221 253
layer_01.bin,none,6,2,62 155 217 182 146 152 11 70
layer_02.bin,none,7,1,95 109 106 217 10 128 153 167
layer_03.bin,none,6,2,117 119 219 37 158 199 237 236
layer_04.bin,none,7,1,54 165 102 222 95 142 58 154
layer_05.bin,none,6,2,43 135 158 90 188 65 110 107
layer_06.bin,none,8,0,138 14 133 65 79 196 143 157
layer_07.bin,none,8,0,229 23 78 117 184 14 191 123
layer_08.bin,none,8,0,116 99 239 224 237 104 133 98
layer_09.bin,none,7,1,116 255 191 59 171 2 161 243
layer_10.bin,none,7,1,65 247 125 185 157 196 243 88
layer_11.bin,none,7,1,160 128 206 108 150 107 57 19
layer_12.bin,none,8,0,254 145 93 199 220 60 193 208
layer_13.bin,none,8,0,154 182 66 74 89 44 134 149
layer_14.bin,none,7,1,189 125 137 47 103 32 229 88
layer_15.bin,none,8,0,243 148 165 242 58 185 195 204
layer_16.bin,none,7,1,134 60 202 28 51 75 35 252
layer_17.bin,none,7,1,198 0 89 87 211 250 241 37
layer_18.bin,none,7,1,43 134 155 163 197 127 33 203
layer_19.bin,none,8,0,116 20 36 121 56 109 19 167
layer_20.bin,none,7,1,237 116 99 239 224 173 15 133
layer_21.bin,none,3,5,116 255 161 191 2 117 169 200
layer_22.bin,none,8,0,176 125 247 65 243 185 150 36
layer_23.bin,none,5,3,193 160 206 128 9 150 86 254
layer_24.bin,none,6,2,145 235 85 193 151 93 199 134
layer_25.bin,none,8,0,182 154 89 134 32 185 44 78
layer_26.bin,none,6,2,88 17 47 137 103 149 214 86
layer_27.bin,none,7,1,181 165 242 4 87 58 147 31
layer_28.bin,none,7,1,150 75 43 93 152 238 203 252
layer_29.bin,none,5,3,0 87 16 250 76 124 5 144
layer_30.bin,none,8,0,195 43 163 161 134 13 182 197
layer_31.bin,none,8,0,20 116 36 75 154 109 121 167
layer_32.bin,none,7,1,252 112 119 33 53 90 223 160
layer_33.bin,none,5,3,184 210 92 93 16 43 129 127
layer_34.bin,none,7,1,85 82 26 1 133 231 132 92
layer_35.bin,none,7,1,42 84 135 57 72 204 160 174
layer_36.bin,none,6,2,83 221 222 75 192 20 22 70
layer_37.bin,none,7,1,182 138 39 88 72 104 229 244
layer_38.bin,none,6,2,151 64 120 27 209 193 125 168
layer_39.bin,none,4,4,186 154 162 190 108 106 217 19
layer_00.bin,none,3,5,38 167 54 238 193 112 94 30
layer_01.bin,none,5,3,140 62 217 182 122 152 105 117
layer_02.bin,none,5,3,217 121 11 106 153 167 127 173
layer_03.bin,none,4,4,91 128 34 26 35 199 230 117
layer_04.bin,none,4,4,205 54 90 163 6 129 58 24
layer_05.bin,none,5,3,65 152 218 205 182 188 71 154
layer_06.bin,none,5,3,65 31 138 14 22 69 122 196
layer_07.bin,none,8,0,229 49 117 32 185 14 123 145
layer_08.bin,none,8,0,99 180 224 133 164 4 239 116
layer_09.bin,none,6,2,255 116 239 161 191 2 59 170
layer_10.bin,none,8,0,125 65 157 247 196 243 185 88
layer_11.bin,none,6,2,160 206 19 39 128 150 108 86
layer_12.bin,none,7,1,134 145 151 221 208 93 128 193
layer_13.bin,none,7,1,74 182 66 103 154 32 134 78
layer_14.bin,none,8,0,189 137 28 103 125 47 64 167
layer_15.bin,none,8,0,148 242 165 243 58 87 244 185
layer_16.bin,none,6,2,60 134 61 252 28 35 43 238
layer_17.bin,none,8,0,198 89 0 87 241 64 5 37
layer_18.bin,none,7,1,43 163 134 197 170 203 155 13
layer_19.bin,none,6,2,116 166 20 121 36 109 56 57
layer_20.bin,none,6,2,237 99 239 133 224 116 41 137
layer_21.bin,none,7,1,239 116 191 2 255 161 197 164
layer_22.bin,none,8,0,125 247 65 157 243 176 185 198
layer_23.bin,none,6,2,19 128 86 206 107 39 160 111
layer_24.bin,none,6,2,145 151 85 93 193 220 54 34
layer_25.bin,none,6,2,103 182 134 32 78 138 105 185
layer_26.bin,none,6,2,86 88 137 149 57 103 52 226
layer_27.bin,none,8,0,172 165 162 242 58 87 31 181
layer_28.bin,none,7,1,152 43 150 252 61 229 238 205
layer_29.bin,none,8,0,5 87 0 20 250 171 241 248
layer_30.bin,none,8,0,155 197 163 170 43 201 226 203
layer_31.bin,none,7,1,116 20 109 167 166 75 205 30
layer_32.bin,none,8,0,119 223 90 178 252 134 192 53
layer_33.bin,none,7,1,32 83 93 72 92 129 86 220
layer_34.bin,none,8,0,186 1 82 26 132 85 113 105
layer_35.bin,none,8,0,84 57 42 235 72 36 167 160
layer_36.bin,none,6,2,70 83 153 74 120 20 158 196
layer_37.bin,none,6,2,58 124 229 64 219 115 105 182
layer_38.bin,none,6,2,151 92 148 252 254 159 168 18
layer_39.bin,none,4,4,189 2 217 235 38 237 95 248
layer_00.bin,none,6,2,238 112 140 43 200 95 173 30
layer_01.bin,none,7,1,62 217 146 140 155 70 182 33
layer_02.bin,none,7,1,217 11 121 72 106 167 43 49
layer_03.bin,none,6,2,117 236 26 230 199 233 226 194
layer_04.bin,none,5,3,54 58 245 45 165 61 24 205
layer_05.bin,none,8,0,43 90 188 135 65 205 158 182
layer_06.bin,none,6,2,65 14 157 138 182 122 143 15
layer_07.bin,none,5,3,229 70 117 49 23 78 111 22
layer_08.bin,none,7,1,173 239 35 99 116 179 237 180
layer_09.bin,none,6,2,171 191 113 255 197 180 59 2
layer_10.bin,none,7,1,125 157 88 211 196 247 39 65
layer_11.bin,none,5,3,19 39 181 111 224 42 239 47
layer_12.bin,none,7,1,193 220 151 16 93 154 134 3
layer_13.bin,none,7,1,149 44 103 112 138 134 212 182
layer_14.bin,none,7,1,52 86 125 47 229 189 71 51
layer_15.bin,none,3,5,162 172 165 46 36 166 148 213
layer_16.bin,none,4,4,181 231 252 243 134 174 170 205
layer_17.bin,none,7,1,5 241 226 20 89 64 79 87
layer_18.bin,none,8,0,197 126 170 155 203 204 176 43
layer_19.bin,none,4,4,75 109 226 51 204 229 167 191
layer_20.bin,none,7,1,239 237 133 191 35 72 175 23
layer_21.bin,none,7,1,116 191 203 207 209 210 171 180
layer_22.bin,none,6,2,236 247 157 88 65 91 125 243
layer_23.bin,none,7,1,181 39 106 107 111 239 42 47
layer_24.bin,none,6,2,154 193 220 93 145 3 39 16
layer_25.bin,none,5,3,138 32 112 206 134 219 6 93
layer_26.bin,none,7,1,86 118 54 137 52 88 51 67
layer_27.bin,none,7,1,162 172 165 206 228 120 139 181
layer_28.bin,none,8,0,43 152 150 72 170 51 252 61
layer_29.bin,none,8,0,5 89 20 1 248 87 250 241
layer_30.bin,none,6,2,170 197 155 176 139 226 91 71
layer_31.bin,none,7,1,167 109 226 59 122 30 137 20
layer_32.bin,none,7,1,223 119 178 47 90 158 98 134
layer_33.bin,none,7,1,83 81 190 32 72 86 74 93
layer_34.bin,none,7,1,116 1 186 252 132 21 33 34
layer_35.bin,none,6,2,167 36 235 202 218 224 244 57
layer_36.bin,none,6,2,70 129 188 153 74 181 68 158
layer_37.bin,none,6,2,58 124 22 229 64 67 143 115
layer_38.bin,none,6,2,92 148 118 127 71 212 94 151
layer_39.bin,none,8,0,2 248 38 189 69 70 78 217
layer_00.bin,none,6,2,200 88 67 238 140 95 43 112
layer_01.bin,none,5,3,140 192 181 33 47 146 70 152
layer_02.bin,none,7,1,49 153 11 8 72 43 188 20
layer_03.bin,none,6,2,106 236 117 226 233 199 150 224
layer_04.bin,none,6,2,193 54 165 235 58 199 45 90
layer_05.bin,none,6,2,135 43 110 47 188 230 90 158
layer_06.bin,none,5,3,65 14 122 193 143 237 173 137
layer_07.bin,none,3,5,78 176 229 47 117 180 144 57
layer_08.bin,none,6,2,237 116 239 179 104 52 93 111
layer_09.bin,none,5,3,69 122 171 180 113 84 45 169
layer_10.bin,none,7,1,76 157 247 88 177 196 125 65
layer_11.bin,none,8,0,239 181 39 143 111 19 224 160
layer_12.bin,none,3,5,169 16 62 113 104 232 213 254
layer_13.bin,none,6,2,44 251 103 3 149 255 112 118
layer_14.bin,none,4,4,71 52 207 31 142 229 125 159
layer_15.bin,none,6,2,228 72 183 132 70 165 147 127
layer_16.bin,none,6,2,39 243 61 174 229 177 252 144
layer_17.bin,none,6,2,64 226 89 33 115 69 248 175
layer_18.bin,none,5,3,13 155 199 52 37 111 170 77
layer_19.bin,none,7,1,229 75 173 35 137 30 221 122
layer_20.bin,none,6,2,237 72 148 195 104 191 175 73
layer_21.bin,none,6,2,69 113 207 122 136 210 209 180
layer_22.bin,none,4,4,157 116 29 203 115 210 44 247
layer_23.bin,none,6,2,39 181 162 121 239 188 111 108
layer_24.bin,none,6,2,113 145 39 192 243 151 3 24
layer_25.bin,none,5,3,138 13 206 204 219 130 103 185
layer_26.bin,none,5,3,54 86 52 110 118 107 137 215
layer_27.bin,none,5,3,46 228 172 206 153 233 162 116
layer_28.bin,none,7,1,152 61 160 43 39 150 252 170
layer_29.bin,none,7,1,5 158 89 20 1 248 241 26
layer_30.bin,none,8,0,170 226 192 155 176 201 91 44
layer_31.bin,none,8,0,166 122 167 226 137 59 212 30
layer_32.bin,none,6,2,223 60 178 47 206 158 119 255
layer_33.bin,none,5,3,74 83 81 32 229 72 40 33
layer_34.bin,none,6,2,82 116 1 213 34 186 49 132
layer_35.bin,none,7,1,244 224 36 167 214 202 84 183
layer_36.bin,none,7,1,129 70 188 74 153 239 68 158
layer_37.bin,none,6,2,104 58 124 147 57 21 22 64
layer_38.bin,none,8,0,27 92 148 79 118 127 94 212
layer_39.bin,none,4,4,110 243 38 78 12 70 242 69
layer_00.bin,none,6,2,124 199 236 70 151 31 191 139
layer_01.bin,none,6,2,124 33 245 211 118 224 49 193
layer_02.bin,none,6,2,3 188 49 193 60 11 77 84
layer_03.bin,none,7,1,159 25 199 56 30 177 197 225
layer_04.bin,none,6,2,200 154 192 88 121 70 195 250
layer_05.bin,none,7,1,251 81 236 27 115 136 158 165
layer_06.bin,none,6,2,14 157 65 148 209 133 137 79
layer_07.bin,none,8,0,120 32 35 229 36 245 47 185
layer_08.bin,none,7,1,224 133 72 61 220 98 151 23
layer_09.bin,none,7,1,198 243 189 161 197 20 207 54
layer_10.bin,none,7,1,165 157 9 242 91 122 234 232
layer_11.bin,none,5,3,85 111 59 47 194 239 3 225
layer_12.bin,none,7,1,16 39 208 193 3 210 145 104
layer_13.bin,none,7,1,199 219 20 149 154 44 66 151
layer_14.bin,none,6,2,53 54 189 52 28 0 167 140
layer_15.bin,none,6,2,162 233 149 204 238 148 172 206
layer_16.bin,none,8,0,190 252 46 88 170 28 152 205
layer_17.bin,none,7,1,20 241 158 15 248 108 78 89
layer_18.bin,none,7,1,201 250 203 155 126 197 176 130
layer_19.bin,none,7,1,75 226 30 167 148 201 173 137
layer_20.bin,none,6,2,224 35 72 191 239 23 133 3
layer_21.bin,none,4,4,156 207 243 198 151 232 212 103
layer_22.bin,none,6,2,157 247 9 242 91 165 215 187
layer_23.bin,none,6,2,85 107 106 111 47 181 188 99
layer_24.bin,none,7,1,3 220 43 145 16 39 192 100
layer_25.bin,none,7,1,219 202 32 20 204 112 138 206
layer_26.bin,none,6,2,86 54 52 53 118 67 137 155
layer_27.bin,none,7,1,172 162 242 217 206 204 153 121
layer_28.bin,none,7,1,152 163 150 170 72 88 205 111
layer_29.bin,none,5,3,20 89 248 242 241 17 1 18
layer_30.bin,none,8,0,197 250 176 201 155 71 139 91
layer_31.bin,none,5,3,167 229 30 226 59 228 137 151
layer_32.bin,none,6,2,123 19 47 235 85 159 68 192
layer_33.bin,none,6,2,95 72 181 74 56 139 205 229
layer_34.bin,none,5,3,1 191 252 72 240 63 185 56
layer_35.bin,none,7,1,43 191 235 129 167 218 185 36
layer_36.bin,none,7,1,188 26 248 153 70 74 125 165
layer_37.bin,none,6,2,58 229 163 143 126 175 67 115
layer_38.bin,none,6,2,0 92 101 148 143 147 191 118
layer_39.bin,none,4,4,189 197 248 235 190 169 223 129
layer_00.bin,none,4,4,35 34 101 79 197 95 140 67
layer_01.bin,none,8,0,16 47 107 97 155 62 146 70
layer_02.bin,none,5,3,20 90 75 84 200 36 46 253
layer_03.bin,none,4,4,236 211 26 230 37 129 148 190
layer_04.bin,none,5,3,200 15 241 105 54 102 61 142
layer_05.bin,none,6,2,43 220 236 188 90 158 69 251
layer_06.bin,none,6,2,14 182 133 157 65 79 196 42
layer_07.bin,none,7,1,36 229 23 35 47 204 120 185
layer_08.bin,none,7,1,239 35 237 57 61 110 179 116
layer_09.bin,none,7,1,203 197 180 198 169 161 119 47
layer_10.bin,none,6,2,157 88 196 177 247 182 167 91
layer_11.bin,none,5,3,107 81 42 239 106 111 47 112
layer_12.bin,none,6,2,193 16 220 43 3 39 104 5
layer_13.bin,none,5,3,112 138 3 44 2 29 204 219
layer_14.bin,none,7,1,52 71 125 54 0 244 47 8
layer_15.bin,none,6,2,172 213 162 36 228 165 243 148
layer_16.bin,none,5,3,243 92 54 174 252 181 28 152
layer_17.bin,none,7,1,5 89 20 241 248 242 226 64
layer_18.bin,none,8,0,170 176 197 126 155 13 201 192
layer_19.bin,none,6,2,75 229 167 51 199 122 30 233
layer_20.bin,none,8,0,237 239 72 191 133 23 195 175
layer_21.bin,none,7,1,203 113 207 180 171 232 155 228
layer_22.bin,none,3,5,247 115 236 116 88 126 157 240
layer_23.bin,none,6,2,39 107 181 188 204 106 172 228
layer_24.bin,none,5,3,43 154 70 16 3 39 145 232
layer_25.bin,none,7,1,219 13 206 138 204 93 112 202
layer_26.bin,none,7,1,54 118 204 86 64 107 137 214
layer_27.bin,none,6,2,172 228 206 147 126 150 213 139
layer_28.bin,none,4,4,152 72 54 165 243 96 61 130
layer_29.bin,none,8,0,5 89 248 1 242 69 241 17
layer_30.bin,none,8,0,176 170 71 91 44 197 155 201
layer_31.bin,none,7,1,229 59 199 122 167 137 88 148
layer_32.bin,none,5,3,98 47 158 223 255 149 50 247
layer_33.bin,none,3,5,126 72 190 244 107 81 232 136
layer_34.bin,none,7,1,116 252 56 1 10 51 33 236
layer_35.bin,none,8,0,167 129 235 218 202 36 14 22
layer_36.bin,none,6,2,70 188 152 181 153 248 246 68
layer_37.bin,none,8,0,163 58 67 143 22 124 64 219
layer_38.bin,none,6,2,148 92 127 118 101 71 30 212
layer_39.bin,none,6,2,2 248 189 38 92 69 70 1
layer_00.bin,none,4,4,144 188 92 147 186 236 172 66
layer_01.bin,none,7,1,198 193 124 211 33 128 118 170
layer_02.bin,none,6,2,92 188 86 150 84 11 255 217
layer_03.bin,none,7,1,25 225 159 199 148 177 11 113
layer_04.bin,none,7,1,94 98 192 154 112 152 88 195
layer_05.bin,none,5,3,153 251 165 158 194 218 62 155
layer_06.bin,none,5,3,126 79 92 36 52 171 59 14
layer_07.bin,none,8,0,185 181 36 120 35 245 76 32
layer_08.bin,none,8,0,133 72 224 107 23 220 16 148
layer_09.bin,none,8,0,207 161 198 44 73 156 229 1
layer_10.bin,none,7,1,207 165 234 132 91 187 81 111
layer_11.bin,none,7,1,153 255 130 107 3 204 147 98
layer_12.bin,none,6,2,39 145 208 16 116 65 3 219
layer_13.bin,none,6,2,219 93 66 210 13 212 3 45
layer_14.bin,none,8,0,167 52 54 57 125 64 106 189
layer_15.bin,none,8,0,248 147 4 213 242 204 54 165
layer_16.bin,none,6,2,252 243 46 170 28 80 230 51
layer_17.bin,none,6,2,89 20 115 236 64 230 35 1
layer_18.bin,none,8,0,126 69 192 177 176 155 203 91
layer_19.bin,none,8,0,229 75 226 233 30 35 122 221
layer_20.bin,none,6,2,133 72 23 191 107 224 65 233
layer_21.bin,none,5,3,207 156 229 215 120 73 1 198
layer_22.bin,none,7,1,9 0 187 207 247 165 156 116
layer_23.bin,none,6,2,153 130 15 107 60 99 204 225
layer_24.bin,none,5,3,39 106 3 16 94 145 154 125
layer_25.bin,none,6,2,219 13 210 93 66 200 130 206
layer_26.bin,none,6,2,54 118 67 204 197 64 159 214
layer_27.bin,none,6,2,248 213 147 206 153 215 114 225
layer_28.bin,none,7,1,152 54 72 230 243 210 130 117
layer_29.bin,none,4,4,89 236 1 65 248 103 242 238
layer_30.bin,none,7,1,69 176 13 91 155 44 139 45
layer_31.bin,none,5,3,229 233 122 59 132 221 88 51
layer_32.bin,none,6,2,195 146 47 255 6 68 50 199
layer_33.bin,none,8,0,189 97 217 37 94 72 136 81
layer_34.bin,none,4,4,212 255 54 19 187 181 90 10
layer_35.bin,none,6,2,36 167 202 49 14 129 44 71
layer_36.bin,none,6,2,234 8 0 188 153 158 10 119
layer_37.bin,none,2,6,124 165 68 185 152 207 250 86
layer_38.bin,none,5,3,233 16 93 22 222 191 212 115
layer_39.bin,none,3,5,23 68 16 225 235 165 224 76
layer_00.bin,none,4,4,136 14 241 78 15 56 228 131
layer_01.bin,none,3,5,234 40 209 96 57 134 228 193
layer_02.bin,none,4,4,39 36 197 209 106 19 1 226
layer_03.bin,none,5,3,75 173 166 162 255 150 246 179
layer_04.bin,none,5,3,253 89 195 159 229 98 28 156
layer_05.bin,none,6,2,153 174 159 32 251 68 79 155
layer_06.bin,none,3,5,36 230 199 53 171 177 209 77
layer_07.bin,none,8,0,185 245 175 47 81 49 35 221
layer_08.bin,none,8,0,72 148 157 133 195 107 23 224
layer_09.bin,none,7,1,1 99 207 189 229 251 44 86
layer_10.bin,none,8,0,116 132 12 68 234 156 187 217
layer_11.bin,none,6,2,64 204 42 60 12 32 111 254
layer_12.bin,none,7,1,116 161 39 163 18 208 73 157
layer_13.bin,none,8,0,212 45 42 219 83 47 93 58
layer_14.bin,none,7,1,204 54 244 125 112 44 29 214
layer_15.bin,none,7,1,147 228 98 227 92 235 139 165
layer_16.bin,none,8,0,172 160 51 74 117 247 40 229
layer_17.bin,none,7,1,69 233 185 152 44 1 64 95
layer_18.bin,none,7,1,176 138 77 224 37 92 146 137
layer_19.bin,none,7,1,212 122 75 180 35 95 154 115
layer_20.bin,none,7,1,195 72 148 22 133 23 240 59
layer_21.bin,none,6,2,1 99 128 193 117 228 207 122
layer_22.bin,none,5,3,149 126 160 12 68 147 217 148
layer_23.bin,none,6,2,204 32 80 63 64 215 239 51
layer_24.bin,none,5,3,163 87 125 73 69 239 89 200
layer_25.bin,none,7,1,45 83 212 42 130 202 13 229
layer_26.bin,none,6,2,204 54 142 90 214 248 200 166
layer_27.bin,none,6,2,147 98 139 228 227 82 26 255
layer_28.bin,none,8,0,247 74 117 160 130 172 183 126
layer_29.bin,none,6,2,185 1 248 69 60 150 152 35
layer_30.bin,none,7,1,176 72 44 13 155 199 77 111
layer_31.bin,none,8,0,122 207 229 212 35 132 221 148
layer_32.bin,none,7,1,224 197 47 255 50 63 133 6
layer_33.bin,none,7,1,63 156 72 136 81 18 217 71
layer_34.bin,none,7,1,152 54 213 181 246 10 247 188
layer_35.bin,none,5,3,36 129 167 14 202 39 210 196
layer_36.bin,none,7,1,251 239 153 188 24 158 10 245
layer_37.bin,none,5,3,50 165 124 219 80 185 176 96
layer_38.bin,none,4,4,146 212 77 16 31 49 112 175
layer_39.bin,none,1,7,85 134 45 177 13 53 22 67
layer_00.bin,none,4,4,134 81 36 254 208 191 139 222
layer_01.bin,none,4,4,254 51 193 149 9 101 89 48
layer_02.bin,none,4,4,223 39 182 184 158 216 36 115
layer_03.bin,none,5,3,36 167 69 199 196 212 154 56
layer_04.bin,none,7,1,195 28 175 233 253 140 160 90
layer_05.bin,none,7,1,153 60 77 251 120 58 50 110
layer_06.bin,none,6,2,171 12 168 177 227 76 210 209
layer_07.bin,none,8,0,175 185 38 245 120 35 81 76
layer_08.bin,none,8,0,133 148 72 23 63 16 224 123
layer_09.bin,none,8,0,1 44 251 229 207 161 255 99
layer_10.bin,none,6,2,59 132 146 156 116 20 119 165
layer_11.bin,none,4,4,60 141 37 71 201 204 231 70
layer_12.bin,none,7,1,208 116 145 163 39 166 189 161
layer_13.bin,none,7,1,212 19 13 93 45 219 47 42
layer_14.bin,none,6,2,204 214 167 96 54 44 198 106
layer_15.bin,none,6,2,12 147 95 4 195 133 169 243
layer_16.bin,none,6,2,53 59 102 160 112 252 72 80
layer_17.bin,none,6,2,89 152 62 185 1 35 226 214
layer_18.bin,none,4,4,138 91 229 219 139 43 207 66
layer_19.bin,none,6,2,212 47 173 122 247 75 48 197
layer_20.bin,none,8,0,133 23 148 72 224 195 220 71
layer_21.bin,none,6,2,1 251 229 207 44 255 137 194
layer_22.bin,none,4,4,59 156 12 146 20 132 116 136
layer_23.bin,none,5,3,141 71 60 70 37 204 107 157
layer_24.bin,none,6,2,166 163 189 145 157 39 254 167
layer_25.bin,none,7,1,42 13 93 212 0 145 78 210
layer_26.bin,none,5,3,214 204 166 64 175 196 249 106
layer_27.bin,none,6,2,12 35 147 242 195 98 153 95
layer_28.bin,none,6,2,53 72 243 152 59 130 102 247
layer_29.bin,none,8,0,89 185 62 1 152 242 248 60
layer_30.bin,none,7,1,44 72 151 176 66 13 91 139
layer_31.bin,none,8,0,247 229 212 59 122 88 207 85
layer_32.bin,none,6,2,144 173 47 14 151 255 235 6
layer_33.bin,none,6,2,47 84 136 72 143 81 68 11
layer_34.bin,none,4,4,103 128 18 152 67 166 11 108
layer_35.bin,none,6,2,129 36 97 14 9 235 167 58
layer_36.bin,none,4,4,44 153 188 76 9 73 12 171
layer_37.bin,none,4,4,34 51 163 80 179 109 232 86
layer_38.bin,none,4,4,242 254 16 245 93 65 143 98
layer_39.bin,none,5,3,219 174 106 235 22 99 77 93
layer_00.bin,none,6,2,211 62 70 174 151 134 231 75
layer_01.bin,none,3,5,235 193 254 69 49 107 102 141
layer_02.bin,none,3,5,80 3 66 158 111 153 156 241
layer_03.bin,none,6,2,109 79 227 243 75 196 212 166
layer_04.bin,none,8,0,28 175 253 121 134 195 44 221
layer_05.bin,none,7,1,153 251 60 50 58 159 19 151
layer_06.bin,none,6,2,12 210 171 36 79 196 100 26
layer_07.bin,none,8,0,175 245 185 38 81 57 75 142
layer_08.bin,none,8,0,195 72 133 148 123 23 224 107
layer_09.bin,none,8,0,44 229 1 207 99 161 86 189
layer_10.bin,none,6,2,242 12 132 146 126 217 116 138
layer_11.bin,none,7,1,218 204 32 44 60 220 37 150
layer_12.bin,none,8,0,157 208 116 161 3 39 50 176
layer_13.bin,none,8,0,212 13 45 19 47 219 93 130
layer_14.bin,none,8,0,204 54 253 214 44 125 160 189
layer_15.bin,none,6,2,147 98 235 133 195 28 155 228
layer_16.bin,none,8,0,190 172 117 102 160 72 252 53
layer_17.bin,none,8,0,1 69 233 20 185 44 62 21
layer_18.bin,none,6,2,176 72 44 126 138 77 91 204
layer_19.bin,none,8,0,122 85 212 75 88 59 229 35
layer_20.bin,none,7,1,195 148 72 133 23 121 191 107
layer_21.bin,none,5,3,207 229 1 44 141 193 98 228
layer_22.bin,none,8,0,242 12 132 156 124 116 122 126
layer_23.bin,none,8,0,218 204 60 107 220 70 59 222
layer_24.bin,none,6,2,157 39 3 116 11 50 70 20
layer_25.bin,none,7,1,13 42 210 45 219 130 212 19
layer_26.bin,none,8,0,204 54 166 214 64 196 118 175
layer_27.bin,none,5,3,28 147 139 155 169 128 98 49
layer_28.bin,none,7,1,190 152 243 102 72 117 130 147
layer_29.bin,none,6,2,21 1 185 89 88 125 222 242
layer_30.bin,none,6,2,44 176 63 91 232 155 151 250
layer_31.bin,none,7,1,229 59 85 122 88 228 137 95
layer_32.bin,none,5,3,123 47 76 18 179 255 254 6
layer_33.bin,none,8,0,95 139 11 143 136 72 81 68
layer_34.bin,none,7,1,240 72 44 67 10 252 238 220
layer_35.bin,none,8,0,129 235 167 202 36 191 148 97
layer_36.bin,none,7,1,142 188 26 227 115 49 153 39
layer_37.bin,none,7,1,78 163 22 27 124 64 123 115
layer_38.bin,none,6,2,119 127 80 118 215 93 169 254
layer_39.bin,none,2,6,122 244 158 165 179 253 169 98
layer_00.bin,none,2,6,117 226 233 11 171 96 128 93
layer_01.bin,none,2,6,107 120 133 66 169 193 13 81
layer_02.bin,none,3,5,253 169 20 254 80 208 149 224
layer_03.bin,none,2,6,91 119 221 188 75 148 171 170
layer_04.bin,none,4,4,8 119 55 152 139 253 228 89
layer_05.bin,none,7,1,61 153 27 251 58 194 50 159
layer_06.bin,none,4,4,90 12 79 126 40 196 76 154
layer_07.bin,none,7,1,181 185 131 36 78 108 75 32
layer_08.bin,none,6,2,72 112 52 164 107 212 57 148
layer_09.bin,none,5,3,178 207 161 120 206 44 198 19
layer_10.bin,none,7,1,163 12 132 207 40 116 196 234
layer_11.bin,none,4,4,18 142 107 255 247 60 85 14
layer_12.bin,none,6,2,43 39 67 157 3 134 116 106
layer_13.bin,none,7,1,219 200 210 74 66 47 93 3
layer_14.bin,none,6,2,54 166 52 38 107 244 88 204
layer_15.bin,none,4,4,213 99 147 241 92 4 86 168
layer_16.bin,none,5,3,243 54 149 174 147 252 143 72
layer_17.bin,none,6,2,198 242 89 35 115 226 243 236
layer_18.bin,none,6,2,6 176 126 44 131 77 13 155
layer_19.bin,none,7,1,229 75 199 233 137 35 221 59
layer_20.bin,none,6,2,112 72 237 148 195 65 23 42
layer_21.bin,none,5,3,178 207 136 99 206 215 228 1
layer_22.bin,none,5,3,163 116 247 207 124 29 44 151
layer_23.bin,none,4,4,142 107 18 204 247 5 130 145
layer_24.bin,none,2,6,43 3 113 39 106 67 146 22
layer_25.bin,none,6,2,13 100 210 209 200 219 202 208
layer_26.bin,none,7,1,54 166 118 204 67 248 244 154
layer_27.bin,none,4,4,99 213 139 206 228 147 241 100
layer_28.bin,none,7,1,54 243 183 72 152 63 165 130
layer_29.bin,none,7,1,69 236 1 218 248 89 241 2
layer_30.bin,none,7,1,176 44 71 77 6 225 91 155
layer_31.bin,none,7,1,229 95 199 240 221 59 137 228
layer_32.bin,none,4,4,89 17 47 6 31 7 247 221
layer_33.bin,none,4,4,105 244 72 107 136 81 214 215
layer_34.bin,none,3,5,81 12 252 56 10 58 208 236
layer_35.bin,none,6,2,132 129 167 202 235 14 218 0
layer_36.bin,none,6,2,253 188 152 246 158 157 186 28
layer_37.bin,none,5,3,163 158 219 161 135 67 22 64
layer_38.bin,none,5,3,9 30 127 234 254 101 118 195
layer_39.bin,none,2,6,246 250 1 248 203 92 127 201
layer_00.bin,none,4,4,144 210 62 92 234 186 111 155
layer_01.bin,none,3,5,95 193 198 195 83 217 109 52
layer_02.bin,none,5,3,92 150 13 159 253 86 84 158
layer_03.bin,none,6,2,177 56 155 201 225 199 39 148
layer_04.bin,none,6,2,94 134 8 133 98 152 28 43
layer_05.bin,none,8,0,60 58 251 61 111 153 110 115
layer_06.bin,none,6,2,12 92 125 154 235 98 119 76
layer_07.bin,none,8,0,245 181 185 175 142 75 32 108
layer_08.bin,none,7,1,72 148 22 16 198 133 224 19
layer_09.bin,none,8,0,99 1 44 207 120 100 229 221
layer_10.bin,none,6,2,116 207 178 9 132 99 182 165
layer_11.bin,none,7,1,153 145 97 32 3 137 60 130
layer_12.bin,none,5,3,21 116 208 3 10 238 222 38
layer_13.bin,none,8,0,13 45 83 219 183 212 47 162
layer_14.bin,none,7,1,204 54 248 44 212 67 90 132
layer_15.bin,none,8,0,147 248 227 235 145 139 228 90
layer_16.bin,none,7,1,230 183 54 172 243 191 102 72
layer_17.bin,none,8,0,69 233 8 1 226 115 236 2
layer_18.bin,none,7,1,176 77 69 117 44 91 113 155
layer_19.bin,none,7,1,229 221 59 212 95 35 75 157
layer_20.bin,none,6,2,22 72 148 159 144 198 23 130
layer_21.bin,none,7,1,99 1 100 207 228 63 44 248
layer_22.bin,none,8,0,207 0 116 9 44 250 124 60
layer_23.bin,none,6,2,153 15 145 130 204 107 134 176
layer_24.bin,none,5,3,106 20 69 87 22 8 125 116
layer_25.bin,none,8,0,13 210 200 209 208 83 162 183
layer_26.bin,none,7,1,54 248 64 67 204 166 58 78
layer_27.bin,none,7,1,248 139 241 206 90 145 126 138
layer_28.bin,none,7,1,243 230 54 183 152 185 63 130
layer_29.bin,none,6,2,65 236 69 2 102 1 151 98
layer_30.bin,none,7,1,176 69 45 64 131 44 225 77
layer_31.bin,none,7,1,95 233 229 240 51 221 59 137
layer_32.bin,none,5,3,146 195 7 6 199 194 86 247
layer_33.bin,none,7,1,75 94 97 37 136 189 72 57
layer_34.bin,none,6,2,212 187 19 255 54 247 10 206
layer_35.bin,none,4,4,49 129 202 77 181 56 66 16
layer_36.bin,none,7,1,8 234 188 119 0 157 28 226
layer_37.bin,none,1,7,219 176 102 202 250 207 247 25
layer_38.bin,none,4,4,22 230 191 93 128 241 252 205
layer_39.bin,none,6,2,16 23 68 146 223 173 10 22
layer_00.bin,none,0,8,181 82 107 251 39 68 83 246
layer_01.bin,none,4,4,40 183 222 166 8 234 96 209
layer_02.bin,none,1,7,169 191 209 238 241 229 67 2
layer_03.bin,none,1,7,4 100 105 217 41 232 173 65
layer_04.bin,none,4,4,89 134 7 211 156 135 20 255
layer_05.bin,none,6,2,174 159 111 32 250 255 134 215
layer_06.bin,none,3,5,145 230 12 254 37 53 11 124
layer_07.bin,none,6,2,195 245 30 142 175 185 194 75
layer_08.bin,none,8,0,22 72 148 133 19 53 23 198
layer_09.bin,none,5,3,99 1 225 100 63 127 201 15
layer_10.bin,none,5,3,68 116 61 43 250 29 22 254
layer_11.bin,none,6,2,64 97 56 42 204 134 61 83
layer_12.bin,none,5,3,10 116 202 185 196 229 21 139
layer_13.bin,none,6,2,162 45 212 83 164 136 208 4
layer_14.bin,none,8,0,248 54 212 115 132 204 44 21
layer_15.bin,none,6,2,90 227 64 145 138 92 146 139
layer_16.bin,none,6,2,191 112 74 245 234 183 141 24
layer_17.bin,none,7,1,69 196 217 2 152 51 26 210
layer_18.bin,none,5,3,77 176 146 55 224 32 108 40
layer_19.bin,none,6,2,133 212 54 237 95 115 94 127
layer_20.bin,none,6,2,22 72 148 135 144 240 199 150
layer_21.bin,none,7,1,99 1 100 15 214 225 128 121
layer_22.bin,none,5,3,251 160 250 68 60 131 96 159
layer_23.bin,none,5,3,80 61 241 17 64 163 72 51
layer_24.bin,none,7,1,149 10 87 198 105 246 102 69
layer_25.bin,none,6,2,162 83 183 26 164 227 229 4
layer_26.bin,none,5,3,248 21 212 115 54 125 166 168
layer_27.bin,none,6,2,139 221 168 138 227 90 0 145
layer_28.bin,none,6,2,63 14 191 183 174 144 113 23
layer_29.bin,none,7,1,69 150 26 2 34 51 165 242
layer_30.bin,none,7,1,176 55 13 34 105 131 199 44
layer_31.bin,none,5,3,237 229 148 14 154 95 191 48
layer_32.bin,none,6,2,224 7 197 230 31 51 133 199
layer_33.bin,none,6,2,201 179 156 136 72 57 67 217
layer_34.bin,none,3,5,217 49 247 213 10 169 192 98
layer_35.bin,none,6,2,224 84 129 202 115 181 56 34
layer_36.bin,none,4,4,255 119 188 24 235 73 31 32
layer_37.bin,none,6,2,219 50 165 7 247 89 158 102
layer_38.bin,none,4,4,146 230 128 211 72 205 43 140
layer_39.bin,none,6,2,10 85 177 13 235 198 22 67
layer_00.bin,none,2,6,254 24 109 208 163 151 47 191
layer_01.bin,none,1,7,236 27 231 226 69 35 208 150
layer_02.bin,none,4,4,221 193 224 223 95 120 240 191
layer_03.bin,none,6,2,167 163 243 242 36 173 87 224
layer_04.bin,none,5,3,134 175 243 233 28 132 178 206
layer_05.bin,none,4,4,77 60 95 58 75 13 64 145
layer_06.bin,none,4,4,195 233 12 168 152 32 227 11
layer_07.bin,none,6,2,245 6 30 175 142 81 185 252
layer_08.bin,none,7,1,72 63 22 148 121 133 16 145
layer_09.bin,none,7,1,1 99 44 128 32 134 100 221
layer_10.bin,none,6,2,146 217 131 116 254 250 233 20
layer_11.bin,none,7,1,97 37 83 204 237 56 32 134
layer_12.bin,none,7,1,50 208 38 10 185 116 196 13
layer_13.bin,none,7,1,13 212 0 185 162 83 19 136
layer_14.bin,none,7,1,54 17 248 212 21 115 113 225
layer_15.bin,none,8,0,147 92 227 138 64 12 100 139
layer_16.bin,none,8,0,59 183 102 234 112 172 53 191
layer_17.bin,none,6,2,69 60 4 51 152 226 2 10
layer_18.bin,none,6,2,176 209 77 116 66 146 32 111
layer_19.bin,none,6,2,48 47 83 212 99 55 35 247
layer_20.bin,none,7,1,72 22 148 144 23 133 53 204
layer_21.bin,none,5,3,99 32 128 0 100 1 86 68
layer_22.bin,none,3,5,60 146 250 20 109 233 124 135
layer_23.bin,none,3,5,70 61 37 97 71 204 56 164
layer_24.bin,none,7,1,50 87 166 116 89 246 55 98
layer_25.bin,none,6,2,0 13 83 71 162 130 208 5
layer_26.bin,none,6,2,248 54 196 78 212 17 115 21
layer_27.bin,none,6,2,12 139 35 100 147 134 86 90
layer_28.bin,none,7,1,59 243 183 63 53 234 102 191
layer_29.bin,none,4,4,4 69 19 2 9 60 165 10
layer_30.bin,none,6,2,176 116 143 151 66 44 34 209
layer_31.bin,none,6,2,83 229 99 85 47 95 157 247
layer_32.bin,none,4,4,144 26 173 28 14 140 7 92
layer_33.bin,none,3,5,47 72 136 250 203 4 19 137
layer_34.bin,none,3,5,166 94 18 128 163 73 11 108
layer_35.bin,none,4,4,9 129 187 121 97 0 176 117
layer_36.bin,none,5,3,44 31 73 188 126 32 16 76
layer_37.bin,none,3,5,109 110 102 160 77 55 66 95
layer_38.bin,none,3,5,242 254 252 62 112 100 78 143
layer_39.bin,none,4,4,219 99 10 77 132 67 26 6
layer_00.bin,none,4,4,159 211 116 174 151 13 239 69
layer_01.bin,none,2,6,80 141 69 23 236 235 239 253
layer_02.bin,none,2,6,111 224 184 148 132 154 12 240
layer_03.bin,none,3,5,119 131 111 40 255 216 252 9
layer_04.bin,none,7,1,134 221 148 243 175 101 28 121
layer_05.bin,none,4,4,60 77 164 111 19 58 83 231
layer_06.bin,none,5,3,233 12 125 145 149 32 161 228
layer_07.bin,none,8,0,245 30 185 246 175 38 75 81
layer_08.bin,none,8,0,72 22 121 63 133 148 16 23
layer_09.bin,none,7,1,1 44 99 100 221 225 134 0
layer_10.bin,none,5,3,242 137 146 191 61 250 60 116
layer_11.bin,none,5,3,220 97 174 83 134 218 201 222
layer_12.bin,none,8,0,208 185 50 116 38 10 196 21
layer_13.bin,none,8,0,83 13 19 212 185 45 162 47
layer_14.bin,none,6,2,54 115 248 204 212 105 201 57
layer_15.bin,none,8,0,227 147 145 138 90 183 228 139
layer_16.bin,none,7,1,183 102 172 59 190 69 112 144
layer_17.bin,none,8,0,21 69 226 150 233 60 2 185
layer_18.bin,none,7,1,176 141 77 64 250 117 146 209
layer_19.bin,none,7,1,85 48 95 83 35 99 41 191
layer_20.bin,none,6,2,22 72 121 148 144 240 23 108
layer_21.bin,none,8,0,99 248 44 1 100 0 128 15
layer_22.bin,none,6,2,250 242 137 251 179 146 207 124
layer_23.bin,none,6,2,201 220 218 204 70 97 174 54
layer_24.bin,none,6,2,50 11 20 185 3 87 116 119
layer_25.bin,none,7,1,13 210 101 83 71 183 19 0
layer_26.bin,none,8,0,54 248 196 204 64 58 118 115
layer_27.bin,none,6,2,28 139 206 145 147 154 90 156
layer_28.bin,none,7,1,102 243 193 183 152 72 63 190
layer_29.bin,none,6,2,21 88 69 1 62 2 98 151
layer_30.bin,none,6,2,162 151 63 64 77 131 91 176
layer_31.bin,none,6,2,229 59 34 85 88 95 28 137
layer_32.bin,none,6,2,123 86 179 140 6 47 109 125
layer_33.bin,none,5,3,95 136 36 102 139 104 81 132
layer_34.bin,none,7,1,238 44 240 10 73 94 108 206
layer_35.bin,none,7,1,190 148 129 202 74 167 187 16
layer_36.bin,none,7,1,227 188 115 147 142 26 157 158
layer_37.bin,none,7,1,78 15 22 27 229 95 115 64
layer_38.bin,none,6,2,215 139 119 251 127 118 230 254
layer_39.bin,none,3,5,158 72 122 231 36 70 244 129
layer_00.bin,none,6,2,78 234 223 211 4 62 162 13
layer_01.bin,none,2,6,72 193 66 202 123 162 141 3
layer_02.bin,none,2,6,107 228 110 207 93 92 158 212
layer_03.bin,none,3,5,154 16 243 249 159 157 9 23
layer_04.bin,none,5,3,134 239 180 164 28 152 53 175
layer_05.bin,none,6,2,60 153 67 23 251 81 58 254
layer_06.bin,none,8,0,114 12 125 102 43 168 32 26
layer_07.bin,none,6,2,185 245 19 175 142 81 96 30
layer_08.bin,none,7,1,148 47 22 72 133 98 16 85
layer_09.bin,none,7,1,99 1 207 134 229 68 44 100
layer_10.bin,none,6,2,116 233 250 109 146 117 132 178
layer_11.bin,none,5,3,97 37 83 204 231 10 137 141
layer_12.bin,none,7,1,10 116 202 50 229 139 55 208
layer_13.bin,none,8,0,13 45 83 212 0 162 208 180
layer_14.bin,none,8,0,44 248 54 204 132 115 212 21
layer_15.bin,none,5,3,147 138 79 227 90 178 145 3
layer_16.bin,none,6,2,191 138 234 112 82 56 183 228
layer_17.bin,none,6,2,69 8 49 1 4 152 126 196
layer_18.bin,none,6,2,77 66 108 176 91 130 83 118
layer_19.bin,none,7,1,247 115 59 48 212 60 88 191
layer_20.bin,none,8,0,148 72 47 22 23 53 98 133
layer_21.bin,none,8,0,99 207 1 44 32 229 100 15
layer_22.bin,none,7,1,116 233 250 17 124 132 146 122
layer_23.bin,none,4,4,37 70 209 116 204 146 134 201
layer_24.bin,none,7,1,50 55 116 39 20 238 119 69
layer_25.bin,none,7,1,13 0 130 208 222 45 219 183
layer_26.bin,none,7,1,44 196 54 248 204 96 64 160
layer_27.bin,none,3,5,79 35 178 139 206 228 130 3
layer_28.bin,none,5,3,243 193 152 102 219 138 191 228
layer_29.bin,none,5,3,4 49 88 69 78 1 213 35
layer_30.bin,none,6,2,77 108 151 66 130 162 232 91
layer_31.bin,none,7,1,157 247 34 229 59 83 137 183
layer_32.bin,none,6,2,120 248 140 92 28 179 144 47
layer_33.bin,none,5,3,133 5 132 181 176 54 104 250
layer_34.bin,none,4,4,166 5 227 249 80 44 15 238
layer_35.bin,none,6,2,136 176 74 190 106 129 96 202
layer_36.bin,none,3,5,17 21 138 143 115 32 227 124
layer_37.bin,none,1,7,110 214 92 25 207 152 243 53
layer_38.bin,none,3,5,156 87 185 191 222 254 24 18
layer_39.bin,none,2,6,251 50 5 167 209 22 255 235
layer_00.bin,none,2,6,209 52 198 247 220 240 93 136
layer_01.bin,none,4,4,72 3 202 13 251 143 71 179
layer_02.bin,none,3,5,93 83 107 63 35 208 253 252
layer_03.bin,none,6,2,154 243 173 211 159 166 201 206
layer_04.bin,none,7,1,134 180 164 239 152 43 28 123
layer_05.bin,none,7,1,153 251 60 67 58 210 23 81
layer_06.bin,none,7,1,12 114 125 102 209 43 26 228
layer_07.bin,none,8,0,142 245 185 30 19 81 175 5
layer_08.bin,none,7,1,148 72 22 133 98 66 224 121
layer_09.bin,none,7,1,99 207 1 44 68 229 121 134
layer_10.bin,none,8,0,116 233 61 250 178 207 132 117
layer_11.bin,none,6,2,97 204 174 201 37 83 60 251
layer_12.bin,none,7,1,116 10 208 39 202 21 65 38
layer_13.bin,none,8,0,13 45 47 219 83 212 210 183
layer_14.bin,none,5,3,44 54 204 248 203 161 156 167
layer_15.bin,none,7,1,147 3 79 138 71 227 206 228
layer_16.bin,none,7,1,138 102 183 243 189 172 53 72
layer_17.bin,none,8,0,69 8 115 1 64 20 89 226
layer_18.bin,none,6,2,66 77 176 13 108 151 91 113
layer_19.bin,none,8,0,229 35 247 59 75 48 137 30
layer_20.bin,none,6,2,148 72 121 133 191 23 32 142
layer_21.bin,none,7,1,207 44 161 99 1 23 248 0
layer_22.bin,none,4,4,116 124 70 233 137 26 132 168
layer_23.bin,none,5,3,201 116 70 107 204 50 252 174
layer_24.bin,none,7,1,39 50 3 238 116 20 22 55
layer_25.bin,none,7,1,13 210 130 219 222 101 0 97
layer_26.bin,none,6,2,54 118 64 95 96 196 44 243
layer_27.bin,none,6,2,72 130 228 139 79 206 131 3
layer_28.bin,none,6,2,243 193 102 152 210 236 219 151
layer_29.bin,none,7,1,21 88 49 1 94 69 98 62
layer_30.bin,none,8,0,162 232 176 225 77 91 64 131
layer_31.bin,none,8,0,229 59 95 88 34 122 183 137
layer_32.bin,none,4,4,125 179 140 6 47 75 46 254
layer_33.bin,none,6,2,5 133 132 90 162 75 136 32
layer_34.bin,none,5,3,5 44 238 227 20 205 10 98
layer_35.bin,none,7,1,129 190 74 148 235 248 202 0
layer_36.bin,none,6,2,227 115 32 75 25 76 165 39
layer_37.bin,none,4,4,95 169 226 16 78 54 65 114
layer_38.bin,none,4,4,169 18 254 191 61 62 115 96
layer_39.bin,none,4,4,231 117 167 235 80 164 179 22
layer_00.bin,none,0,8,123 196 249 229 105 216 7 160
layer_01.bin,none,5,3,231 27 225 150 155 11 93 244
layer_02.bin,none,2,6,210 227 158 103 4 109 17 0
layer_03.bin,none,1,7,187 133 31 37 152 84 235 231
layer_04.bin,none,5,3,13 102 142 214 236 108 167 222
layer_05.bin,none,3,5,186 104 193 153 6 151 204 161
layer_06.bin,none,6,2,167 154 125 153 196 79 12 107
layer_07.bin,none,6,2,185 36 29 108 199 23 81 245
layer_08.bin,none,7,1,72 234 57 52 107 148 133 89
layer_09.bin,none,6,2,29 94 44 207 161 99 228 131
layer_10.bin,none,6,2,130 169 198 137 207 124 132 247
layer_11.bin,none,5,3,189 107 174 255 204 185 145 14
layer_12.bin,none,6,2,39 116 63 160 65 26 238 15
layer_13.bin,none,8,0,219 47 13 43 130 210 66 45
layer_14.bin,none,7,1,64 54 44 137 124 167 160 51
layer_15.bin,none,7,1,147 165 81 162 213 155 242 3
layer_16.bin,none,5,3,243 5 252 32 189 170 196 51
layer_17.bin,none,6,2,115 64 20 226 89 172 35 61
layer_18.bin,none,5,3,57 13 126 77 176 187 179 50
layer_19.bin,none,4,4,75 130 229 30 191 72 79 183
layer_20.bin,none,6,2,191 237 72 234 148 203 56 142
layer_21.bin,none,5,3,29 94 207 164 248 161 177 44
layer_22.bin,none,4,4,198 169 70 124 130 116 167 113
layer_23.bin,none,4,4,189 107 174 243 233 162 50 172
layer_24.bin,none,2,6,63 74 3 26 160 15 39 253
layer_25.bin,none,5,3,210 43 13 147 130 35 206 134
layer_26.bin,none,6,2,118 124 137 20 86 51 54 148
layer_27.bin,none,5,3,72 228 81 200 162 23 191 139
layer_28.bin,none,5,3,133 5 43 243 152 213 151 210
layer_29.bin,none,5,3,172 76 250 87 1 69 127 91
layer_30.bin,none,6,2,179 187 44 225 105 91 176 64
layer_31.bin,none,7,1,130 205 109 59 4 88 229 122
layer_32.bin,none,4,4,98 99 247 178 254 47 186 230
layer_33.bin,none,3,5,126 86 72 238 215 28 183 77
layer_34.bin,none,3,5,84 96 62 252 207 108 10 130
layer_35.bin,none,4,4,203 235 194 195 134 231 222 0
layer_36.bin,none,4,4,25 165 75 102 224 237 3 186
layer_37.bin,none,5,3,65 160 61 123 144 226 96 54
layer_38.bin,none,4,4,18 117 191 182 166 254 159 184
layer_39.bin,none,5,3,228 168 6 81 235 22 173 10
layer_00.bin,none,3,5,141 235 115 190 221 253 47 81
layer_01.bin,none,5,3,155 93 244 182 11 46 197 68
layer_02.bin,none,4,4,10 145 103 57 34 109 93 123
layer_03.bin,none,6,2,119 187 174 118 117 37 190 235
layer_04.bin,none,6,2,236 214 142 222 95 102 67 108
layer_05.bin,none,7,1,43 193 90 47 158 188 135 186
layer_06.bin,none,7,1,153 79 196 138 167 60 215 143
layer_07.bin,none,7,1,36 23 29 229 185 117 64 147
layer_08.bin,none,8,0,116 57 234 52 180 239 133 99
layer_09.bin,none,6,2,116 191 161 164 197 94 59 9
layer_10.bin,none,6,2,198 169 130 247 196 167 36 125
layer_11.bin,none,6,2,107 189 160 128 233 193 206 255
layer_12.bin,none,8,0,74 39 134 93 63 65 193 128
layer_13.bin,none,8,0,134 147 66 210 43 93 154 74
layer_14.bin,none,8,0,137 51 64 88 167 125 160 54
layer_15.bin,none,8,0,148 162 165 147 4 243 242 204
layer_16.bin,none,8,0,243 174 252 134 51 5 28 170
layer_17.bin,none,8,0,198 64 226 20 250 35 89 87
layer_18.bin,none,7,1,13 179 126 155 131 43 187 57
layer_19.bin,none,8,0,75 109 116 229 191 56 72 195
layer_20.bin,none,6,2,237 191 234 239 179 137 56 99
layer_21.bin,none,7,1,116 126 191 29 164 171 94 197
layer_22.bin,none,6,2,247 198 167 169 136 36 151 125
layer_23.bin,none,7,1,189 162 172 193 243 107 128 86
layer_24.bin,none,6,2,74 93 63 3 113 26 15 85
layer_25.bin,none,8,0,134 147 43 206 32 210 130 78
layer_26.bin,none,8,0,51 118 86 137 88 148 124 211
layer_27.bin,none,6,2,162 200 81 72 181 232 31 165
layer_28.bin,none,7,1,43 133 5 134 152 151 210 213
layer_29.bin,none,7,1,87 76 172 250 57 0 241 20
layer_30.bin,none,6,2,163 179 201 187 155 226 104 37
layer_31.bin,none,6,2,116 109 205 20 12 4 89 191
layer_32.bin,none,6,2,178 223 119 181 90 252 131 53
layer_33.bin,none,6,2,93 83 129 32 231 86 39 74
layer_34.bin,none,7,1,82 132 113 96 1 130 199 231
layer_35.bin,none,5,3,27 96 160 72 84 140 133 203
layer_36.bin,none,4,4,222 165 29 25 224 191 75 232
layer_37.bin,none,3,5,229 24 54 133 160 245 77 202
layer_38.bin,none,3,5,184 140 239 182 64 197 117 241
layer_39.bin,none,4,4,186 235 190 91 162 237 6 81
layer_00.bin,none,2,6,38 167 54 193 238 112 94 44
layer_01.bin,none,2,6,46 47 105 122 137 58 140 188
layer_02.bin,none,6,2,128 10 121 158 20 179 145 103
layer_03.bin,none,6,2,26 230 233 117 119 118 210 143
layer_04.bin,none,2,6,81 145 144 245 163 67 91 0
layer_05.bin,none,5,3,43 188 90 158 109 248 145 135
layer_06.bin,none,4,4,60 215 143 131 173 138 179 140
layer_07.bin,none,2,6,54 229 117 176 52 70 22 207
layer_08.bin,none,6,2,239 116 104 237 73 10 175 57
layer_09.bin,none,3,5,126 171 191 116 113 30 224 56
layer_10.bin,none,4,4,167 157 151 115 182 36 183 219
layer_11.bin,none,3,5,233 181 133 112 224 47 162 81
layer_12.bin,none,2,6,212 93 144 113 44 104 62 214
layer_13.bin,none,5,3,33 44 3 6 138 251 149 142
layer_14.bin,none,4,4,147 86 57 125 52 53 244 41
layer_15.bin,none,4,4,162 191 213 46 127 184 168 70
layer_16.bin,none,5,3,156 243 151 174 252 134 152 182
layer_17.bin,none,3,5,5 20 226 110 57 242 160 166
layer_18.bin,none,6,2,131 128 176 126 226 203 192 93
layer_19.bin,none,6,2,229 75 120 72 12 226 122 109
layer_20.bin,none,7,1,239 133 72 191 104 116 148 23
layer_21.bin,none,7,1,191 116 126 207 120 155 248 198
layer_22.bin,none,4,4,161 157 236 247 248 238 167 136
layer_23.bin,none,4,4,140 181 111 121 36 47 188 39
layer_24.bin,none,5,3,93 154 113 3 39 41 253 193
layer_25.bin,none,5,3,6 138 206 33 32 142 204 212
layer_26.bin,none,7,1,118 54 52 86 204 147 67 96
layer_27.bin,none,5,3,162 233 228 206 204 46 1 169
layer_28.bin,none,7,1,43 156 152 72 170 61 150 51
layer_29.bin,none,8,0,5 1 20 158 57 89 230 69
layer_30.bin,none,6,2,226 192 91 128 117 225 201 139
layer_31.bin,none,7,1,59 12 167 122 120 88 226 137
layer_32.bin,none,6,2,223 47 178 119 206 181 158 132
layer_33.bin,none,5,3,74 83 72 93 81 73 40 190
layer_34.bin,none,6,2,116 186 1 82 34 246 21 213
layer_35.bin,none,7,1,167 36 244 202 224 214 84 14
layer_36.bin,none,7,1,129 70 188 153 158 74 68 181
layer_37.bin,none,7,1,58 62 229 104 124 22 163 219
layer_38.bin,none,2,6,252 197 147 43 72 236 62 8
layer_39.bin,none,5,3,238 95 201 223 67 237 235 169
layer_00.bin,none,6,2,238 140 112 43 173 200 95 58
layer_01.bin,none,6,2,46 47 137 188 249 181 140 155
layer_02.bin,none,4,4,20 121 140 72 217 165 186 10
layer_03.bin,none,6,2,117 233 119 103 26 230 150 118
layer_04.bin,none,5,3,145 193 245 144 120 174 163 58
layer_05.bin,none,4,4,145 106 220 239 158 255 42 43
layer_06.bin,none,3,5,230 211 254 199 124 225 176 118
layer_07.bin,none,6,2,142 245 175 47 221 81 88 136
layer_08.bin,none,6,2,148 72 22 53 133 233 195 194
layer_09.bin,none,7,1,99 1 63 207 68 225 229 168
layer_10.bin,none,5,3,43 61 250 116 23 176 240 78
layer_11.bin,none,4,4,239 42 82 58 181 56 45 187
layer_12.bin,none,6,2,10 116 202 229 88 21 139 146
layer_13.bin,none,5,3,45 162 34 83 212 136 4 173
layer_14.bin,none,7,1,248 44 204 212 54 115 21 173
layer_15.bin,none,8,0,90 227 64 147 138 92 228 145
layer_16.bin,none,7,1,191 234 74 112 228 172 24 169
layer_17.bin,none,7,1,69 196 152 217 210 51 2 1
layer_18.bin,none,6,2,77 224 146 108 176 225 40 17
layer_19.bin,none,6,2,115 212 133 95 114 127 79 192
layer_20.bin,none,7,1,148 22 72 240 23 195 53 85
layer_21.bin,none,6,2,99 1 225 128 15 136 68 252
layer_22.bin,none,6,2,160 250 217 108 149 96 60 132
layer_23.bin,none,5,3,80 61 117 17 98 51 82 252
layer_24.bin,none,6,2,10 87 91 69 161 116 246 165
layer_25.bin,none,6,2,45 83 162 212 58 67 227 208
layer_26.bin,none,7,1,248 204 115 132 54 166 58 44
layer_27.bin,none,6,2,147 227 145 90 139 228 92 86
layer_28.bin,none,3,5,191 74 112 36 172 66 169 228
layer_29.bin,none,6,2,69 150 51 1 2 34 10 158
layer_30.bin,none,4,4,77 172 44 146 180 31 176 105
layer_31.bin,none,6,2,212 154 94 148 191 238 95 166
layer_32.bin,none,4,4,127 223 178 218 206 66 255 175
layer_33.bin,none,6,2,74 72 81 32 190 40 77 22
layer_34.bin,none,7,1,116 246 34 213 10 46 1 15
layer_35.bin,none,7,1,36 244 167 202 224 183 14 96
layer_36.bin,none,7,1,129 188 70 153 68 158 245 239
layer_37.bin,none,5,3,104 58 22 147 219 115 57 158
layer_38.bin,none,7,1,92 148 27 118 127 79 252 12
layer_39.bin,none,5,3,238 243 38 78 70 2 242 46
layer_00.bin,none,5,3,88 67 200 140 238 95 206 173
layer_01.bin,none,6,2,47 181 46 192 140 152 118 33
layer_02.bin,none,3,5,197 20 82 21 62 165 160 186
layer_03.bin,none,6,2,233 106 117 150 119 103 76 174
layer_04.bin,none,5,3,193 62 120 235 58 20 114 92
layer_05.bin,none,4,4,230 145 85 239 220 43 160 248
layer_06.bin,none,3,5,118 199 193 98 96 89 97 81
layer_07.bin,none,6,2,241 195 145 47 136 52 194 155
layer_08.bin,none,8,0,239 72 148 133 195 237 175 19
layer_09.bin,none,5,3,53 210 1 99 200 122 171 126
layer_10.bin,none,3,5,215 115 76 22 231 167 145 240
layer_11.bin,none,6,2,181 239 187 162 42 143 51 41
layer_12.bin,none,5,3,88 102 62 116 113 91 24 213
layer_13.bin,none,6,2,83 45 212 162 171 208 130 5
layer_14.bin,none,8,0,204 54 248 212 113 44 132 29
layer_15.bin,none,7,1,227 147 228 235 145 90 134 139
layer_16.bin,none,7,1,160 74 172 183 117 112 39 25
layer_17.bin,none,7,1,69 233 152 1 2 217 226 98
layer_18.bin,none,5,3,77 176 241 152 225 171 117 224
layer_19.bin,none,8,0,133 54 212 122 95 115 59 88
layer_20.bin,none,8,0,22 148 72 195 135 240 85 23
layer_21.bin,none,7,1,99 1 225 100 177 243 68 232
layer_22.bin,none,7,1,251 160 250 26 149 132 131 168
layer_23.bin,none,5,3,80 241 194 117 121 61 239 215
layer_24.bin,none,7,1,198 149 116 148 89 246 10 239
layer_25.bin,none,7,1,83 162 183 2 221 45 138 130
layer_26.bin,none,7,1,248 163 212 54 44 115 200 21
layer_27.bin,none,7,1,228 139 90 227 0 134 104 147
layer_28.bin,none,5,3,183 178 15 160 63 243 176 117
layer_29.bin,none,7,1,69 158 1 2 98 127 5 26
layer_30.bin,none,8,0,225 192 44 226 91 201 64 45
layer_31.bin,none,6,2,59 122 166 88 120 95 139 137
layer_32.bin,none,7,1,223 60 47 178 255 206 158 236
layer_33.bin,none,6,2,74 81 72 190 41 83 40 33
layer_34.bin,none,7,1,82 116 213 34 246 1 10 97
layer_35.bin,none,8,0,244 36 167 224 214 202 183 14
layer_36.bin,none,8,0,129 70 188 153 239 158 68 24
layer_37.bin,none,8,0,104 58 22 124 147 103 21 57
layer_38.bin,none,8,0,27 92 148 118 127 79 12 212
layer_39.bin,none,6,2,110 243 38 70 12 78 242 69
layer_00.bin,none,4,4,124 236 155 144 191 59 72 4
layer_01.bin,none,5,3,60 124 193 245 118 49 33 211
layer_02.bin,none,7,1,60 193 3 49 217 11 158 219
layer_03.bin,none,6,2,197 199 159 25 11 243 30 218
layer_04.bin,none,6,2,192 154 200 121 90 70 88 43
layer_05.bin,none,8,0,251 136 153 218 60 165 115 43
layer_06.bin,none,6,2,14 79 183 161 157 125 43 143
layer_07.bin,none,7,1,228 32 185 36 120 229 171 35
layer_08.bin,none,8,0,224 16 133 72 151 148 98 23
layer_09.bin,none,6,2,207 161 197 254 1 99 81 73
layer_10.bin,none,7,1,165 81 132 122 234 157 111 226
layer_11.bin,none,4,4,47 10 111 85 59 218 194 15
layer_12.bin,none,6,2,3 208 116 191 39 250 186 193
layer_13.bin,none,5,3,93 219 212 66 6 20 168 151
layer_14.bin,none,8,0,165 53 54 204 52 67 189 125
layer_15.bin,none,6,2,227 147 204 233 248 149 250 92
layer_16.bin,none,7,1,160 252 190 183 152 181 230 46
layer_17.bin,none,7,1,20 158 230 1 126 93 69 226
layer_18.bin,none,6,2,250 176 203 201 135 69 175 117
layer_19.bin,none,7,1,122 59 75 88 226 85 229 22
layer_20.bin,none,6,2,72 148 195 133 35 224 23 1
layer_21.bin,none,8,0,254 1 243 207 99 229 156 232
layer_22.bin,none,7,1,157 122 132 111 161 9 242 247
layer_23.bin,none,5,3,194 85 10 47 111 121 59 195
layer_24.bin,none,5,3,116 250 3 220 191 193 39 126
layer_25.bin,none,6,2,155 6 212 204 183 13 145 93
layer_26.bin,none,6,2,204 86 118 54 52 73 165 53
layer_27.bin,none,8,0,172 1 28 227 169 233 162 204
layer_28.bin,none,7,1,152 190 160 183 72 163 181 47
layer_29.bin,none,6,2,1 21 20 158 93 98 132 19
layer_30.bin,none,8,0,197 201 250 225 91 117 226 64
layer_31.bin,none,7,1,59 167 88 95 151 229 157 122
layer_32.bin,none,6,2,19 146 12 47 236 123 235 31
layer_33.bin,none,5,3,56 139 72 74 205 181 189 61
layer_34.bin,none,6,2,191 195 1 10 72 121 73 252
layer_35.bin,none,8,0,235 129 14 43 36 185 167 202
layer_36.bin,none,6,2,26 119 188 124 125 153 142 248
layer_37.bin,none,8,0,58 22 115 229 163 95 175 16
layer_38.bin,none,6,2,92 0 118 72 127 70 35 143
layer_39.bin,none,2,6,189 197 44 99 129 122 6 138
layer_00.bin,none,0,8,197 101 35 34 179 48 9 79
layer_01.bin,none,6,2,47 146 97 155 16 62 107 151
layer_02.bin,none,3,5,24 39 125 94 128 169 43 146
layer_03.bin,none,6,2,166 26 230 233 236 226 211 150
layer_04.bin,none,5,3,200 102 15 245 90 61 144 241
layer_05.bin,none,7,1,43 220 188 90 236 251 202 222
layer_06.bin,none,6,2,182 14 157 133 79 196 143 135
layer_07.bin,none,7,1,36 228 185 221 171 47 112 229
layer_08.bin,none,8,0,239 35 57 52 179 72 110 164
layer_09.bin,none,5,3,203 197 180 155 119 161 207 73
layer_10.bin,none,5,3,157 88 6 167 175 81 132 118
layer_11.bin,none,5,3,111 42 47 81 255 133 10 16
layer_12.bin,none,5,3,193 3 220 39 219 191 5 154
layer_13.bin,none,3,5,112 29 3 15 2 138 44 99
layer_14.bin,none,5,3,244 59 52 46 41 54 86 204
layer_15.bin,none,5,3,172 213 227 36 147 99 243 228
layer_16.bin,none,8,0,243 181 183 160 54 174 152 252
layer_17.bin,none,7,1,226 93 5 20 1 69 230 91
layer_18.bin,none,6,2,176 170 197 131 225 117 171 135
layer_19.bin,none,6,2,229 122 59 167 88 51 233 75
layer_20.bin,none,8,0,35 195 148 72 239 240 237 65
layer_21.bin,none,7,1,203 180 254 99 1 228 243 207
layer_22.bin,none,4,4,88 236 132 247 240 167 157 83
layer_23.bin,none,5,3,39 10 130 42 172 50 233 107
layer_24.bin,none,4,4,154 79 116 106 193 3 22 253
layer_25.bin,none,4,4,13 206 112 29 210 183 15 16
layer_26.bin,none,8,0,204 118 54 44 73 86 248 165
layer_27.bin,none,6,2,227 172 228 36 153 139 213 145
layer_28.bin,none,6,2,152 183 160 96 243 61 195 28
layer_29.bin,none,6,2,5 1 69 65 98 93 102 177
layer_30.bin,none,7,1,225 170 197 64 201 176 91 175
layer_31.bin,none,7,1,240 95 229 59 88 122 130 167
layer_32.bin,none,8,0,98 158 255 247 236 7 47 31
layer_33.bin,none,5,3,72 190 232 126 86 205 28 107
layer_34.bin,none,6,2,116 10 252 56 161 246 1 206
layer_35.bin,none,8,0,129 14 235 202 36 142 16 218
layer_36.bin,none,6,2,188 70 181 119 153 158 49 207
layer_37.bin,none,8,0,22 58 163 95 115 67 64 175
layer_38.bin,none,6,2,92 148 118 71 127 175 230 201
layer_39.bin,none,7,1,2 189 248 69 38 70 138 92
layer_00.bin,none,7,1,188 92 144 4 236 124 66 62
layer_01.bin,none,6,2,193 124 198 3 71 251 211 128
layer_02.bin,none,6,2,188 92 110 150 60 23 255 24
layer_03.bin,none,6,2,166 197 30 11 155 177 218 111
layer_04.bin,none,6,2,94 216 98 112 121 88 134 195
layer_05.bin,none,6,2,58 60 136 251 50 210 153 185
layer_06.bin,none,7,1,125 204 43 12 92 59 135 171
layer_07.bin,none,8,0,185 181 175 245 81 75 36 120
layer_08.bin,none,7,1,133 148 72 16 195 85 23 240
layer_09.bin,none,8,0,1 20 156 99 229 207 254 44
layer_10.bin,none,6,2,132 81 207 126 91 165 252 40
layer_11.bin,none,5,3,10 153 255 44 137 130 223 159
layer_12.bin,none,7,1,116 176 161 21 3 250 186 65
layer_13.bin,none,8,0,45 13 212 15 183 83 145 210
layer_14.bin,none,6,2,204 165 44 54 73 21 55 132
layer_15.bin,none,6,2,227 248 235 147 228 14 213 173
layer_16.bin,none,7,1,183 160 243 117 230 104 172 72
layer_17.bin,none,7,1,69 1 233 93 152 58 44 115
layer_18.bin,none,6,2,176 225 69 175 152 224 201 58
layer_19.bin,none,7,1,229 122 115 233 88 212 95 174
layer_20.bin,none,8,0,195 148 240 72 23 85 133 65
layer_21.bin,none,6,2,1 254 99 156 243 229 193 96
layer_22.bin,none,7,1,0 132 126 149 177 9 207 124
layer_23.bin,none,5,3,153 10 130 15 44 99 238 117
layer_24.bin,none,7,1,106 116 3 193 79 22 250 176
layer_25.bin,none,7,1,13 183 210 45 212 83 222 221
layer_26.bin,none,7,1,204 44 54 215 165 248 118 115
layer_27.bin,none,8,0,248 227 139 145 228 36 153 255
layer_28.bin,none,6,2,183 243 230 152 54 185 197 117
layer_29.bin,none,7,1,65 69 1 236 98 93 177 151
layer_30.bin,none,7,1,225 69 176 45 64 152 201 175
layer_31.bin,none,7,1,95 240 229 88 59 233 54 122
layer_32.bin,none,8,0,146 195 7 6 247 255 31 236
layer_33.bin,none,6,2,72 97 37 94 136 36 217 135
layer_34.bin,none,7,1,255 212 10 206 187 19 54 246
layer_35.bin,none,8,0,129 14 49 16 202 136 171 142
layer_36.bin,none,7,1,234 188 8 119 0 153 240 28
layer_37.bin,none,4,4,95 22 250 199 185 180 76 219
layer_38.bin,none,5,3,175 87 93 22 222 98 254 196
layer_39.bin,none,2,6,23 68 16 241 45 174 225 198
layer_00.bin,none,0,8,82 181 107 251 68 39 83 246
layer_01.bin,none,5,3,40 96 166 183 209 193 57 234
layer_02.bin,none,0,8,112 178 136 135 243 148 200 238
layer_03.bin,none,2,6,166 227 105 65 195 124 179 109
layer_04.bin,none,1,7,49 249 182 19 23 156 7 211
layer_05.bin,none,4,4,174 159 255 42 111 134 68 207
layer_06.bin,none,4,4,53 110 124 228 204 145 12 11
layer_07.bin,none,7,1,195 245 175 81 49 99 221 75
layer_08.bin,none,8,0,148 22 72 19 195 133 198 240
layer_09.bin,none,5,3,99 1 254 135 86 91 225 66
layer_10.bin,none,4,4,68 226 61 22 206 76 191 71
layer_11.bin,none,3,5,64 4 130 215 117 173 102 97
layer_12.bin,none,4,4,185 106 10 21 184 211 16 83
layer_13.bin,none,6,2,83 164 45 13 183 212 230 15
layer_14.bin,none,8,0,248 54 204 12 115 113 57 212
layer_15.bin,none,7,1,227 90 235 139 145 92 56 225
layer_16.bin,none,6,2,183 191 172 112 63 143 160 141
layer_17.bin,none,7,1,69 217 152 233 26 2 196 95
layer_18.bin,none,5,3,176 77 146 64 152 55 241 37
layer_19.bin,none,7,1,95 212 237 133 174 127 115 153
layer_20.bin,none,7,1,22 72 240 148 144 23 195 79
layer_21.bin,none,5,3,99 1 228 177 86 136 68 71
layer_22.bin,none,7,1,251 250 68 149 60 217 80 78
layer_23.bin,none,4,4,117 64 54 80 4 61 90 17
layer_24.bin,none,7,1,185 10 246 239 87 69 89 123
layer_25.bin,none,6,2,83 13 162 183 164 91 222 45
layer_26.bin,none,8,0,248 115 54 44 12 142 204 163
layer_27.bin,none,7,1,227 139 90 228 126 145 59 92
layer_28.bin,none,5,3,183 14 63 243 149 187 141 191
layer_29.bin,none,8,0,26 69 65 2 93 177 98 125
layer_30.bin,none,7,1,55 176 225 45 131 64 44 24
layer_31.bin,none,5,3,237 95 229 54 240 190 125 3
layer_32.bin,none,7,1,224 7 31 6 199 197 236 255
layer_33.bin,none,5,3,201 179 156 136 72 217 135 57
layer_34.bin,none,3,5,217 49 10 213 196 206 211 144
layer_35.bin,none,6,2,129 224 14 202 16 134 56 13
layer_36.bin,none,6,2,255 188 119 24 165 199 32 240
layer_37.bin,none,4,4,95 50 120 185 119 240 180 150
layer_38.bin,none,6,2,146 175 230 37 131 254 159 173
layer_39.bin,none,5,3,10 85 177 76 22 253 235 164
layer_00.bin,none,1,7,29 24 136 86 212 109 65 218
layer_01.bin,none,3,5,234 22 236 226 193 85 221 165
layer_02.bin,none,5,3,112 178 221 139 83 135 136 125
layer_03.bin,none,6,2,166 124 216 111 109 201 143 255
layer_04.bin,none,4,4,134 149 216 243 4 27 79 132
layer_05.bin,none,5,3,213 42 58 89 95 111 60 244
layer_06.bin,none,6,2,2 125 240 100 204 12 213 53
layer_07.bin,none,5,3,61 11 245 169 175 134 81 30
layer_08.bin,none,6,2,22 72 148 157 152 98 201 19
layer_09.bin,none,7,1,99 225 1 100 44 63 86 149
layer_10.bin,none,4,4,250 159 251 226 191 31 217 195
layer_11.bin,none,2,6,72 17 97 11 109 102 158 201
layer_12.bin,none,4,4,198 185 196 202 10 148 166 131
layer_13.bin,none,6,2,13 83 162 37 73 141 136 78
layer_14.bin,none,6,2,248 115 54 216 21 212 97 12
layer_15.bin,none,6,2,227 90 145 116 64 127 92 134
layer_16.bin,none,5,3,183 63 178 191 15 113 138 245
layer_17.bin,none,5,3,69 2 173 217 101 226 243 99
layer_18.bin,none,6,2,176 237 77 64 63 83 137 225
layer_19.bin,none,6,2,54 237 133 38 206 229 14 207
layer_20.bin,none,6,2,22 157 135 72 144 204 59 148
layer_21.bin,none,7,1,99 100 15 44 214 128 195 228
layer_22.bin,none,5,3,251 250 159 60 70 233 124 131
layer_23.bin,none,2,6,109 72 11 90 40 97 176 211
layer_24.bin,none,6,2,198 185 20 50 105 79 148 239
layer_25.bin,none,6,2,13 210 162 83 121 183 136 222
layer_26.bin,none,7,1,248 115 54 212 200 62 163 64
layer_27.bin,none,4,4,139 90 51 126 134 35 111 138
layer_28.bin,none,5,3,63 243 201 15 183 113 176 12
layer_29.bin,none,5,3,69 177 2 101 213 217 98 79
layer_30.bin,none,6,2,176 208 237 225 44 83 131 34
layer_31.bin,none,4,4,54 133 229 95 72 250 89 177
layer_32.bin,none,4,4,31 157 6 7 75 116 174 43
layer_33.bin,none,2,6,59 206 18 161 136 72 182 103
layer_34.bin,none,3,5,179 206 11 205 138 227 94 108
layer_35.bin,none,6,2,129 14 16 34 116 13 202 181
layer_36.bin,none,5,3,251 145 148 188 199 28 55 75
layer_37.bin,none,6,2,229 95 3 219 115 25 240 59
layer_38.bin,none,4,4,93 124 46 230 193 159 241 115
layer_39.bin,none,2,6,108 166 27 45 25 230 178 225
layer_00.bin,none,0,8,135 241 108 57 88 61 79 182
layer_01.bin,none,6,2,101 192 11 140 182 88 193 146
layer_02.bin,none,3,5,218 8 36 52 94 97 83 189
layer_03.bin,none,5,3,106 226 69 29 225 151 224 199
layer_04.bin,none,4,4,240 129 171 28 134 90 165 45
layer_05.bin,none,6,2,95 58 89 146 215 231 65 50
layer_06.bin,none,5,3,255 2 240 12 100 129 135 33
layer_07.bin,none,8,0,61 11 245 175 185 78 57 81
layer_08.bin,none,7,1,135 72 22 148 133 16 23 179
layer_09.bin,none,5,3,69 180 99 1 245 229 225 119
layer_10.bin,none,6,2,251 88 125 86 247 250 65 230
layer_11.bin,none,4,4,39 19 11 63 99 188 108 150
layer_12.bin,none,4,4,16 151 148 134 146 211 252 65
layer_13.bin,none,6,2,103 45 112 212 83 183 177 78
layer_14.bin,none,5,3,163 204 54 71 140 21 55 226
layer_15.bin,none,5,3,228 147 155 243 2 227 183 1
layer_16.bin,none,6,2,160 183 176 61 243 117 178 15
layer_17.bin,none,6,2,69 1 226 152 44 94 198 223
layer_18.bin,none,5,3,170 176 241 152 225 18 32 223
layer_19.bin,none,6,2,122 212 133 166 15 54 174 229
layer_20.bin,none,6,2,195 72 148 133 23 237 10 40
layer_21.bin,none,5,3,69 1 225 180 201 229 99 243
layer_22.bin,none,4,4,226 45 126 77 124 123 168 247
layer_23.bin,none,2,6,19 39 63 4 99 117 254 223
layer_24.bin,none,4,4,251 151 87 69 14 18 148 55
layer_25.bin,none,7,1,13 103 212 138 210 45 221 83
layer_26.bin,none,6,2,163 149 204 142 226 215 200 166
layer_27.bin,none,5,3,228 53 139 183 191 154 34 126
layer_28.bin,none,8,0,61 243 160 63 176 183 15 210
layer_29.bin,none,5,3,198 69 2 228 79 10 91 93
layer_30.bin,none,5,3,170 44 176 161 127 34 242 169
layer_31.bin,none,6,2,166 54 133 122 49 212 57 154
layer_32.bin,none,4,4,60 121 25 31 255 191 133 6
layer_33.bin,none,1,7,33 229 108 51 136 30 137 90
layer_34.bin,none,4,4,179 93 138 169 108 254 206 118
layer_35.bin,none,4,4,14 34 53 8 72 155 64 69
layer_36.bin,none,4,4,60 225 228 186 126 28 3 165
layer_37.bin,none,3,5,218 239 1 109 25 219 92 137
layer_38.bin,none,4,4,122 197 239 175 143 252 55 144
layer_39.bin,none,3,5,96 22 103 222 95 245 56 175
layer_00.bin,none,1,7,148 0 120 55 75 12 189 78
layer_01.bin,none,3,5,91 187 101 193 254 55 191 108
layer_02.bin,none,6,2,218 52 83 94 143 221 32 182
layer_03.bin,none,3,5,0 109 53 93 255 184 131 80
layer_04.bin,none,5,3,134 132 56 28 26 22 79 233
layer_05.bin,none,6,2,89 36 213 95 58 215 60 216
layer_06.bin,none,6,2,12 240 23 255 2 145 228 98
layer_07.bin,none,7,1,245 61 75 175 18 11 241 81
layer_08.bin,none,7,1,72 22 135 148 108 133 16 157
layer_09.bin,none,7,1,99 1 44 20 225 31 86 100
layer_10.bin,none,4,4,251 250 221 38 217 98 45 131
layer_11.bin,none,2,6,117 118 77 0 244 121 63 125
layer_12.bin,none,6,2,198 109 148 196 239 185 10 91
layer_13.bin,none,7,1,83 13 162 45 180 215 130 212
layer_14.bin,none,7,1,163 85 54 248 115 212 204 21
layer_15.bin,none,7,1,228 227 193 92 147 134 139 138
layer_16.bin,none,7,1,183 160 15 178 172 176 112 25
layer_17.bin,none,5,3,69 184 152 233 2 217 162 54
layer_18.bin,none,5,3,176 18 241 32 129 77 123 72
layer_19.bin,none,4,4,15 54 133 49 149 212 219 125
layer_20.bin,none,7,1,135 72 22 195 157 106 148 240
layer_21.bin,none,6,2,99 1 243 44 225 121 245 100
layer_22.bin,none,4,4,251 221 135 38 226 77 70 45
layer_23.bin,none,2,6,117 118 121 77 244 63 0 194
layer_24.bin,none,6,2,109 50 148 198 239 20 200 246
layer_25.bin,none,6,2,83 71 13 162 183 215 45 212
layer_26.bin,none,7,1,163 85 248 54 212 200 204 196
layer_27.bin,none,8,0,139 228 51 134 35 1 90 145
layer_28.bin,none,8,0,243 183 63 201 15 176 160 113
layer_29.bin,none,4,4,184 162 69 2 54 177 217 98
layer_30.bin,none,6,2,176 19 225 57 151 44 83 34
layer_31.bin,none,6,2,49 15 54 229 133 95 190 221
layer_32.bin,none,5,3,7 202 31 121 138 6 133 219
layer_33.bin,none,4,4,147 59 206 229 136 152 72 47
layer_34.bin,none,3,5,183 226 11 179 206 120 166 98
layer_35.bin,none,4,4,129 16 14 11 116 71 41 202
layer_36.bin,none,4,4,251 123 165 28 1 143 188 84
layer_37.bin,none,0,8,100 248 156 120 117 200 59 178
layer_38.bin,none,4,4,122 61 50 245 159 131 241 230
layer_39.bin,none,1,7,136 235 216 101 176 17 163 8
layer_00.bin,none,0,8,213 130 94 179 145 91 119 176
layer_01.bin,none,2,6,64 139 87 91 187 106 216 59
layer_02.bin,none,2,6,25 30 18 175 37 218 97 225
layer_03.bin,none,2,6,59 0 142 205 27 80 129 33
layer_04.bin,none,3,5,241 10 131 240 129 151 4 134
layer_05.bin,none,5,3,213 89 103 95 215 58 31 59
layer_06.bin,none,6,2,240 255 2 39 12 33 100 125
layer_07.bin,none,6,2,61 75 11 13 169 245 16 81
layer_08.bin,none,8,0,22 148 157 135 72 16 152 237
layer_09.bin,none,8,0,69 99 1 225 63 44 254 86
layer_10.bin,none,4,4,251 250 98 226 159 108 212 113
layer_11.bin,none,4,4,117 77 97 158 17 109 0 30
layer_12.bin,none,8,0,198 185 10 196 109 148 202 21
layer_13.bin,none,7,1,83 37 13 162 208 183 170 45
layer_14.bin,none,8,0,248 115 54 163 216 21 204 132
layer_15.bin,none,8,0,227 145 90 92 64 228 139 134
layer_16.bin,none,7,1,183 63 191 15 178 166 112 172
layer_17.bin,none,7,1,69 162 2 217 233 213 173 243
layer_18.bin,none,5,3,176 77 19 66 237 72 137 239
layer_19.bin,none,5,3,54 133 38 125 95 3 250 94
layer_20.bin,none,8,0,22 135 72 157 148 240 59 106
layer_21.bin,none,5,3,99 69 1 79 128 177 44 121
layer_22.bin,none,4,4,251 250 98 22 159 80 29 131
layer_23.bin,none,4,4,117 158 194 75 77 169 54 0
layer_24.bin,none,7,1,109 148 185 239 50 198 246 177
layer_25.bin,none,6,2,83 162 13 71 183 84 222 136
layer_26.bin,none,6,2,248 115 163 200 125 216 54 44
layer_27.bin,none,4,4,51 139 227 23 225 116 59 156
layer_28.bin,none,6,2,63 183 243 201 102 166 36 187
layer_29.bin,none,7,1,162 69 2 213 177 98 101 164
layer_30.bin,none,7,1,151 19 225 176 64 24 152 131
layer_31.bin,none,8,0,95 85 229 240 88 59 190 89
layer_32.bin,none,7,1,31 7 236 140 219 6 197 173
layer_33.bin,none,8,0,59 206 136 72 18 126 152 135
layer_34.bin,none,6,2,183 10 11 91 98 236 206 15
layer_35.bin,none,7,1,129 16 202 181 14 0 11 196
layer_36.bin,none,5,3,251 188 2 28 165 48 145 157
layer_37.bin,none,4,4,248 7 22 219 247 59 4 215
layer_38.bin,none,5,3,124 230 20 93 254 131 14 159
layer_39.bin,none,4,4,55 77 166 27 13 219 203 22
layer_00.bin,none,5,3,58 70 211 174 237 62 180 151
layer_01.bin,none,4,4,30 116 91 193 80 187 4 101
layer_02.bin,none,5,3,218 71 30 143 180 3 97 83
layer_03.bin,none,4,4,53 127 243 22 255 15 201 161
layer_04.bin,none,4,4,10 134 44 180 175 100 190 43
layer_05.bin,none,6,2,89 215 29 164 95 58 56 60
layer_06.bin,none,6,2,39 240 2 125 12 204 213 57
layer_07.bin,none,6,2,245 11 223 175 185 13 75 31
layer_08.bin,none,8,0,22 72 148 152 135 16 133 23
layer_09.bin,none,7,1,99 1 225 100 15 44 86 68
layer_10.bin,none,7,1,98 226 242 19 251 250 191 131
layer_11.bin,none,7,1,158 218 97 75 4 17 117 83
layer_12.bin,none,7,1,185 91 157 10 229 99 239 198
layer_13.bin,none,8,0,162 13 37 83 136 212 19 208
layer_14.bin,none,6,2,248 212 115 54 150 26 21 113
layer_15.bin,none,7,1,227 64 90 138 225 145 139 56
layer_16.bin,none,5,3,63 183 190 169 191 112 209 83
layer_17.bin,none,5,3,69 2 164 217 162 72 152 36
layer_18.bin,none,6,2,176 72 97 121 152 77 123 99
layer_19.bin,none,7,1,133 95 85 212 207 114 41 248
layer_20.bin,none,6,2,72 22 148 240 144 23 19 204
layer_21.bin,none,7,1,99 100 225 1 228 44 208 15
layer_22.bin,none,7,1,80 250 19 242 251 22 226 98
layer_23.bin,none,7,1,158 75 117 218 72 123 194 201
layer_24.bin,none,4,4,185 20 11 200 239 94 188 116
layer_25.bin,none,6,2,83 71 37 13 162 183 210 120
layer_26.bin,none,6,2,248 115 212 54 150 201 204 21
layer_27.bin,none,7,1,227 28 33 139 145 90 1 134
layer_28.bin,none,6,2,243 183 102 63 190 193 219 235
layer_29.bin,none,8,0,164 69 21 162 2 88 98 1
layer_30.bin,none,7,1,63 151 225 19 64 162 152 88
layer_31.bin,none,8,0,95 229 85 59 88 34 240 148
layer_32.bin,none,6,2,123 6 86 140 85 179 31 236
layer_33.bin,none,6,2,102 234 95 36 136 132 72 11
layer_34.bin,none,7,1,240 238 44 10 72 183 67 98
layer_35.bin,none,8,0,129 14 148 16 171 190 202 191
layer_36.bin,none,6,2,227 188 142 115 147 28 75 64
layer_37.bin,none,7,1,78 16 27 22 114 123 61 169
layer_38.bin,none,7,1,251 169 119 215 93 175 139 159
layer_39.bin,none,5,3,158 122 165 117 253 22 27 223
layer_00.bin,none,1,7,117 22 187 146 185 128 11 171
layer_01.bin,none,2,6,13 43 241 66 104 133 193 223
layer_02.bin,none,4,4,218 249 22 107 180 169 183 225
layer_03.bin,none,4,4,170 255 166 55 131 53 221 195
layer_04.bin,none,3,5,123 139 228 55 182 134 122 119
layer_05.bin,none,7,1,146 114 61 215 95 202 42 89
layer_06.bin,none,7,1,125 3 114 204 39 2 43 12
layer_07.bin,none,4,4,185 85 108 81 175 44 253 172
layer_08.bin,none,7,1,120 148 72 85 107 22 16 133
layer_09.bin,none,4,4,178 254 1 99 229 19 67 24
layer_10.bin,none,4,4,163 80 132 81 207 34 19 64
layer_11.bin,none,4,4,142 116 18 130 10 97 173 158
layer_12.bin,none,3,5,67 11 184 180 65 185 136 116
layer_13.bin,none,6,2,210 200 13 83 183 15 45 222
layer_14.bin,none,4,4,40 38 204 44 163 54 107 68
layer_15.bin,none,5,3,227 103 213 131 1 235 147 99
layer_16.bin,none,3,5,243 183 160 69 137 232 50 49
layer_17.bin,none,6,2,155 69 1 93 226 243 39 115
layer_18.bin,none,3,5,176 188 225 152 6 104 113 171
layer_19.bin,none,7,1,229 122 212 233 59 88 95 158
layer_20.bin,none,6,2,148 240 195 120 72 22 133 112
layer_21.bin,none,5,3,1 254 178 99 229 44 141 19
layer_22.bin,none,3,5,163 132 115 124 253 210 148 168
layer_23.bin,none,3,5,142 18 130 10 75 248 172 58
layer_24.bin,none,4,4,22 67 116 79 250 3 200 36
layer_25.bin,none,7,1,13 210 83 200 183 224 206 91
layer_26.bin,none,5,3,40 204 215 197 38 44 64 201
layer_27.bin,none,5,3,227 103 187 1 139 228 69 134
layer_28.bin,none,4,4,243 183 137 152 160 197 39 169
layer_29.bin,none,7,1,98 1 125 155 69 93 152 65
layer_30.bin,none,7,1,225 6 152 176 91 45 64 44
layer_31.bin,none,7,1,229 95 88 212 59 122 233 240
layer_32.bin,none,6,2,17 255 31 75 236 47 6 37
layer_33.bin,none,3,5,168 72 136 94 63 23 214 24
layer_34.bin,none,4,4,246 55 12 10 54 205 19 187
layer_35.bin,none,6,2,14 129 132 171 16 36 202 213
layer_36.bin,none,7,1,253 60 188 8 153 165 28 158
layer_37.bin,none,3,5,219 22 226 54 164 199 160 85
layer_38.bin,none,5,3,175 88 138 159 233 10 93 6
layer_39.bin,none,5,3,23 16 68 235 76 173 151 225
layer_00.bin,none,5,3,136 241 78 14 56 89 18 68
layer_01.bin,none,1,7,241 228 63 82 186 179 126 67
layer_02.bin,none,3,5,237 95 161 105 218 209 180 144
layer_03.bin,none,3,5,173 195 1 246 17 237 127 166
layer_04.bin,none,2,6,253 99 123 23 141 50 64 211
layer_05.bin,none,3,5,174 215 143 57 201 231 200 56
layer_06.bin,none,4,4,124 139 254 21 12 207 190 125
layer_07.bin,none,7,1,245 175 81 142 247 185 11 30
layer_08.bin,none,6,2,148 72 22 133 157 229 85 91
layer_09.bin,none,7,1,99 1 254 68 207 63 15 225
layer_10.bin,none,5,3,217 116 134 108 250 68 132 148
layer_11.bin,none,6,2,64 42 97 117 58 61 134 60
layer_12.bin,none,8,0,10 196 88 185 21 91 116 139
layer_13.bin,none,6,2,83 45 212 162 34 42 208 173
layer_14.bin,none,8,0,204 248 54 115 212 44 132 21
layer_15.bin,none,8,0,227 90 145 147 92 139 228 138
layer_16.bin,none,8,0,191 74 172 112 183 234 247 51
layer_17.bin,none,8,0,69 196 2 217 152 233 243 72
layer_18.bin,none,7,1,77 224 146 176 137 180 58 108
layer_19.bin,none,7,1,212 133 127 95 115 99 186 54
layer_20.bin,none,8,0,22 148 72 240 23 144 66 98
layer_21.bin,none,7,1,99 1 128 100 177 122 214 15
layer_22.bin,none,5,3,160 217 251 96 60 26 245 104
layer_23.bin,none,6,2,80 61 241 17 72 239 117 215
layer_24.bin,none,6,2,149 10 165 246 105 239 91 87
layer_25.bin,none,5,3,162 83 45 183 58 170 26 216
layer_26.bin,none,5,3,248 21 59 212 173 115 54 164
layer_27.bin,none,7,1,227 221 0 139 147 90 145 177
layer_28.bin,none,5,3,74 191 117 25 247 183 235 141
layer_29.bin,none,7,1,69 150 2 1 185 53 241 51
layer_30.bin,none,7,1,172 225 77 176 72 152 182 64
layer_31.bin,none,7,1,95 88 191 148 133 59 186 212
layer_32.bin,none,5,3,33 209 236 224 255 105 210 31
layer_33.bin,none,6,2,63 32 156 192 18 72 137 155
layer_34.bin,none,6,2,152 54 108 246 10 213 55 177
layer_35.bin,none,6,2,129 14 171 213 248 36 225 128
layer_36.bin,none,5,3,60 251 148 126 245 188 165 199
layer_37.bin,none,3,5,50 62 176 219 80 244 77 185
layer_38.bin,none,6,2,175 146 173 159 254 204 211 93
layer_39.bin,none,6,2,85 134 177 13 45 6 151 22
layer_00.bin,none,5,3,211 36 134 151 70 62 199 170
layer_01.bin,none,4,4,193 254 22 243 101 163 82 221
layer_02.bin,none,4,4,237 194 95 182 3 225 201 30
layer_03.bin,none,3,5,243 132 167 45 79 253 212 242
layer_04.bin,none,6,2,175 253 28 134 196 188 140 121
layer_05.bin,none,6,2,58 60 95 111 82 164 159 128
layer_06.bin,none,5,3,125 62 12 240 43 30 2 243
layer_07.bin,none,8,0,175 245 85 185 81 142 145 38
layer_08.bin,none,6,2,22 72 148 195 133 16 240 108
layer_09.bin,none,8,0,1 99 254 20 44 229 134 86
layer_10.bin,none,5,3,148 12 242 132 172 217 95 175
layer_11.bin,none,7,1,117 97 37 218 63 44 223 32
layer_12.bin,none,6,2,157 10 161 185 208 119 116 96
layer_13.bin,none,8,0,13 83 45 212 183 0 37 42
layer_14.bin,none,6,2,204 44 115 54 201 248 164 21
layer_15.bin,none,8,0,227 235 228 147 139 155 12 138
layer_16.bin,none,6,2,183 160 117 172 82 102 190 25
layer_17.bin,none,7,1,69 185 1 125 98 152 196 95
layer_18.bin,none,7,1,176 66 152 77 225 151 241 117
layer_19.bin,none,8,0,212 95 115 122 85 88 99 133
layer_20.bin,none,8,0,148 240 72 195 22 23 133 85
layer_21.bin,none,8,0,99 1 254 44 128 232 229 122
layer_22.bin,none,7,1,148 175 233 149 132 242 12 251
layer_23.bin,none,6,2,117 37 201 218 63 70 44 54
layer_24.bin,none,5,3,50 119 116 157 10 73 38 250
layer_25.bin,none,8,0,13 83 0 45 183 42 222 71
layer_26.bin,none,6,2,204 196 115 44 40 171 54 163
layer_27.bin,none,6,2,228 28 227 139 130 1 147 154
layer_28.bin,none,7,1,193 183 190 243 160 102 152 219
layer_29.bin,none,7,1,125 94 69 21 88 1 98 79
layer_30.bin,none,7,1,225 99 162 176 152 64 151 19
layer_31.bin,none,8,0,85 95 88 122 34 59 183 89
layer_32.bin,none,6,2,123 140 109 31 104 179 125 255
layer_33.bin,none,5,3,132 139 198 95 189 61 102 90
layer_34.bin,none,6,2,44 240 164 72 166 10 121 20
layer_35.bin,none,8,0,129 74 14 171 148 190 187 16
layer_36.bin,none,5,3,115 142 19 171 60 26 93 165
layer_37.bin,none,5,3,101 169 61 54 16 226 125 127
layer_38.bin,none,6,2,169 159 140 18 61 175 254 143
layer_39.bin,none,4,4,231 117 235 22 174 80 226 179
layer_00.bin,none,0,8,123 196 249 105 229 216 7 104
layer_01.bin,none,5,3,150 231 225 27 155 151 11 106
layer_02.bin,none,1,7,162 4 90 200 146 17 168 227
layer_03.bin,none,1,7,133 187 152 235 231 84 37 31
layer_04.bin,none,5,3,13 102 142 108 236 214 15 167
layer_05.bin,none,4,4,186 104 193 41 58 6 151 204
layer_06.bin,none,6,2,125 167 153 43 107 12 196 59
layer_07.bin,none,6,2,185 29 36 108 81 245 116 216
layer_08.bin,none,7,1,72 234 89 148 195 22 133 107
layer_09.bin,none,6,2,29 94 164 99 228 44 161 168
layer_10.bin,none,4,4,130 169 198 207 113 213 132 49
layer_11.bin,none,3,5,189 255 107 161 145 187 243 185
layer_12.bin,none,6,2,63 21 116 26 185 160 65 74
layer_13.bin,none,7,1,43 13 83 45 47 130 183 97
layer_14.bin,none,6,2,20 204 124 54 64 44 224 160
layer_15.bin,none,8,0,147 81 227 228 155 235 213 204
layer_16.bin,none,7,1,5 172 160 183 196 243 152 117
layer_17.bin,none,6,2,69 172 250 233 115 1 20 61
layer_18.bin,none,5,3,57 179 0 176 187 77 50 126
layer_19.bin,none,6,2,122 130 75 191 204 59 88 229
layer_20.bin,none,7,1,234 195 191 72 148 133 162 237
layer_21.bin,none,5,3,29 164 94 126 222 207 55 161
layer_22.bin,none,2,6,198 169 113 130 210 124 41 70
layer_23.bin,none,2,6,161 189 243 162 172 174 233 34
layer_24.bin,none,2,6,74 63 3 26 160 15 73 112
layer_25.bin,none,5,3,13 130 147 43 210 117 61 2
layer_26.bin,none,7,1,20 148 124 215 54 118 204 197
layer_27.bin,none,4,4,200 228 81 23 34 139 154 187
layer_28.bin,none,4,4,133 43 152 210 151 5 243 213
layer_29.bin,none,6,2,76 69 91 1 172 250 87 30
layer_30.bin,none,5,3,201 179 187 225 104 0 155 105
layer_31.bin,none,6,2,122 109 205 59 88 158 183 32
layer_32.bin,none,4,4,98 178 218 181 133 213 99 184
layer_33.bin,none,2,6,99 126 239 27 137 236 77 39
layer_34.bin,none,1,7,84 96 108 104 130 229 168 165
layer_35.bin,none,2,6,203 231 215 140 209 195 194 33
layer_36.bin,none,3,5,224 165 186 237 12 191 3 167
layer_37.bin,none,4,4,65 61 152 54 123 6 42 85
layer_38.bin,none,2,6,117 176 159 191 166 25 99 184
layer_39.bin,none,4,4,228 180 168 173 235 198 218 80
layer_00.bin,none,2,6,141 235 190 115 221 253 47 158
layer_01.bin,none,4,4,93 155 244 182 46 197 47 11
layer_02.bin,none,3,5,10 57 145 103 123 34 109 17
layer_03.bin,none,6,2,187 235 174 133 118 119 12 231
layer_04.bin,none,6,2,236 142 214 102 222 95 108 67
layer_05.bin,none,5,3,193 41 43 90 47 186 88 99
layer_06.bin,none,6,2,153 167 196 60 246 107 215 138
layer_07.bin,none,7,1,36 185 29 23 229 147 64 117
layer_08.bin,none,8,0,57 116 234 52 99 180 89 239
layer_09.bin,none,7,1,164 116 161 94 191 197 126 59
layer_10.bin,none,7,1,198 130 169 196 167 247 213 36
layer_11.bin,none,6,2,189 107 161 160 74 128 233 255
layer_12.bin,none,8,0,74 63 134 93 26 39 65 193
layer_13.bin,none,8,0,43 147 210 134 130 97 154 93
layer_14.bin,none,8,0,51 64 137 124 54 160 125 20
layer_15.bin,none,7,1,162 147 148 213 165 81 200 228
layer_16.bin,none,8,0,243 174 5 252 134 152 51 196
layer_17.bin,none,7,1,172 250 20 76 64 35 115 89
layer_18.bin,none,6,2,179 57 13 187 43 126 105 131
layer_19.bin,none,7,1,75 191 109 72 116 229 20 130
layer_20.bin,none,6,2,191 234 237 239 180 179 56 10
layer_21.bin,none,8,0,126 164 29 116 94 191 155 55
layer_22.bin,none,5,3,198 247 167 169 10 206 130 213
layer_23.bin,none,8,0,189 162 161 172 243 233 206 128
layer_24.bin,none,6,2,74 63 26 93 15 235 3 113
layer_25.bin,none,8,0,147 134 43 61 210 206 32 130
layer_26.bin,none,8,0,118 148 20 124 51 137 211 86
layer_27.bin,none,6,2,200 72 162 81 181 228 58 232
layer_28.bin,none,8,0,43 133 152 5 151 213 210 243
layer_29.bin,none,7,1,87 76 57 172 250 0 91 20
layer_30.bin,none,6,2,201 163 179 187 155 104 88 40
layer_31.bin,none,7,1,116 109 12 205 4 89 20 122
layer_32.bin,none,7,1,178 223 181 119 184 90 131 218
layer_33.bin,none,6,2,93 83 129 164 239 99 72 155
layer_34.bin,none,6,2,82 199 113 130 132 96 142 165
layer_35.bin,none,7,1,203 140 215 107 102 96 231 33
layer_36.bin,none,4,4,222 165 224 221 191 29 232 101
layer_37.bin,none,2,6,24 202 133 229 54 71 144 120
layer_38.bin,none,6,2,140 182 64 117 184 241 207 252
layer_39.bin,none,2,6,186 190 162 235 91 234 123 60
layer_00.bin,none,1,7,38 54 167 193 44 94 112 244
layer_01.bin,none,3,5,46 47 58 105 122 188 140 137
layer_02.bin,none,1,7,128 186 140 10 53 104 241 85
layer_03.bin,none,5,3,26 230 233 117 103 78 143 118
layer_04.bin,none,1,7,81 245 144 67 213 0 91 145
layer_05.bin,none,5,3,43 188 90 109 224 248 193 47
layer_06.bin,none,4,4,60 215 131 153 143 173 179 140
layer_07.bin,none,3,5,229 176 117 54 221 207 52 70
layer_08.bin,none,6,2,116 239 104 73 57 175 10 237
layer_09.bin,none,4,4,126 171 116 191 113 30 56 18
layer_10.bin,none,3,5,167 248 238 115 182 36 151 175
layer_11.bin,none,4,4,140 233 112 133 162 181 47 36
layer_12.bin,none,4,4,144 93 44 134 74 212 62 3
layer_13.bin,none,4,4,33 6 3 251 44 138 61 134
layer_14.bin,none,3,5,147 50 86 229 125 53 51 9
layer_15.bin,none,6,2,162 189 213 243 46 70 148 191
layer_16.bin,none,5,3,156 243 151 134 174 252 152 133
layer_17.bin,none,4,4,5 20 110 57 226 59 108 241
layer_18.bin,none,7,1,131 128 203 179 32 93 126 201
layer_19.bin,none,6,2,229 72 12 75 120 226 109 30
layer_20.bin,none,7,1,239 133 191 237 33 23 234 185
layer_21.bin,none,7,1,116 126 191 73 198 209 207 248
layer_22.bin,none,2,6,161 157 247 236 248 165 111 182
layer_23.bin,none,5,3,140 181 111 36 47 121 106 189
layer_24.bin,none,5,3,39 93 144 154 113 145 3 44
layer_25.bin,none,5,3,6 33 138 13 206 127 93 32
layer_26.bin,none,6,2,118 52 147 86 179 54 28 106
layer_27.bin,none,6,2,233 162 54 177 72 228 133 215
layer_28.bin,none,6,2,43 156 152 72 170 51 20 47
layer_29.bin,none,7,1,5 158 89 20 57 230 1 142
layer_30.bin,none,6,2,226 192 139 203 201 91 128 135
layer_31.bin,none,6,2,226 12 167 120 59 30 108 122
layer_32.bin,none,7,1,223 178 206 47 119 181 158 159
layer_33.bin,none,6,2,74 83 40 93 73 72 81 190
layer_34.bin,none,6,2,116 21 1 186 82 34 33 141
layer_35.bin,none,5,3,244 167 36 214 224 212 84 10
layer_36.bin,none,8,0,129 70 74 153 239 68 181 188
layer_37.bin,none,4,4,58 62 124 104 147 229 57 48
layer_38.bin,none,5,3,252 159 182 77 236 92 147 143
layer_39.bin,none,3,5,238 190 243 169 95 3 46 201
layer_00.bin,none,7,1,140 112 238 43 173 200 95 67
layer_01.bin,none,4,4,46 47 188 137 181 249 20 156
layer_02.bin,none,4,4,186 140 20 165 172 200 82 168
layer_03.bin,none,7,1,117 103 233 119 26 230 38 118
layer_04.bin,none,5,3,245 145 81 249 144 193 120 213
layer_05.bin,none,2,6,85 255 145 106 239 220 132 248
layer_06.bin,none,5,3,230 211 124 225 254 145 199 127
layer_07.bin,none,7,1,142 221 47 245 175 49 81 22
layer_08.bin,none,8,0,148 72 23 133 22 195 175 239
layer_09.bin,none,7,1,1 99 53 63 113 203 171 201
layer_10.bin,none,3,5,43 115 240 29 23 78 61 76
layer_11.bin,none,5,3,42 239 58 181 12 4 187 61
layer_12.bin,none,7,1,10 116 88 202 176 21 69 196
layer_13.bin,none,8,0,83 45 162 212 208 130 183 118
layer_14.bin,none,7,1,248 212 54 204 44 173 132 115
layer_15.bin,none,7,1,227 90 147 145 228 139 146 138
layer_16.bin,none,5,3,74 191 172 195 24 45 117 41
layer_17.bin,none,7,1,69 8 2 196 243 1 217 210
layer_18.bin,none,8,0,77 224 58 225 91 64 152 117
layer_19.bin,none,8,0,115 133 59 54 127 88 212 191
layer_20.bin,none,7,1,148 22 72 85 144 133 66 134
layer_21.bin,none,6,2,99 225 207 1 100 15 86 117
layer_22.bin,none,7,1,160 26 250 132 251 168 159 245
layer_23.bin,none,7,1,80 241 17 72 61 98 162 252
layer_24.bin,none,5,3,149 116 10 246 180 94 121 198
layer_25.bin,none,5,3,162 183 83 45 139 73 92 2
layer_26.bin,none,8,0,59 248 173 21 64 142 54 44
layer_27.bin,none,6,2,169 147 0 110 139 131 90 221
layer_28.bin,none,4,4,74 26 47 195 170 88 174 95
layer_29.bin,none,8,0,150 69 2 34 158 1 142 165
layer_30.bin,none,2,6,61 105 137 172 193 119 217 104
layer_31.bin,none,5,3,154 226 166 191 150 59 79 70
layer_32.bin,none,6,2,127 223 47 178 206 218 158 210
layer_33.bin,none,6,2,74 81 40 72 190 41 77 2
layer_34.bin,none,7,1,116 246 34 21 213 230 141 33
layer_35.bin,none,7,1,36 167 244 214 197 183 86 10
layer_36.bin,none,7,1,129 70 74 153 239 68 188 198
layer_37.bin,none,7,1,104 58 147 124 57 21 22 153
layer_38.bin,none,6,2,92 79 148 27 84 118 127 74
layer_39.bin,none,7,1,243 238 78 38 242 70 2 46
layer_00.bin,none,6,2,67 88 200 140 238 206 95 173
layer_01.bin,none,6,2,47 181 46 192 140 152 20 33
layer_02.bin,none,4,4,197 82 62 186 165 21 160 168
layer_03.bin,none,7,1,233 117 150 106 103 174 118 119
layer_04.bin,none,3,5,193 62 120 199 235 114 92 9
layer_05.bin,none,5,3,230 85 220 239 145 237 72 248
layer_06.bin,none,2,6,118 96 193 199 81 97 89 140
layer_07.bin,none,7,1,145 221 207 176 52 47 72 136
layer_08.bin,none,5,3,239 237 195 12 73 93 245 19
layer_09.bin,none,5,3,53 113 126 34 200 171 122 52
layer_10.bin,none,3,5,215 115 231 175 93 6 76 129
layer_11.bin,none,1,7,181 51 224 41 183 196 28 205
layer_12.bin,none,3,5,102 62 154 212 88 24 92 243
layer_13.bin,none,5,3,251 212 142 6 171 3 242 73
layer_14.bin,none,4,4,204 197 54 29 165 244 112 215
layer_15.bin,none,6,2,228 195 147 183 69 191 136 133
layer_16.bin,none,6,2,160 243 252 177 39 203 88 174
layer_17.bin,none,8,0,1 20 69 152 226 89 243 115
layer_18.bin,none,5,3,91 192 217 181 172 137 203 201
layer_19.bin,none,8,0,122 229 212 226 88 75 59 191
layer_20.bin,none,7,1,133 195 175 191 23 203 72 220
layer_21.bin,none,5,3,207 229 1 209 174 23 137 73
layer_22.bin,none,6,2,165 132 124 111 81 122 199 168
layer_23.bin,none,2,6,80 205 60 159 140 126 91 3
layer_24.bin,none,5,3,39 116 59 94 113 14 238 180
layer_25.bin,none,8,0,13 206 130 219 212 73 204 93
layer_26.bin,none,5,3,118 179 181 215 254 54 96 197
layer_27.bin,none,3,5,228 177 133 54 240 171 250 116
layer_28.bin,none,5,3,72 20 160 152 210 47 49 85
layer_29.bin,none,8,0,158 1 5 89 26 165 230 101
layer_30.bin,none,6,2,221 91 139 201 226 192 128 119
layer_31.bin,none,5,3,226 59 120 122 88 108 229 33
layer_32.bin,none,6,2,223 60 47 206 158 178 184 237
layer_33.bin,none,7,1,74 190 41 81 40 72 206 83
layer_34.bin,none,6,2,116 82 213 34 97 21 246 188
layer_35.bin,none,7,1,36 244 167 214 224 183 10 212
layer_36.bin,none,7,1,129 70 239 74 153 188 68 255
layer_37.bin,none,7,1,104 58 124 147 57 22 14 153
layer_38.bin,none,8,0,92 27 79 148 118 127 84 212
layer_39.bin,none,5,3,243 110 38 78 242 12 70 203
layer_00.bin,none,5,3,124 62 155 199 4 211 231 76
layer_01.bin,none,6,2,3 49 124 193 251 33 71 245
layer_02.bin,none,5,3,71 60 3 49 255 193 217 157
layer_03.bin,none,7,1,30 199 25 11 177 159 56 167
layer_04.bin,none,7,1,192 154 200 54 51 121 216 152
layer_05.bin,none,5,3,27 251 115 153 2 236 136 155
layer_06.bin,none,5,3,157 14 57 52 79 183 161 135
layer_07.bin,none,7,1,223 32 120 185 229 245 171 76
layer_08.bin,none,8,0,224 133 72 220 23 61 16 151
layer_09.bin,none,5,3,198 207 161 197 227 98 1 61
layer_10.bin,none,6,2,165 9 157 19 122 234 111 91
layer_11.bin,none,2,6,85 111 59 247 47 209 106 137
layer_12.bin,none,5,3,39 191 210 3 193 208 43 116
layer_13.bin,none,5,3,6 219 168 93 212 199 113 154
layer_14.bin,none,6,2,179 140 52 53 106 54 93 167
layer_15.bin,none,3,5,171 33 233 54 213 204 49 177
layer_16.bin,none,6,2,252 46 190 152 170 185 181 243
layer_17.bin,none,5,3,20 164 78 89 158 142 93 108
layer_18.bin,none,4,4,250 203 201 119 197 130 226 16
layer_19.bin,none,6,2,75 226 30 70 201 84 229 85
layer_20.bin,none,7,1,35 191 239 133 23 159 220 164
layer_21.bin,none,5,3,198 73 151 215 207 227 161 156
layer_22.bin,none,6,2,157 9 91 19 247 242 122 165
layer_23.bin,none,5,3,85 111 47 106 195 59 181 247
layer_24.bin,none,4,4,220 3 191 39 145 253 15 192
layer_25.bin,none,6,2,206 6 20 78 112 32 204 66
layer_26.bin,none,6,2,118 86 52 179 53 28 140 54
layer_27.bin,none,4,4,172 177 162 33 54 217 71 37
layer_28.bin,none,7,1,152 47 163 190 150 111 210 28
layer_29.bin,none,6,2,164 20 21 230 72 221 69 89
layer_30.bin,none,5,3,250 197 201 204 226 135 203 119
layer_31.bin,none,6,2,167 226 183 30 229 151 228 89
layer_32.bin,none,6,2,123 19 159 237 76 47 146 247
layer_33.bin,none,5,3,75 234 56 95 74 72 86 220
layer_34.bin,none,6,2,1 191 252 72 240 33 56 51
layer_35.bin,none,7,1,191 43 218 235 36 196 167 185
layer_36.bin,none,4,4,125 165 248 142 169 226 70 25
layer_37.bin,none,5,3,58 229 126 143 48 209 175 115
layer_38.bin,none,5,3,92 0 148 72 35 10 191 88
layer_39.bin,none,4,4,189 197 248 129 190 235 179 169
layer_00.bin,none,0,8,101 34 35 197 179 9 79 242
layer_01.bin,none,6,2,16 47 62 155 97 146 151 20
layer_02.bin,none,2,6,84 109 249 43 149 75 174 142
layer_03.bin,none,6,2,236 26 148 233 230 226 211 37
layer_04.bin,none,6,2,15 102 245 200 61 144 142 241
layer_05.bin,none,6,2,43 220 188 90 236 69 251 73
layer_06.bin,none,7,1,157 14 182 133 52 79 57 135
layer_07.bin,none,7,1,23 36 171 47 229 76 64 70
layer_08.bin,none,8,0,35 239 57 164 110 179 52 116
layer_09.bin,none,6,2,203 197 180 198 161 29 41 115
layer_10.bin,none,7,1,88 157 196 182 240 175 129 167
layer_11.bin,none,5,3,42 111 47 255 249 98 185 213
layer_12.bin,none,7,1,154 39 193 220 43 191 3 134
layer_13.bin,none,7,1,112 29 219 6 44 168 138 210
layer_14.bin,none,6,2,52 179 244 118 106 54 229 207
layer_15.bin,none,8,0,213 172 228 250 162 147 54 243
layer_16.bin,none,7,1,243 181 252 92 152 174 170 134
layer_17.bin,none,8,0,20 93 5 89 243 226 64 115
layer_18.bin,none,6,2,131 170 197 203 171 91 126 61
layer_19.bin,none,7,1,229 72 75 226 108 51 167 122
layer_20.bin,none,7,1,35 239 191 133 237 175 23 244
layer_21.bin,none,5,3,203 180 73 207 229 141 174 209
layer_22.bin,none,4,4,88 240 236 247 111 115 76 165
layer_23.bin,none,3,5,39 50 188 249 130 111 42 49
layer_24.bin,none,5,3,43 39 154 70 253 219 3 220
layer_25.bin,none,7,1,13 206 112 210 219 6 93 29
layer_26.bin,none,6,2,118 86 179 180 54 211 149 244
layer_27.bin,none,6,2,72 172 133 228 177 250 54 213
layer_28.bin,none,6,2,47 96 152 243 72 61 235 253
layer_29.bin,none,4,4,5 1 230 89 102 29 17 222
layer_30.bin,none,7,1,170 71 91 139 135 197 225 131
layer_31.bin,none,6,2,229 59 130 199 88 226 122 167
layer_32.bin,none,7,1,98 47 158 99 237 236 159 223
layer_33.bin,none,5,3,126 190 232 107 72 244 136 86
layer_34.bin,none,7,1,116 252 56 33 10 1 246 161
layer_35.bin,none,7,1,36 167 129 235 218 14 16 66
layer_36.bin,none,5,3,70 188 181 153 74 152 246 49
layer_37.bin,none,8,0,58 22 124 209 67 143 175 48
layer_38.bin,none,6,2,92 148 71 118 127 212 254 30
layer_39.bin,none,6,2,248 2 189 38 69 92 70 217
layer_00.bin,none,3,5,172 92 144 188 111 186 155 106
layer_01.bin,none,4,4,198 255 202 193 124 72 128 191
layer_02.bin,none,7,1,92 188 150 84 255 110 249 60
layer_03.bin,none,7,1,30 148 25 177 11 92 150 159
layer_04.bin,none,6,2,94 98 152 112 192 71 28 88
layer_05.bin,none,5,3,153 18 136 194 202 251 165 183
layer_06.bin,none,6,2,52 135 92 125 235 14 55 59
layer_07.bin,none,6,2,185 181 240 36 108 245 171 37
layer_08.bin,none,7,1,133 23 16 107 72 148 233 224
layer_09.bin,none,7,1,207 120 73 156 229 137 161 198
layer_10.bin,none,8,0,9 81 132 111 207 234 165 40
layer_11.bin,none,7,1,130 153 98 255 3 111 234 137
layer_12.bin,none,4,4,39 219 116 157 94 65 143 14
layer_13.bin,none,8,0,210 219 13 93 66 212 47 45
layer_14.bin,none,7,1,231 106 167 52 179 189 67 198
layer_15.bin,none,7,1,213 248 133 54 147 250 240 195
layer_16.bin,none,6,2,243 252 47 152 170 72 189 117
layer_17.bin,none,8,0,230 20 89 115 1 64 236 35
layer_18.bin,none,6,2,69 131 91 135 192 225 61 113
layer_19.bin,none,7,1,229 226 122 88 233 75 212 139
layer_20.bin,none,6,2,133 65 23 191 107 233 195 42
layer_21.bin,none,7,1,44 229 73 137 207 156 239 1
layer_22.bin,none,7,1,0 9 132 165 111 124 240 81
layer_23.bin,none,6,2,130 153 15 99 3 98 249 49
layer_24.bin,none,4,4,39 116 22 251 106 219 188 253
layer_25.bin,none,7,1,13 210 212 93 211 130 206 224
layer_26.bin,none,5,3,118 106 63 149 64 95 215 158
layer_27.bin,none,7,1,248 133 72 177 1 54 215 213
layer_28.bin,none,7,1,243 152 54 47 185 72 230 117
layer_29.bin,none,7,1,236 1 102 230 89 152 223 65
layer_30.bin,none,6,2,69 91 225 97 139 45 201 169
layer_31.bin,none,6,2,229 233 122 59 88 212 226 61
layer_32.bin,none,7,1,195 146 47 194 6 236 31 255
layer_33.bin,none,7,1,97 37 94 217 136 75 82 72
layer_34.bin,none,7,1,212 187 33 19 246 188 255 54
layer_35.bin,none,8,0,36 14 196 16 142 129 167 197
layer_36.bin,none,8,0,153 8 188 234 0 74 158 50
layer_37.bin,none,6,2,124 22 209 89 163 134 238 64
layer_38.bin,none,7,1,22 212 175 118 127 45 93 79
layer_39.bin,none,6,2,16 145 23 34 70 78 30 116
layer_00.bin,none,4,4,211 231 78 151 223 222 207 75
layer_01.bin,none,4,4,193 185 32 153 48 245 144 33
layer_02.bin,none,2,6,228 56 201 193 187 3 157 216
layer_03.bin,none,6,2,69 16 249 197 154 25 201 56
layer_04.bin,none,8,0,28 175 121 90 192 132 233 134
layer_05.bin,none,7,1,153 50 60 58 185 165 251 136
layer_06.bin,none,6,2,168 237 171 177 210 34 52 135
layer_07.bin,none,5,3,175 245 185 81 254 240 6 246
layer_08.bin,none,7,1,195 133 23 72 47 148 16 63
layer_09.bin,none,7,1,1 229 207 32 137 79 44 99
layer_10.bin,none,7,1,109 132 217 81 234 165 146 111
layer_11.bin,none,7,1,44 3 143 141 37 150 223 137
layer_12.bin,none,7,1,208 50 14 161 157 116 39 200
layer_13.bin,none,8,0,212 45 13 93 145 0 219 66
layer_14.bin,none,8,0,231 214 253 106 164 179 17 204
layer_15.bin,none,6,2,195 133 147 92 54 178 12 98
layer_16.bin,none,8,0,252 112 82 160 117 172 51 170
layer_17.bin,none,7,1,69 20 152 1 230 201 44 89
layer_18.bin,none,5,3,192 226 138 91 43 15 250 223
layer_19.bin,none,7,1,122 212 226 88 48 247 96 30
layer_20.bin,none,8,0,133 47 23 72 195 224 220 185
layer_21.bin,none,7,1,32 255 1 207 229 44 137 79
layer_22.bin,none,7,1,109 234 217 132 187 242 146 124
layer_23.bin,none,7,1,3 60 37 204 98 63 191 194
layer_24.bin,none,4,4,50 157 39 14 116 200 163 164
layer_25.bin,none,8,0,212 0 13 45 93 130 145 66
layer_26.bin,none,4,4,214 106 171 49 231 17 160 253
layer_27.bin,none,6,2,178 133 12 130 35 28 147 228
layer_28.bin,none,6,2,243 252 234 117 152 112 130 59
layer_29.bin,none,5,3,225 19 152 93 230 96 54 1
layer_30.bin,none,4,4,151 209 166 66 225 141 116 201
layer_31.bin,none,5,3,55 122 37 229 173 99 49 85
layer_32.bin,none,1,7,28 57 173 92 248 26 58 14
layer_33.bin,none,3,5,250 133 162 61 72 82 54 176
layer_34.bin,none,5,3,249 166 143 121 80 18 195 191
layer_35.bin,none,6,2,8 36 185 14 129 77 176 197
layer_36.bin,none,4,4,26 21 17 103 60 125 153 37
layer_37.bin,none,3,5,110 214 196 55 24 219 238 186
layer_38.bin,none,4,4,149 132 156 141 175 182 222 143
layer_39.bin,none,1,7,66 142 173 251 5 201 112 209
layer_00.bin,none,1,7,240 239 159 116 220 193 198 17
layer_01.bin,none,6,2,166 185 32 177 97 144 209 107
layer_02.bin,none,3,5,39 142 42 115 214 253 106 241
layer_03.bin,none,4,4,75 123 229 15 164 25 150 197
layer_04.bin,none,5,3,221 175 28 90 206 121 10 233
layer_05.bin,none,7,1,58 50 77 153 136 60 251 19
layer_06.bin,none,7,1,237 52 204 135 210 43 125 25
layer_07.bin,none,8,0,175 185 245 240 81 246 120 49
layer_08.bin,none,8,0,133 195 72 23 63 121 16 148
layer_09.bin,none,8,0,1 32 44 207 229 137 99 58
layer_10.bin,none,8,0,132 242 234 81 146 217 111 165
layer_11.bin,none,6,2,220 98 44 59 3 63 141 222
layer_12.bin,none,7,1,157 208 50 14 39 161 116 184
layer_13.bin,none,8,0,212 13 45 93 219 47 145 0
layer_14.bin,none,7,1,231 253 164 106 214 179 44 49
layer_15.bin,none,6,2,133 195 147 54 130 250 12 169
layer_16.bin,none,7,1,117 82 252 112 47 72 183 193
layer_17.bin,none,7,1,21 152 20 230 1 115 223 89
layer_18.bin,none,6,2,250 91 225 151 141 192 116 138
layer_19.bin,none,7,1,212 122 85 226 88 48 247 148
layer_20.bin,none,7,1,133 23 72 121 220 195 36 224
layer_21.bin,none,8,0,44 32 1 255 137 229 161 73
layer_22.bin,none,8,0,242 146 132 187 156 233 124 234
layer_23.bin,none,6,2,37 44 60 70 220 98 59 222
layer_24.bin,none,6,2,157 50 39 14 11 20 115 116
layer_25.bin,none,8,0,13 0 101 211 210 212 130 219
layer_26.bin,none,5,3,171 106 214 196 158 243 160 224
layer_27.bin,none,6,2,130 28 133 12 54 250 35 112
layer_28.bin,none,5,3,243 212 102 219 193 151 190 82
layer_29.bin,none,6,2,225 21 88 230 94 165 221 1
layer_30.bin,none,7,1,162 151 250 232 225 116 99 63
layer_31.bin,none,7,1,229 183 88 59 173 72 191 85
layer_32.bin,none,6,2,57 123 109 6 47 179 3 120
layer_33.bin,none,5,3,139 162 136 102 167 90 203 61
layer_34.bin,none,7,1,195 128 240 33 121 44 10 191
layer_35.bin,none,8,0,36 185 129 14 196 197 235 167
layer_36.bin,none,6,2,26 115 153 142 149 188 226 39
layer_37.bin,none,6,2,169 124 127 24 16 22 101 48
layer_38.bin,none,7,1,169 159 251 96 117 93 254 212
layer_39.bin,none,3,5,117 139 122 129 158 179 76 235
layer_00.bin,none,1,7,51 49 153 22 247 85 11 128
layer_01.bin,none,2,6,169 87 223 5 177 13 232 171
layer_02.bin,none,1,7,16 90 39 146 164 242 176 162
layer_03.bin,none,4,4,98 97 238 160 27 123 75 150
layer_04.bin,none,2,6,14 167 67 65 181 201 240 170
layer_05.bin,none,4,4,235 67 191 202 153 192 146 134
layer_06.bin,none,4,4,135 215 52 77 34 232 79 88
layer_07.bin,none,7,1,44 240 108 185 176 171 36 66
layer_08.bin,none,6,2,33 133 107 80 233 152 57 72
layer_09.bin,none,6,2,132 73 207 44 161 229 137 107
layer_10.bin,none,6,2,248 111 132 81 165 234 137 76
layer_11.bin,none,3,5,36 20 174 98 3 255 191 50
layer_12.bin,none,5,3,157 160 39 242 14 219 116 143
layer_13.bin,none,8,0,33 13 210 47 93 219 183 154
layer_14.bin,none,6,2,147 106 231 160 52 64 224 50
layer_15.bin,none,6,2,240 133 147 177 195 213 250 54
layer_16.bin,none,7,1,156 243 252 152 189 47 51 117
layer_17.bin,none,8,0,20 110 230 115 35 89 64 226
layer_18.bin,none,2,6,128 112 13 131 105 132 61 181
layer_19.bin,none,6,2,229 12 139 120 226 122 88 173
layer_20.bin,none,3,5,33 133 174 191 235 44 233 244
layer_21.bin,none,6,2,132 44 229 207 79 137 1 67
layer_22.bin,none,3,5,248 182 124 165 231 95 168 211
layer_23.bin,none,2,6,36 249 136 162 205 50 91 143
layer_24.bin,none,3,5,242 39 102 68 70 94 188 238
layer_25.bin,none,4,4,13 210 33 104 130 206 153 102
layer_26.bin,none,3,5,147 215 50 211 9 209 243 197
layer_27.bin,none,3,5,124 156 139 154 133 191 2 243
layer_28.bin,none,3,5,243 156 210 36 89 11 152 174
layer_29.bin,none,2,6,110 165 168 175 1 36 186 127
layer_30.bin,none,3,5,128 112 234 24 225 104 144 201
layer_31.bin,none,7,1,229 12 61 173 59 88 191 89
layer_32.bin,none,3,5,238 113 47 158 63 31 194 231
layer_33.bin,none,4,4,73 41 136 72 137 223 82 94
layer_34.bin,none,4,4,97 161 246 10 188 33 108 14
layer_35.bin,none,7,1,36 14 196 167 16 197 171 130
layer_36.bin,none,5,3,60 188 153 199 230 158 232 181
layer_37.bin,none,6,2,124 163 219 24 51 71 89 22
layer_38.bin,none,7,1,175 173 159 93 98 212 127 118
layer_39.bin,none,5,3,16 45 34 145 113 70 120 76
layer_00.bin,none,5,3,211 62 144 223 124 248 59 50
layer_01.bin,none,4,4,193 98 132 153 173 245 11 48
layer_02.bin,none,5,3,16 76 193 3 108 115 39 216
layer_03.bin,none,7,1,197 150 69 196 123 201 25 249
layer_04.bin,none,6,2,28 175 121 192 152 90 92 43
layer_05.bin,none,7,1,50 153 60 185 58 120 251 202
layer_06.bin,none,5,3,168 19 161 237 210 171 113 125
layer_07.bin,none,6,2,175 245 185 254 81 39 57 240
layer_08.bin,none,7,1,195 133 148 72 23 243 224 85
layer_09.bin,none,8,0,229 1 207 32 44 134 99 86
layer_10.bin,none,4,4,217 132 146 165 109 34 95 59
layer_11.bin,none,6,2,141 37 223 194 59 143 44 137
layer_12.bin,none,7,1,116 208 176 161 50 115 157 39
layer_13.bin,none,8,0,212 45 145 13 180 0 183 93
layer_14.bin,none,8,0,204 44 253 214 21 179 164 231
layer_15.bin,none,4,4,195 147 12 149 55 1 14 155
layer_16.bin,none,8,0,160 117 172 112 82 252 72 47
layer_17.bin,none,7,1,152 69 1 20 44 223 19 93
layer_18.bin,none,8,0,138 77 152 91 225 250 83 176
layer_19.bin,none,6,2,122 212 88 99 174 215 75 249
layer_20.bin,none,7,1,195 148 133 72 23 47 240 108
layer_21.bin,none,7,1,1 229 225 32 193 100 243 207
layer_22.bin,none,6,2,109 148 132 122 217 34 111 156
layer_23.bin,none,5,3,204 223 141 60 194 32 136 63
layer_24.bin,none,6,2,116 50 115 176 39 166 157 163
layer_25.bin,none,6,2,212 13 45 145 0 130 98 158
layer_26.bin,none,6,2,204 214 171 253 196 163 21 198
layer_27.bin,none,7,1,1 177 12 147 98 35 195 28
layer_28.bin,none,6,2,117 160 56 243 234 59 72 228
layer_29.bin,none,4,4,1 152 19 171 99 119 126 36
layer_30.bin,none,3,5,151 219 209 66 143 138 225 130
layer_31.bin,none,7,1,157 249 99 212 229 83 247 88
layer_32.bin,none,5,3,85 173 123 14 47 109 255 209
layer_33.bin,none,7,1,102 72 61 82 56 136 137 84
layer_34.bin,none,7,1,166 249 18 143 121 195 11 108
layer_35.bin,none,6,2,191 36 14 196 185 46 114 129
layer_36.bin,none,5,3,60 26 37 153 79 230 44 92
layer_37.bin,none,4,4,196 30 55 89 231 76 162 24
layer_38.bin,none,7,1,132 175 217 173 87 191 143 93
layer_39.bin,none,5,3,99 120 44 77 100 173 53 235
layer_00.bin,none,4,4,159 116 62 204 13 239 174 211
layer_01.bin,none,2,6,162 193 94 30 23 100 145 80
layer_02.bin,none,3,5,149 21 253 36 39 247 71 214
layer_03.bin,none,5,3,240 228 131 201 15 69 159 25
layer_04.bin,none,4,4,28 221 175 61 121 203 148 187
layer_05.bin,none,7,1,50 153 77 58 136 185 214 251
layer_06.bin,none,7,1,57 237 52 135 19 125 204 210
layer_07.bin,none,8,0,175 185 245 223 246 81 240 142
layer_08.bin,none,8,0,243 121 133 195 72 23 148 63
layer_09.bin,none,8,0,229 1 32 44 207 95 221 255
layer_10.bin,none,8,0,19 132 146 217 95 81 165 234
layer_11.bin,none,6,2,220 141 59 136 143 98 222 3
layer_12.bin,none,7,1,115 157 208 50 116 39 161 40
layer_13.bin,none,8,0,212 13 45 145 47 0 93 183
layer_14.bin,none,7,1,171 204 253 44 179 164 231 214
layer_15.bin,none,7,1,12 133 147 169 195 1 33 54
layer_16.bin,none,7,1,117 72 82 189 47 252 160 193
layer_17.bin,none,8,0,152 164 21 1 115 89 20 223
layer_18.bin,none,5,3,250 91 225 138 151 66 116 171
layer_19.bin,none,8,0,212 122 88 249 85 59 48 173
layer_20.bin,none,7,1,133 23 195 148 121 159 243 72
layer_21.bin,none,7,1,229 32 1 44 207 137 161 174
layer_22.bin,none,7,1,146 132 19 156 233 116 122 242
layer_23.bin,none,7,1,136 37 220 59 141 60 44 70
layer_24.bin,none,6,2,115 50 157 242 39 116 11 210
layer_25.bin,none,6,2,13 101 0 130 210 98 126 97
layer_26.bin,none,6,2,171 50 196 204 96 179 167 214
layer_27.bin,none,5,3,171 33 28 54 169 147 133 114
layer_28.bin,none,8,0,193 243 219 152 102 190 72 117
layer_29.bin,none,5,3,164 119 88 94 21 61 1 72
layer_30.bin,none,7,1,99 250 201 162 232 116 91 139
layer_31.bin,none,7,1,183 249 88 96 59 191 4 173
layer_32.bin,none,4,4,109 125 179 123 47 76 170 105
layer_33.bin,none,4,4,234 181 56 132 189 203 54 95
layer_34.bin,none,5,3,44 109 238 240 20 72 195 6
layer_35.bin,none,6,2,190 148 36 196 74 185 137 78
layer_36.bin,none,5,3,19 115 227 93 39 142 230 64
layer_37.bin,none,3,5,169 16 101 80 232 86 61 74
layer_38.bin,none,5,3,169 61 159 191 176 96 88 143
layer_39.bin,none,5,3,231 117 163 22 179 76 100 253
layer_00.bin,none,0,8,123 249 196 105 229 216 16 7
layer_01.bin,none,4,4,231 225 27 150 155 20 136 151
layer_02.bin,none,2,6,210 249 17 109 162 146 166 28
layer_03.bin,none,2,6,133 187 235 152 31 231 84 37
layer_04.bin,none,6,2,13 142 108 102 214 15 236 222
layer_05.bin,none,4,4,104 186 193 204 130 151 235 6
layer_06.bin,none,7,1,52 54 167 153 135 79 196 125
layer_07.bin,none,8,0,36 185 29 171 35 23 116 108
layer_08.bin,none,7,1,234 89 133 107 57 72 191 210
layer_09.bin,none,8,0,29 94 164 161 73 207 197 44
layer_10.bin,none,7,1,169 130 198 132 1 81 234 207
layer_11.bin,none,7,1,189 136 255 98 160 3 174 170
layer_12.bin,none,8,0,39 63 74 26 160 193 65 15
layer_13.bin,none,8,0,219 13 43 210 93 47 66 147
layer_14.bin,none,6,2,64 124 52 137 51 50 20 224
layer_15.bin,none,8,0,147 81 242 162 148 165 4 54
layer_16.bin,none,8,0,252 5 196 152 174 189 170 28
layer_17.bin,none,6,2,20 250 64 89 115 119 172 35
layer_18.bin,none,6,2,57 179 43 13 126 50 187 197
layer_19.bin,none,5,3,75 130 183 109 226 191 139 1
layer_20.bin,none,8,0,191 234 99 133 72 56 180 23
layer_21.bin,none,7,1,164 29 161 94 207 44 197 126
layer_22.bin,none,5,3,198 169 130 234 124 113 187 115
layer_23.bin,none,5,3,189 243 162 161 108 88 136 249
layer_24.bin,none,5,3,74 39 63 26 160 15 3 32
layer_25.bin,none,7,1,130 147 43 13 61 97 206 134
layer_26.bin,none,8,0,20 148 137 124 50 54 51 171
layer_27.bin,none,6,2,200 81 181 242 23 162 154 147
layer_28.bin,none,6,2,133 43 152 5 210 243 170 213
layer_29.bin,none,6,2,76 119 250 20 87 172 36 127
layer_30.bin,none,4,4,201 155 179 0 187 37 43 16
layer_31.bin,none,8,0,205 109 4 96 30 122 191 201
layer_32.bin,none,3,5,181 98 178 131 99 43 218 125
layer_33.bin,none,4,4,126 27 137 77 236 86 43 207
layer_34.bin,none,3,5,84 96 108 20 65 168 216 136
layer_35.bin,none,2,6,203 215 231 140 47 96 173 64
layer_36.bin,none,1,7,165 224 171 102 7 101 220 191
layer_37.bin,none,5,3,65 61 96 74 123 80 19 2
layer_38.bin,none,7,1,191 18 99 176 117 61 252 143
layer_39.bin,none,5,3,228 190 2 173 218 168 206 222
layer_00.bin,none,2,6,132 158 141 190 125 115 47 235
layer_01.bin,none,3,5,155 244 197 93 188 182 11 233
layer_02.bin,none,2,6,57 29 145 10 123 27 34 103
layer_03.bin,none,6,2,187 133 174 119 117 235 37 158
layer_04.bin,none,6,2,236 142 102 95 214 222 128 54
layer_05.bin,none,6,2,43 90 193 47 78 158 65 110
layer_06.bin,none,7,1,153 60 138 196 79 54 206 36
layer_07.bin,none,7,1,229 117 36 23 29 35 64 185
layer_08.bin,none,8,0,116 234 57 99 180 133 224 239
layer_09.bin,none,7,1,164 239 59 161 191 2 197 255
layer_10.bin,none,7,1,65 198 169 247 125 196 185 36
layer_11.bin,none,6,2,128 160 189 206 107 108 161 86
layer_12.bin,none,7,1,134 74 254 93 208 60 128 193
layer_13.bin,none,7,1,74 134 154 147 32 66 182 93
layer_14.bin,none,7,1,137 125 189 64 88 32 148 103
layer_15.bin,none,7,1,243 148 242 165 204 162 200 58
layer_16.bin,none,5,3,134 174 252 51 202 60 133 43
layer_17.bin,none,6,2,198 0 250 76 87 37 89 211
layer_18.bin,none,6,2,163 134 43 179 13 37 197 127
layer_19.bin,none,8,0,116 20 56 36 109 121 191 195
layer_20.bin,none,7,1,237 116 99 239 234 56 235 197
layer_21.bin,none,8,0,164 239 161 191 197 127 2 29
layer_22.bin,none,8,0,247 198 125 176 169 243 65 185
layer_23.bin,none,6,2,206 128 189 160 162 86 107 9
layer_24.bin,none,5,3,235 85 74 145 93 193 209 134
layer_25.bin,none,6,2,182 134 185 154 32 147 44 78
layer_26.bin,none,5,3,88 137 148 103 47 229 32 107
layer_27.bin,none,6,2,181 165 87 242 4 200 31 58
layer_28.bin,none,6,2,150 93 43 75 133 134 152 252
layer_29.bin,none,8,0,0 76 87 250 124 20 69 15
layer_30.bin,none,8,0,195 163 43 134 161 201 226 179
layer_31.bin,none,8,0,20 116 36 75 109 154 205 4
layer_32.bin,none,8,0,252 119 181 112 53 150 90 160
layer_33.bin,none,6,2,184 43 129 93 164 16 92 83
layer_34.bin,none,7,1,85 26 231 82 133 96 92 1
layer_35.bin,none,6,2,84 42 174 57 72 160 135 204
layer_36.bin,none,5,3,83 221 22 222 75 20 70 126
layer_37.bin,none,6,2,182 138 39 144 72 88 104 23
layer_38.bin,none,5,3,151 64 120 249 193 209 115 125
layer_39.bin,none,4,4,162 186 154 190 106 205 151 159
layer_00.bin,none,3,5,238 252 25 43 147 95 42 59
layer_01.bin,none,5,3,250 224 46 172 129 147 103 19
layer_02.bin,none,4,4,49 20 29 27 140 82 119 186
layer_03.bin,none,5,3,233 117 26 119 230 40 4 130
layer_04.bin,none,1,7,81 92 248 224 229 9 183 193
layer_05.bin,none,7,1,43 188 78 158 110 90 127 135
layer_06.bin,none,4,4,60 138 143 68 173 206 208 101
layer_07.bin,none,4,4,117 65 142 229 111 42 35 237
layer_08.bin,none,8,0,116 104 239 173 99 237 224 180
layer_09.bin,none,5,3,171 224 160 2 255 113 243 104
layer_10.bin,none,7,1,157 65 196 115 185 247 151 125
layer_11.bin,none,6,2,181 206 47 128 112 193 108 162
layer_12.bin,none,4,4,199 44 249 60 0 74 93 144
layer_13.bin,none,8,0,44 134 243 149 182 6 154 32
layer_14.bin,none,8,0,125 137 189 167 51 148 52 32
layer_15.bin,none,7,1,162 148 165 243 46 58 127 147
layer_16.bin,none,7,1,0 133 134 205 252 43 174 170
layer_17.bin,none,7,1,15 5 87 108 89 142 241 76
layer_18.bin,none,6,2,203 226 179 124 155 43 192 177
layer_19.bin,none,6,2,226 109 30 19 191 173 205 75
layer_20.bin,none,7,1,237 239 133 224 116 207 175 23
layer_21.bin,none,6,2,191 155 207 127 164 2 113 55
layer_22.bin,none,6,2,247 157 236 185 199 125 44 65
layer_23.bin,none,7,1,181 206 128 189 111 162 239 140
layer_24.bin,none,6,2,93 220 39 145 74 254 34 0
layer_25.bin,none,7,1,6 134 138 154 93 182 32 251
layer_26.bin,none,7,1,51 137 88 52 148 86 167 189
layer_27.bin,none,7,1,162 165 181 58 200 46 147 242
layer_28.bin,none,6,2,43 170 133 252 152 51 24 0
layer_29.bin,none,7,1,5 20 87 142 76 158 89 241
layer_30.bin,none,8,0,226 43 192 201 179 163 77 155
layer_31.bin,none,7,1,167 30 109 226 228 12 116 75
layer_32.bin,none,7,1,223 181 178 119 47 90 159 150
layer_33.bin,none,8,0,83 9 231 74 72 93 129 81
layer_34.bin,none,7,1,241 21 1 186 252 85 116 82
layer_35.bin,none,8,0,160 84 167 36 183 218 22 235
layer_36.bin,none,6,2,70 248 221 129 68 98 153 74
layer_37.bin,none,5,3,62 58 143 105 229 72 219 124
layer_38.bin,none,2,6,147 117 8 10 166 176 137 112
layer_39.bin,none,4,4,238 95 50 80 223 105 245 106
layer_00.bin,none,5,3,206 209 104 43 30 95 147 105
layer_01.bin,none,5,3,47 155 46 188 197 156 118 20
layer_02.bin,none,3,5,20 172 251 41 85 52 231 49
layer_03.bin,none,5,3,119 117 130 244 143 150 178 118
layer_04.bin,none,2,6,195 20 5 184 154 87 187 150
layer_05.bin,none,7,1,158 32 79 153 111 251 43 110
layer_06.bin,none,7,1,79 254 237 12 36 7 210 230
layer_07.bin,none,8,0,175 185 245 81 49 142 47 57
layer_08.bin,none,8,0,72 133 148 195 23 224 175 239
layer_09.bin,none,8,0,203 1 229 207 99 161 86 243
layer_10.bin,none,6,2,132 234 116 23 43 247 156 115
layer_11.bin,none,7,1,42 204 239 111 160 12 254 98
layer_12.bin,none,6,2,116 161 39 163 176 145 18 53
layer_13.bin,none,7,1,212 45 145 58 112 219 93 83
layer_14.bin,none,8,0,204 54 52 214 44 165 231 125
layer_15.bin,none,8,0,147 228 165 133 195 98 227 14
layer_16.bin,none,8,0,160 172 74 117 112 51 252 229
layer_17.bin,none,7,1,69 152 233 1 44 20 109 211
layer_18.bin,none,6,2,138 77 122 241 224 176 52 43
layer_19.bin,none,4,4,122 212 215 115 133 148 180 192
layer_20.bin,none,6,2,195 133 148 72 23 22 18 186
layer_21.bin,none,6,2,1 193 225 243 229 99 100 43
layer_22.bin,none,7,1,160 148 168 134 126 217 176 132
layer_23.bin,none,6,2,80 63 223 204 106 32 239 108
layer_24.bin,none,5,3,176 161 116 113 18 163 73 221
layer_25.bin,none,6,2,212 45 58 112 145 130 83 158
layer_26.bin,none,4,4,204 163 253 214 225 160 105 59
layer_27.bin,none,6,2,147 98 1 195 14 155 228 87
layer_28.bin,none,4,4,160 172 74 117 104 209 112 200
layer_29.bin,none,5,3,152 150 44 69 1 2 235 149
layer_30.bin,none,3,5,138 152 77 122 223 52 195 241
layer_31.bin,none,5,3,212 122 133 95 115 54 215 177
layer_32.bin,none,6,2,33 255 241 31 67 184 252 128
layer_33.bin,none,2,6,192 110 30 87 66 220 130 137
layer_34.bin,none,0,8,16 244 254 218 37 123 27 114
layer_35.bin,none,5,3,14 171 53 36 16 202 80 64
layer_36.bin,none,5,3,60 110 188 153 4 196 28 154
layer_37.bin,none,7,1,199 105 165 238 1 123 219 163
layer_38.bin,none,6,2,103 191 175 233 159 16 196 222
layer_39.bin,none,3,5,228 238 225 174 144 67 201 76
layer_00.bin,none,4,4,32 206 168 255 95 181 238 30
layer_01.bin,none,3,5,140 201 77 182 46 122 176 137
layer_02.bin,none,6,2,20 52 172 233 49 41 144 153
layer_03.bin,none,5,3,119 178 117 145 150 237 143 204
layer_04.bin,none,5,3,184 87 150 20 66 195 23 176
layer_05.bin,none,3,5,32 215 21 25 229 79 143 255
layer_06.bin,none,5,3,211 254 230 12 163 124 7 53
layer_07.bin,none,7,1,142 245 175 81 49 185 5 11
layer_08.bin,none,7,1,148 22 72 53 133 161 198 233
layer_09.bin,none,6,2,99 1 225 100 229 207 166 15
layer_10.bin,none,6,2,250 108 43 217 176 61 134 116
layer_11.bin,none,7,1,239 97 181 117 223 42 253 83
layer_12.bin,none,7,1,10 116 202 21 18 50 139 126
layer_13.bin,none,7,1,45 162 83 136 34 208 212 118
layer_14.bin,none,6,2,248 212 101 21 204 54 132 173
layer_15.bin,none,8,0,90 64 227 145 92 138 127 139
layer_16.bin,none,7,1,191 74 183 112 169 172 234 228
layer_17.bin,none,8,0,69 217 196 2 210 152 51 173
layer_18.bin,none,5,3,77 224 96 108 54 146 36 225
layer_19.bin,none,5,3,133 212 115 95 144 248 127 125
layer_20.bin,none,5,3,22 148 72 240 202 144 204 150
layer_21.bin,none,6,2,99 1 225 15 100 252 201 128
layer_22.bin,none,2,6,160 250 245 96 131 108 121 69
layer_23.bin,none,6,2,80 61 17 72 117 121 54 188
layer_24.bin,none,6,2,10 149 87 246 165 69 105 102
layer_25.bin,none,5,3,162 83 45 183 58 67 70 37
layer_26.bin,none,8,0,248 21 115 54 212 59 58 163
layer_27.bin,none,7,1,139 90 221 227 145 147 127 134
layer_28.bin,none,4,4,74 191 169 172 37 174 25 200
layer_29.bin,none,5,3,69 150 51 2 60 34 223 158
layer_30.bin,none,6,2,77 34 64 176 97 45 182 225
layer_31.bin,none,4,4,94 95 212 248 191 240 125 238
layer_32.bin,none,5,3,33 7 64 215 31 178 117 230
layer_33.bin,none,4,4,192 5 161 203 57 95 29 75
layer_34.bin,none,4,4,16 247 61 144 236 10 254 246
layer_35.bin,none,5,3,84 202 53 213 79 115 14 13
layer_36.bin,none,6,2,157 188 110 119 235 154 32 148
layer_37.bin,none,4,4,165 219 120 157 88 35 7 62
layer_38.bin,none,6,2,103 159 249 148 73 245 112 182
layer_39.bin,none,3,5,238 166 2 101 245 169 226 10
layer_00.bin,none,7,1,88 95 140 112 238 173 43 200
layer_01.bin,none,4,4,181 47 152 172 127 33 118 20
layer_02.bin,none,3,5,20 218 62 82 52 197 135 229
layer_03.bin,none,5,3,117 76 150 119 233 190 178 194
layer_04.bin,none,2,6,193 9 62 0 199 5 92 20
layer_05.bin,none,2,6,158 230 43 189 15 68 29 160
layer_06.bin,none,4,4,118 7 124 53 160 230 89 97
layer_07.bin,none,8,0,185 142 47 57 145 136 155 221
layer_08.bin,none,7,1,239 133 237 23 116 106 72 173
layer_09.bin,none,6,2,53 200 207 1 224 113 255 229
layer_10.bin,none,5,3,115 215 196 122 76 231 10 157
layer_11.bin,none,4,4,181 111 239 249 42 183 51 88
layer_12.bin,none,6,2,62 220 193 39 53 199 164 102
layer_13.bin,none,7,1,44 219 212 93 45 189 138 149
layer_14.bin,none,8,0,52 167 54 64 204 125 231 214
layer_15.bin,none,7,1,162 147 165 228 242 120 204 243
layer_16.bin,none,6,2,170 252 32 0 174 229 51 88
layer_17.bin,none,7,1,89 20 69 5 115 1 226 16
layer_18.bin,none,8,0,204 77 197 43 203 91 226 138
layer_19.bin,none,7,1,75 122 88 59 191 212 183 109
layer_20.bin,none,8,0,148 133 72 180 195 239 175 99
layer_21.bin,none,7,1,207 1 99 203 113 85 155 229
layer_22.bin,none,6,2,234 236 116 122 157 247 10 199
layer_23.bin,none,7,1,80 239 162 111 107 249 140 181
layer_24.bin,none,6,2,116 220 144 39 164 193 24 145
layer_25.bin,none,6,2,219 139 45 253 6 138 78 130
layer_26.bin,none,8,0,204 54 52 137 167 214 200 142
layer_27.bin,none,7,1,147 228 162 165 206 233 169 110
layer_28.bin,none,6,2,170 24 152 72 252 88 0 51
layer_29.bin,none,8,0,5 1 69 158 20 89 142 26
layer_30.bin,none,8,0,226 192 77 91 155 176 170 201
layer_31.bin,none,7,1,167 122 59 191 120 30 228 226
layer_32.bin,none,7,1,223 178 47 206 60 158 255 133
layer_33.bin,none,7,1,74 190 81 9 72 40 83 244
layer_34.bin,none,8,0,116 82 1 21 252 85 34 213
layer_35.bin,none,8,0,167 183 36 244 202 84 22 224
layer_36.bin,none,8,0,70 248 68 129 188 74 153 239
layer_37.bin,none,6,2,104 143 58 124 153 182 105 48
layer_38.bin,none,7,1,148 27 92 101 84 212 151 79
layer_39.bin,none,6,2,38 110 243 248 12 78 69 242
layer_00.bin,none,4,4,70 86 41 236 16 211 147 89
layer_01.bin,none,5,3,124 211 33 118 193 220 237 245
layer_02.bin,none,7,1,60 49 139 193 217 255 11 253
layer_03.bin,none,7,1,219 177 30 199 25 159 119 11
layer_04.bin,none,7,1,154 192 149 54 88 152 89 98
layer_05.bin,none,6,2,115 213 153 2 251 155 158 188
layer_06.bin,none,5,3,157 14 79 156 183 138 39 52
layer_07.bin,none,7,1,35 32 76 185 171 229 158 142
layer_08.bin,none,8,0,116 157 61 164 224 220 173 133
layer_09.bin,none,5,3,197 207 5 120 98 198 84 156
layer_10.bin,none,6,2,122 17 196 234 157 63 165 132
layer_11.bin,none,6,2,111 209 181 3 85 101 27 47
layer_12.bin,none,6,2,191 193 166 39 116 237 220 15
layer_13.bin,none,4,4,154 44 219 168 6 113 35 28
layer_14.bin,none,6,2,167 52 93 54 131 51 125 106
layer_15.bin,none,4,4,116 162 233 110 54 147 33 148
layer_16.bin,none,7,1,170 231 205 0 181 32 252 88
layer_17.bin,none,5,3,15 158 89 142 78 108 20 101
layer_18.bin,none,6,2,226 192 203 130 159 204 91 155
layer_19.bin,none,6,2,30 226 4 75 228 59 122 19
layer_20.bin,none,7,1,157 133 148 180 237 72 4 224
layer_21.bin,none,5,3,151 207 120 156 5 229 73 198
layer_22.bin,none,5,3,157 17 63 122 234 185 78 165
layer_23.bin,none,5,3,209 111 181 195 27 47 3 107
layer_24.bin,none,5,3,39 191 145 166 116 220 8 138
layer_25.bin,none,5,3,6 35 138 113 219 199 154 32
layer_26.bin,none,7,1,52 167 54 67 131 137 106 189
layer_27.bin,none,7,1,116 162 110 233 54 206 204 177
layer_28.bin,none,5,3,201 170 138 20 51 152 72 252
layer_29.bin,none,6,2,158 78 20 89 15 142 166 1
layer_30.bin,none,6,2,237 130 226 192 221 91 201 77
layer_31.bin,none,5,3,226 30 70 59 14 237 75 137
layer_32.bin,none,8,0,19 75 206 178 47 197 150 14
layer_33.bin,none,6,2,5 74 103 161 18 59 81 40
layer_34.bin,none,6,2,11 227 213 21 141 63 249 18
layer_35.bin,none,6,2,244 167 43 214 36 210 202 44
layer_36.bin,none,7,1,129 48 251 148 188 153 68 74
layer_37.bin,none,6,2,58 147 57 14 153 162 105 21
layer_38.bin,none,5,3,124 92 79 84 132 127 47 94
layer_39.bin,none,5,3,189 242 2 78 77 203 213 224
layer_00.bin,none,6,2,199 134 211 70 62 151 174 69
layer_01.bin,none,5,3,16 49 234 245 193 101 83 23
layer_02.bin,none,3,5,56 71 83 43 3 75 77 63
layer_03.bin,none,6,2,213 105 199 11 159 25 30 177
layer_04.bin,none,6,2,44 154 192 152 54 121 110 5
layer_05.bin,none,7,1,115 153 251 136 236 23 155 165
layer_06.bin,none,6,2,157 39 14 79 57 209 52 49
layer_07.bin,none,7,1,185 223 32 35 171 76 199 158
layer_08.bin,none,8,0,224 220 133 23 61 72 148 164
layer_09.bin,none,8,0,207 197 5 161 1 229 98 198
layer_10.bin,none,7,1,122 19 165 9 234 132 242 232
layer_11.bin,none,6,2,85 111 59 54 47 158 137 209
layer_12.bin,none,8,0,116 193 39 191 157 208 220 3
layer_13.bin,none,8,0,219 44 154 113 212 93 145 20
layer_14.bin,none,7,1,52 167 93 204 106 54 231 198
layer_15.bin,none,7,1,177 33 147 233 162 54 133 195
layer_16.bin,none,7,1,170 190 26 0 252 231 47 152
layer_17.bin,none,8,0,164 158 142 89 78 15 20 1
layer_18.bin,none,8,0,130 226 250 192 204 203 91 201
layer_19.bin,none,7,1,226 30 70 75 122 59 191 88
layer_20.bin,none,7,1,133 4 180 72 110 148 224 107
layer_21.bin,none,8,0,151 207 5 229 197 73 1 243
layer_22.bin,none,7,1,157 122 19 165 242 63 9 234
layer_23.bin,none,6,2,85 111 158 59 181 47 195 220
layer_24.bin,none,6,2,39 191 220 145 15 116 210 192
layer_25.bin,none,7,1,113 155 219 6 20 78 93 154
layer_26.bin,none,7,1,52 86 167 137 67 54 106 231
layer_27.bin,none,5,3,33 162 177 233 54 181 71 49
layer_28.bin,none,6,2,190 170 51 152 111 55 252 47
layer_29.bin,none,8,0,158 164 20 21 166 142 241 89
layer_30.bin,none,7,1,250 226 197 192 63 204 201 91
layer_31.bin,none,5,3,30 228 226 183 59 96 151 79
layer_32.bin,none,6,2,123 19 76 18 47 150 159 85
layer_33.bin,none,6,2,74 234 95 11 56 59 72 162
layer_34.bin,none,5,3,72 191 240 21 195 1 64 220
layer_35.bin,none,8,0,43 191 167 97 235 185 36 218
layer_36.bin,none,7,1,142 248 49 26 227 125 74 68
layer_37.bin,none,7,1,58 229 126 48 78 175 21 16
layer_38.bin,none,5,3,92 0 119 80 95 84 187 93
layer_39.bin,none,1,7,189 122 197 129 244 44 165 169
layer_00.bin,none,0,8,101 34 35 197 9 179 79 242
layer_01.bin,none,6,2,155 62 146 151 16 20 97 75
layer_02.bin,none,5,3,249 43 210 109 226 149 247 253
layer_03.bin,none,7,1,37 150 230 226 119 130 235 26
layer_04.bin,none,6,2,102 15 142 154 200 241 87 222
layer_05.bin,none,8,0,43 236 158 220 188 165 153 155
layer_06.bin,none,6,2,157 14 79 52 39 196 182 156
layer_07.bin,none,7,1,23 171 199 185 35 76 14 79
layer_08.bin,none,8,0,35 239 57 164 116 180 61 110
layer_09.bin,none,6,2,197 207 203 29 161 41 47 198
layer_10.bin,none,7,1,196 63 88 122 234 157 132 19
layer_11.bin,none,7,1,42 111 98 107 255 85 160 249
layer_12.bin,none,8,0,116 193 39 220 134 145 15 3
layer_13.bin,none,7,1,219 44 45 83 78 130 162 50
layer_14.bin,none,8,0,204 248 54 212 132 44 52 12
layer_15.bin,none,6,2,147 90 227 228 145 3 206 187
layer_16.bin,none,5,3,74 191 172 195 32 228 126 117
layer_17.bin,none,6,2,69 8 1 2 72 243 171 226
layer_18.bin,none,6,2,77 91 58 224 225 166 30 176
layer_19.bin,none,7,1,59 115 133 88 54 212 191 4
layer_20.bin,none,7,1,148 22 72 85 133 139 23 59
layer_21.bin,none,3,5,99 207 1 68 177 154 85 174
layer_22.bin,none,8,0,160 132 251 250 167 207 26 168
layer_23.bin,none,6,2,80 241 98 17 255 111 145 44
layer_24.bin,none,5,3,116 149 10 198 180 176 6 59
layer_25.bin,none,5,3,45 83 139 183 162 2 92 219
layer_26.bin,none,6,2,248 59 204 44 132 52 173 214
layer_27.bin,none,7,1,147 169 3 145 90 228 206 227
layer_28.bin,none,6,2,74 47 195 170 24 26 72 191
layer_29.bin,none,7,1,69 1 150 2 8 142 91 158
layer_30.bin,none,6,2,77 91 225 64 192 226 117 119
layer_31.bin,none,7,1,59 95 88 191 137 122 139 148
layer_32.bin,none,5,3,33 47 178 210 236 63 247 154
layer_33.bin,none,7,1,192 81 126 75 5 72 21 95
layer_34.bin,none,7,1,16 21 1 116 252 10 246 120
layer_35.bin,none,5,3,167 235 202 14 36 212 80 180
layer_36.bin,none,4,4,188 110 196 51 2 157 225 248
layer_37.bin,none,4,4,65 244 165 163 6 66 72 212
layer_38.bin,none,5,3,103 252 191 117 159 43 105 206
layer_39.bin,none,5,3,228 10 222 164 144 223 80 235
layer_00.bin,none,3,5,141 235 208 115 221 81 253 125
layer_01.bin,none,6,2,62 217 155 152 182 146 70 197
layer_02.bin,none,5,3,95 109 43 167 128 106 154 54
layer_03.bin,none,5,3,117 119 219 190 158 4 237 118
layer_04.bin,none,7,1,165 102 45 54 15 142 245 222
layer_05.bin,none,5,3,43 90 188 135 158 127 184 107
layer_06.bin,none,8,0,157 14 79 138 182 156 196 133
layer_07.bin,none,7,1,117 23 229 171 64 76 123 185
layer_08.bin,none,8,0,116 239 35 57 180 4 99 164
layer_09.bin,none,8,0,116 197 191 203 2 59 41 255
layer_10.bin,none,8,0,157 196 88 198 185 65 125 122
layer_11.bin,none,6,2,111 42 128 47 233 206 108 62
layer_12.bin,none,8,0,193 220 93 39 128 15 134 74
layer_13.bin,none,7,1,154 134 6 29 32 74 44 182
layer_14.bin,none,7,1,51 52 125 86 167 47 137 189
layer_15.bin,none,6,2,162 148 243 172 165 58 45 147
layer_16.bin,none,6,2,134 170 0 231 252 43 174 32
layer_17.bin,none,8,0,250 198 87 5 89 20 0 72
layer_18.bin,none,8,0,197 170 204 226 43 201 155 163
layer_19.bin,none,7,1,109 116 205 191 195 20 167 75
layer_20.bin,none,6,2,239 237 137 164 99 116 4 180
layer_21.bin,none,7,1,116 191 203 239 194 127 197 2
layer_22.bin,none,6,2,88 157 247 198 125 65 36 185
layer_23.bin,none,8,0,111 39 128 47 181 107 206 249
layer_24.bin,none,5,3,220 93 54 0 15 74 164 142
layer_25.bin,none,8,0,112 134 138 154 32 182 6 93
layer_26.bin,none,6,2,86 88 51 52 137 54 41 149
layer_27.bin,none,6,2,172 162 165 58 181 147 166 31
layer_28.bin,none,7,1,43 170 5 152 238 252 117 72
layer_29.bin,none,8,0,87 5 1 250 0 20 69 89
layer_30.bin,none,8,0,197 163 170 201 155 226 43 77
layer_31.bin,none,8,0,109 116 167 122 20 4 205 59
layer_32.bin,none,7,1,119 90 223 47 178 255 134 252
layer_33.bin,none,6,2,93 83 86 129 215 32 220 81
layer_34.bin,none,8,0,1 82 132 186 96 26 85 33
layer_35.bin,none,7,1,36 160 167 57 84 235 27 14
layer_36.bin,none,6,2,70 222 153 188 192 20 158 98
layer_37.bin,none,6,2,229 58 124 39 2 163 212 80
layer_38.bin,none,5,3,64 151 202 180 252 191 254 16
layer_39.bin,none,3,5,186 190 91 235 11 133 189 56
layer_00.bin,none,3,5,38 54 167 193 238 44 112 94
layer_01.bin,none,3,5,62 140 217 105 122 117 103 179
layer_02.bin,none,6,2,43 167 154 106 217 54 209 173
layer_03.bin,none,5,3,26 230 91 12 233 119 117 35
layer_04.bin,none,3,5,144 120 20 174 159 213 5 224
layer_05.bin,none,3,5,239 220 160 255 158 215 229 230
layer_06.bin,none,5,3,199 254 65 21 119 89 12 157
layer_07.bin,none,8,0,175 185 245 47 142 199 81 30
layer_08.bin,none,8,0,148 72 22 23 133 35 239 53
layer_09.bin,none,8,0,99 1 207 203 229 116 68 100
layer_10.bin,none,5,3,61 240 115 29 132 43 116 22
layer_11.bin,none,7,1,239 42 111 181 32 187 162 4
layer_12.bin,none,6,2,10 116 202 88 146 176 53 161
layer_13.bin,none,8,0,45 162 83 112 212 208 58 44
layer_14.bin,none,7,1,248 204 54 212 173 44 21 136
layer_15.bin,none,8,0,147 227 228 92 139 90 235 98
layer_16.bin,none,8,0,172 191 112 24 183 117 228 88
layer_17.bin,none,8,0,69 196 152 1 2 109 51 233
layer_18.bin,none,8,0,77 224 138 58 176 108 113 204
layer_19.bin,none,7,1,212 115 192 133 127 88 95 99
layer_20.bin,none,7,1,148 22 72 195 240 85 113 23
layer_21.bin,none,5,3,99 1 254 38 177 252 86 68
layer_22.bin,none,8,0,96 160 149 132 217 251 44 207
layer_23.bin,none,8,0,80 239 17 98 44 72 117 61
layer_24.bin,none,5,3,10 161 116 149 21 220 120 176
layer_25.bin,none,7,1,45 83 162 58 2 139 183 170
layer_26.bin,none,7,1,204 248 173 115 54 142 166 132
layer_27.bin,none,7,1,147 227 228 145 139 90 165 235
layer_28.bin,none,7,1,191 117 172 24 88 169 47 152
layer_29.bin,none,5,3,69 1 5 60 2 149 51 44
layer_30.bin,none,8,0,77 44 91 176 225 197 226 192
layer_31.bin,none,7,1,122 59 88 212 95 167 166 115
layer_32.bin,none,8,0,223 255 47 158 178 236 119 90
layer_33.bin,none,8,0,83 93 81 74 32 220 86 72
layer_34.bin,none,8,0,1 186 246 10 116 33 82 21
layer_35.bin,none,7,1,36 167 202 14 235 224 16 130
layer_36.bin,none,6,2,188 70 153 158 203 102 157 129
layer_37.bin,none,7,1,58 124 229 22 163 64 35 199
layer_38.bin,none,8,0,92 148 118 127 252 212 254 230
layer_39.bin,none,7,1,189 38 2 70 238 78 217 95
layer_00.bin,none,7,1,238 140 43 112 173 95 200 58
layer_01.bin,none,7,1,62 146 217 140 70 155 181 152
layer_02.bin,none,6,2,43 167 217 121 106 72 11 20
layer_03.bin,none,8,0,117 233 236 226 26 230 150 119
layer_04.bin,none,6,2,54 193 45 245 61 144 120 165
layer_05.bin,none,5,3,43 90 188 135 166 248 87 79
layer_06.bin,none,7,1,14 157 65 182 89 138 122 143
layer_07.bin,none,7,1,70 117 176 229 47 22 185 23
layer_08.bin,none,8,0,239 35 104 116 173 179 23 110
layer_09.bin,none,7,1,191 197 113 116 171 169 203 180
layer_10.bin,none,4,4,157 88 196 238 126 125 27 39
layer_11.bin,none,6,2,111 39 239 42 224 181 47 143
layer_12.bin,none,5,3,193 220 154 0 16 62 39 164
layer_13.bin,none,7,1,112 138 44 29 251 212 219 103
layer_14.bin,none,7,1,86 52 167 93 204 54 106 140
layer_15.bin,none,6,2,162 166 172 147 36 191 165 46
layer_16.bin,none,8,0,181 170 231 252 174 0 228 88
layer_17.bin,none,6,2,5 1 89 20 69 166 226 149
layer_18.bin,none,8,0,197 170 226 77 204 91 192 176
layer_19.bin,none,8,0,122 109 212 88 51 191 59 167
layer_20.bin,none,7,1,239 148 133 195 35 72 23 198
layer_21.bin,none,7,1,116 207 1 229 191 120 203 99
layer_22.bin,none,7,1,236 157 88 132 165 116 34 247
layer_23.bin,none,6,2,39 239 111 181 47 140 42 107
layer_24.bin,none,6,2,154 220 116 39 3 43 176 193
layer_25.bin,none,7,1,138 112 6 45 212 219 145 253
layer_26.bin,none,7,1,86 204 54 118 52 67 198 200
layer_27.bin,none,7,1,172 162 147 120 206 228 165 1
layer_28.bin,none,7,1,43 72 47 117 152 24 170 96
layer_29.bin,none,8,0,5 1 89 69 20 223 152 250
layer_30.bin,none,8,0,170 91 77 197 44 226 225 176
layer_31.bin,none,6,2,122 59 167 88 212 109 233 120
layer_32.bin,none,8,0,223 158 47 255 178 119 236 90
layer_33.bin,none,6,2,190 83 232 81 86 74 72 41
layer_34.bin,none,7,1,116 1 10 246 186 33 34 161
layer_35.bin,none,8,0,36 14 167 202 224 235 160 16
layer_36.bin,none,7,1,70 188 153 181 158 129 166 239
layer_37.bin,none,8,0,58 124 22 229 163 64 103 115
layer_38.bin,none,6,2,92 148 118 127 212 71 12 79
layer_39.bin,none,6,2,2 189 70 38 78 69 213 160
layer_00.bin,none,7,1,70 211 62 199 222 151 223 236
layer_01.bin,none,5,3,193 124 245 153 19 49 27 118
layer_02.bin,none,6,2,3 193 188 60 49 11 58 79
layer_03.bin,none,7,1,56 197 11 243 69 159 199 212
layer_04.bin,none,8,0,28 175 88 121 132 233 134 90
layer_05.bin,none,7,1,153 58 60 50 251 71 164 136
layer_06.bin,none,7,1,14 210 168 237 171 69 36 12
layer_07.bin,none,7,1,175 185 38 245 57 81 254 47
layer_08.bin,none,8,0,195 133 72 148 16 23 224 63
layer_09.bin,none,8,0,229 1 207 99 134 44 161 243
layer_10.bin,none,7,1,242 132 146 217 116 165 234 147
layer_11.bin,none,8,0,218 204 223 44 111 32 141 60
layer_12.bin,none,8,0,116 157 208 161 50 3 39 176
layer_13.bin,none,8,0,212 19 45 145 20 93 13 219
layer_14.bin,none,5,3,204 253 213 53 54 214 238 252
layer_15.bin,none,7,1,147 133 195 98 235 155 28 14
layer_16.bin,none,7,1,190 160 117 172 102 252 112 53
layer_17.bin,none,6,2,1 19 152 20 69 158 62 44
layer_18.bin,none,6,2,176 72 91 223 204 130 77 226
layer_19.bin,none,7,1,122 212 85 88 59 143 226 115
layer_20.bin,none,7,1,195 133 148 72 23 233 98 198
layer_21.bin,none,7,1,229 1 207 193 228 255 156 98
layer_22.bin,none,6,2,242 157 132 172 156 34 146 109
layer_23.bin,none,5,3,218 99 60 223 191 63 70 194
layer_24.bin,none,5,3,116 14 210 39 157 166 155 176
layer_25.bin,none,5,3,212 45 145 155 219 19 0 211
layer_26.bin,none,5,3,204 86 198 214 54 253 53 213
layer_27.bin,none,5,3,28 147 133 1 130 14 169 155
layer_28.bin,none,6,2,117 152 47 56 53 72 102 24
layer_29.bin,none,7,1,19 1 223 158 20 222 152 62
layer_30.bin,none,6,2,91 223 44 225 176 192 220 201
layer_31.bin,none,7,1,122 59 212 88 85 157 247 70
layer_32.bin,none,8,0,123 19 255 47 14 236 85 109
layer_33.bin,none,8,0,139 84 72 82 74 95 11 61
layer_34.bin,none,8,0,18 11 191 246 121 10 195 33
layer_35.bin,none,6,2,36 14 129 43 136 167 5 114
layer_36.bin,none,8,0,26 188 153 44 129 158 142 68
layer_37.bin,none,5,3,163 22 162 238 124 213 34 64
layer_38.bin,none,7,1,87 118 127 175 0 79 254 185
layer_39.bin,none,5,3,99 77 70 44 251 116 203 122
layer_00.bin,none,4,4,159 174 211 204 13 116 199 178
layer_01.bin,none,2,6,193 141 162 107 23 30 174 91
layer_02.bin,none,3,5,253 224 207 149 20 122 148 12
layer_03.bin,none,5,3,119 9 197 113 199 69 126 4
layer_04.bin,none,7,1,148 221 28 152 132 121 243 90
layer_05.bin,none,8,0,153 58 60 50 146 136 164 165
layer_06.bin,none,6,2,161 237 14 52 120 125 43 36
layer_07.bin,none,7,1,175 185 245 120 5 81 35 169
layer_08.bin,none,8,0,133 72 148 23 16 224 152 195
layer_09.bin,none,7,1,229 1 207 255 137 199 73 86
layer_10.bin,none,6,2,34 132 242 111 226 172 81 126
layer_11.bin,none,5,3,194 220 191 98 143 121 44 137
layer_12.bin,none,8,0,14 116 157 208 39 3 16 176
layer_13.bin,none,8,0,212 45 145 93 219 44 183 66
layer_14.bin,none,7,1,204 214 253 53 21 54 163 164
layer_15.bin,none,7,1,133 147 155 195 54 204 149 14
layer_16.bin,none,8,0,117 252 160 112 190 47 35 170
layer_17.bin,none,7,1,1 20 223 152 69 89 21 140
layer_18.bin,none,7,1,223 250 91 220 225 176 130 203
layer_19.bin,none,7,1,122 212 85 96 226 88 114 174
layer_20.bin,none,8,0,133 72 195 23 148 191 71 224
layer_21.bin,none,7,1,229 1 207 255 186 193 228 198
layer_22.bin,none,6,2,34 242 157 132 172 111 135 136
layer_23.bin,none,7,1,191 194 121 220 59 98 218 85
layer_24.bin,none,6,2,14 216 39 157 116 11 210 155
layer_25.bin,none,6,2,145 45 212 101 120 113 93 19
layer_26.bin,none,6,2,86 204 242 198 214 14 231 53
layer_27.bin,none,7,1,28 54 155 169 147 133 171 1
layer_28.bin,none,5,3,47 190 117 152 102 32 181 55
layer_29.bin,none,6,2,21 223 1 20 88 225 230 141
layer_30.bin,none,7,1,197 250 223 16 91 220 232 225
layer_31.bin,none,5,3,183 59 96 88 39 228 85 218
layer_32.bin,none,6,2,123 85 47 236 255 21 254 76
layer_33.bin,none,5,3,95 139 162 224 189 82 102 220
layer_34.bin,none,6,2,191 195 240 10 72 121 64 67
layer_35.bin,none,7,1,36 191 16 14 129 185 2 235
layer_36.bin,none,6,2,203 188 26 142 153 39 93 68
layer_37.bin,none,4,4,22 101 209 15 115 78 213 190
layer_38.bin,none,5,3,0 169 119 135 123 118 251 35
layer_39.bin,none,7,1,122 129 117 179 138 44 99 169
layer_00.bin,none,4,4,101 35 11 197 9 242 214 79
layer_01.bin,none,7,1,62 97 146 27 155 150 47 70
layer_02.bin,none,4,4,109 69 210 149 43 130 90 38
layer_03.bin,none,5,3,37 211 226 26 230 236 68 28
layer_04.bin,none,7,1,200 15 61 102 72 142 90 222
layer_05.bin,none,6,2,220 82 188 146 90 153 58 69
layer_06.bin,none,7,1,182 14 52 79 157 246 161 215
layer_07.bin,none,7,1,185 229 2 23 64 199 169 76
layer_08.bin,none,7,1,35 239 179 110 52 193 57 180
layer_09.bin,none,7,1,180 197 203 229 207 161 73 169
layer_10.bin,none,7,1,34 157 88 196 193 132 126 39
layer_11.bin,none,6,2,191 194 111 98 121 188 185 107
layer_12.bin,none,7,1,14 193 3 220 16 39 116 11
layer_13.bin,none,6,2,112 29 44 219 211 99 45 103
layer_14.bin,none,5,3,86 125 53 52 214 242 14 198
layer_15.bin,none,8,0,36 172 162 147 54 155 195 213
layer_16.bin,none,6,2,181 252 152 174 170 32 231 92
layer_17.bin,none,6,2,20 223 42 1 241 198 89 94
layer_18.bin,none,7,1,170 223 122 197 220 204 43 91
layer_19.bin,none,6,2,122 215 153 212 167 96 174 88
layer_20.bin,none,7,1,195 133 72 148 23 239 35 3
layer_21.bin,none,6,2,180 229 203 1 228 252 193 207
layer_22.bin,none,6,2,88 34 247 132 157 126 156 201
layer_23.bin,none,7,1,39 191 63 181 98 106 143 255
layer_24.bin,none,6,2,14 67 39 15 163 16 116 169
layer_25.bin,none,7,1,112 45 145 219 212 244 120 93
layer_26.bin,none,7,1,204 242 86 214 142 198 225 64
layer_27.bin,none,4,4,155 172 166 147 36 98 11 46
layer_28.bin,none,5,3,117 96 47 152 55 40 160 73
layer_29.bin,none,6,2,1 223 5 152 69 229 36 156
layer_30.bin,none,6,2,170 16 197 220 223 85 91 122
layer_31.bin,none,5,3,130 212 39 122 59 143 215 88
layer_32.bin,none,6,2,98 255 158 99 149 47 236 254
layer_33.bin,none,7,1,126 190 232 86 220 82 224 72
layer_34.bin,none,5,3,116 10 34 161 86 169 37 1
layer_35.bin,none,6,2,14 36 39 16 212 167 235 129
layer_36.bin,none,5,3,70 120 49 203 188 153 181 207
layer_37.bin,none,7,1,190 15 58 22 209 124 115 90
layer_38.bin,none,7,1,71 92 148 213 118 212 127 93
layer_39.bin,none,7,1,69 2 189 38 36 70 248 138
layer_00.bin,none,2,6,218 212 65 136 33 66 4 157
layer_01.bin,none,3,5,8 124 193 191 211 167 178 33
layer_02.bin,none,2,6,188 87 170 91 223 194 60 141
layer_03.bin,none,6,2,30 177 25 113 242 228 199 202
layer_04.bin,none,7,1,253 54 88 110 152 192 98 228
layer_05.bin,none,5,3,31 146 82 236 11 165 153 44
layer_06.bin,none,6,2,52 182 14 135 157 142 42 246
layer_07.bin,none,6,2,169 237 185 2 220 61 171 35
layer_08.bin,none,4,4,86 157 186 120 164 220 142 193
layer_09.bin,none,5,3,156 73 0 98 197 207 47 14
layer_10.bin,none,3,5,12 34 114 220 253 72 132 84
layer_11.bin,none,5,3,156 191 98 255 99 85 101 247
layer_12.bin,none,5,3,14 155 39 206 157 116 203 134
layer_13.bin,none,5,3,42 113 29 219 20 111 22 145
layer_14.bin,none,6,2,93 14 218 242 167 231 54 214
layer_15.bin,none,6,2,54 71 195 155 169 110 36 147
layer_16.bin,none,5,3,32 47 147 170 96 181 231 55
layer_17.bin,none,5,3,223 89 88 1 218 185 174 8
layer_18.bin,none,5,3,72 223 220 203 91 16 71 22
layer_19.bin,none,7,1,226 96 70 122 183 30 59 212
layer_20.bin,none,6,2,133 148 220 4 72 120 157 195
layer_21.bin,none,5,3,156 229 207 151 252 240 128 117
layer_22.bin,none,3,5,12 34 220 132 114 117 253 81
layer_23.bin,none,3,5,191 156 255 98 99 247 202 208
layer_24.bin,none,5,3,14 39 206 67 155 116 59 15
layer_25.bin,none,5,3,42 111 113 20 145 93 175 120
layer_26.bin,none,6,2,14 179 242 96 214 204 180 167
layer_27.bin,none,5,3,54 71 169 155 133 3 171 1
layer_28.bin,none,5,3,147 47 72 152 170 119 137 201
layer_29.bin,none,5,3,223 185 1 89 139 206 230 104
layer_30.bin,none,5,3,72 190 91 220 16 223 237 221
layer_31.bin,none,4,4,70 96 226 59 28 71 88 30
layer_32.bin,none,3,5,116 75 47 21 18 201 156 236
layer_33.bin,none,5,3,59 182 11 224 168 6 40 81
layer_34.bin,none,3,5,205 152 95 10 55 21 33 64
layer_35.bin,none,7,1,212 39 167 36 191 16 99 129
layer_36.bin,none,6,2,251 117 49 203 188 153 68 34
layer_37.bin,none,6,2,209 153 15 90 22 124 193 48
layer_38.bin,none,3,5,86 127 139 118 124 106 212 80
layer_39.bin,none,2,6,203 72 36 244 27 15 70 183
layer_00.bin,none,4,4,223 41 62 163 2 4 86 36
layer_01.bin,none,3,5,32 133 185 193 241 97 144 245
layer_02.bin,none,3,5,83 247 63 157 89 141 55 182
layer_03.bin,none,4,4,228 58 15 39 154 177 243 213
layer_04.bin,none,4,4,149 192 152 164 36 110 132 51
layer_05.bin,none,7,1,115 153 82 146 165 252 2 236
layer_06.bin,none,5,3,245 136 52 135 62 171 157 125
layer_07.bin,none,6,2,185 169 237 171 131 35 57 126
layer_08.bin,none,4,4,133 159 242 220 246 171 23 16
layer_09.bin,none,5,3,207 229 47 73 224 54 186 198
layer_10.bin,none,5,3,117 34 12 81 132 232 17 165
layer_11.bin,none,5,3,209 191 170 98 3 137 145 231
layer_12.bin,none,4,4,14 116 59 157 201 39 225 143
layer_13.bin,none,6,2,145 219 93 212 42 127 113 151
layer_14.bin,none,8,0,214 242 14 204 231 164 44 167
layer_15.bin,none,6,2,54 155 133 195 169 71 215 122
layer_16.bin,none,4,4,47 193 138 170 40 154 252 72
layer_17.bin,none,5,3,78 223 49 1 89 185 140 152
layer_18.bin,none,6,2,223 91 141 130 220 151 72 144
layer_19.bin,none,7,1,96 226 70 122 11 30 212 59
layer_20.bin,none,6,2,133 159 220 148 72 242 23 3
layer_21.bin,none,4,4,229 207 224 252 221 1 98 103
layer_22.bin,none,6,2,117 216 12 17 132 34 81 217
layer_23.bin,none,4,4,191 209 98 59 151 116 3 213
layer_24.bin,none,5,3,14 128 157 39 119 116 59 175
layer_25.bin,none,6,2,120 19 145 42 93 113 222 100
layer_26.bin,none,6,2,242 231 214 218 14 198 204 183
layer_27.bin,none,7,1,54 171 155 71 169 133 1 88
layer_28.bin,none,3,5,193 47 117 82 40 95 55 32
layer_29.bin,none,5,3,78 223 88 21 49 1 61 185
layer_30.bin,none,7,1,162 16 220 223 232 50 91 250
layer_31.bin,none,6,2,183 70 88 96 215 59 11 122
layer_32.bin,none,6,2,179 47 255 125 75 146 236 104
layer_33.bin,none,5,3,5 75 133 6 181 54 132 82
layer_34.bin,none,3,5,5 227 44 10 238 61 109 20
layer_35.bin,none,7,1,210 148 74 129 14 16 190 36
layer_36.bin,none,8,0,39 115 227 203 142 188 153 68
layer_37.bin,none,4,4,27 78 101 169 126 22 219 178
layer_38.bin,none,7,1,169 93 251 119 215 139 254 61
layer_39.bin,none,5,3,122 75 158 117 179 129 139 225
layer_00.bin,none,1,7,22 187 121 46 63 171 11 157
layer_01.bin,none,1,7,223 133 206 44 183 169 10 66
layer_02.bin,none,4,4,235 149 107 247 83 43 22 192
layer_03.bin,none,7,1,226 228 15 166 150 213 177 188
layer_04.bin,none,4,4,65 105 228 139 242 253 123 54
layer_05.bin,none,5,3,161 146 10 236 165 202 82 69
layer_06.bin,none,5,3,182 52 245 147 142 62 135 90
layer_07.bin,none,4,4,169 131 253 185 44 2 14 66
layer_08.bin,none,4,4,35 86 164 193 4 77 23 3
layer_09.bin,none,6,2,240 161 98 47 0 197 169 156
layer_10.bin,none,5,3,88 34 216 12 253 114 72 196
layer_11.bin,none,3,5,191 98 142 49 255 20 195 66
layer_12.bin,none,5,3,14 67 39 116 15 193 203 223
layer_13.bin,none,4,4,112 111 29 113 99 222 219 100
layer_14.bin,none,6,2,40 125 242 214 47 57 198 14
layer_15.bin,none,7,1,36 166 147 155 54 195 133 162
layer_16.bin,none,6,2,96 32 117 170 252 152 231 55
layer_17.bin,none,5,3,223 1 241 102 94 89 156 152
layer_18.bin,none,6,2,122 223 220 148 138 204 91 77
layer_19.bin,none,6,2,122 215 212 143 11 96 174 167
layer_20.bin,none,6,2,195 133 72 23 148 40 3 186
layer_21.bin,none,7,1,240 229 1 193 128 207 252 255
layer_22.bin,none,5,3,88 126 34 156 217 194 201 184
layer_23.bin,none,6,2,63 191 49 215 204 106 39 239
layer_24.bin,none,4,4,163 169 14 18 67 16 39 77
layer_25.bin,none,6,2,212 112 45 145 244 93 138 70
layer_26.bin,none,4,4,242 204 40 214 225 253 54 66
layer_27.bin,none,5,3,155 98 166 147 11 188 139 195
layer_28.bin,none,4,4,117 160 172 124 96 40 112 87
layer_29.bin,none,4,4,152 1 69 156 44 233 149 98
layer_30.bin,none,5,3,92 138 176 122 223 77 220 44
layer_31.bin,none,4,4,212 122 180 215 143 95 50 174
layer_32.bin,none,4,4,255 2 158 75 241 88 116 73
layer_33.bin,none,2,6,110 220 50 130 168 182 106 82
layer_34.bin,none,1,7,218 123 37 254 205 169 108 40
layer_35.bin,none,7,1,14 84 87 53 96 194 202 235
layer_36.bin,none,4,4,188 253 135 136 154 153 28 166
layer_37.bin,none,5,3,163 219 115 199 229 129 25 52
layer_38.bin,none,3,5,239 135 175 93 191 60 31 83
layer_39.bin,none,4,4,25 140 243 225 46 108 216 222
layer_00.bin,none,1,7,241 135 108 57 88 182 61 83
layer_01.bin,none,6,2,146 192 11 140 182 193 48 233
layer_02.bin,none,5,3,36 8 237 253 39 149 115 247
layer_03.bin,none,3,5,226 106 69 29 110 236 151 126
layer_04.bin,none,4,4,171 28 233 247 129 90 45 165
layer_05.bin,none,8,0,146 50 58 82 153 220 69 60
layer_06.bin,none,3,5,182 246 255 210 76 155 36 75
layer_07.bin,none,6,2,175 245 185 105 81 154 57 76
layer_08.bin,none,5,3,195 72 133 148 23 238 80 40
layer_09.bin,none,7,1,69 229 180 1 99 86 207 255
layer_10.bin,none,4,4,88 126 132 194 70 34 86 217
layer_11.bin,none,6,2,39 63 204 150 188 32 191 239
layer_12.bin,none,4,4,145 161 214 18 211 144 163 209
layer_13.bin,none,7,1,212 45 112 93 171 103 66 58
layer_14.bin,none,5,3,204 54 214 125 164 225 159 55
layer_15.bin,none,7,1,147 46 98 11 155 172 36 195
layer_16.bin,none,7,1,172 160 40 124 144 117 252 51
layer_17.bin,none,8,0,69 233 152 156 1 44 248 64
layer_18.bin,none,6,2,122 176 92 138 170 220 77 52
layer_19.bin,none,7,1,122 180 212 215 167 143 35 174
layer_20.bin,none,8,0,195 72 133 148 23 186 22 139
layer_21.bin,none,7,1,69 1 193 99 128 232 228 180
layer_22.bin,none,6,2,126 217 149 88 194 147 25 156
layer_23.bin,none,5,3,204 32 39 63 104 7 61 239
layer_24.bin,none,3,5,163 169 211 13 87 43 88 151
layer_25.bin,none,6,2,212 45 112 83 138 203 248 202
layer_26.bin,none,6,2,54 204 248 90 253 214 66 164
layer_27.bin,none,7,1,147 46 98 139 11 155 228 227
layer_28.bin,none,7,1,172 124 160 61 104 112 191 117
layer_29.bin,none,7,1,233 69 44 152 156 98 2 192
layer_30.bin,none,7,1,176 92 138 77 170 44 175 122
layer_31.bin,none,8,0,180 212 95 122 50 143 166 215
layer_32.bin,none,5,3,60 2 255 241 204 27 73 67
layer_33.bin,none,4,4,110 50 33 229 67 130 66 106
layer_34.bin,none,6,2,218 123 254 93 37 27 247 40
layer_35.bin,none,7,1,14 84 202 194 87 53 13 115
layer_36.bin,none,7,1,135 188 157 158 28 154 119 82
layer_37.bin,none,7,1,219 163 199 129 104 1 103 64
layer_38.bin,none,5,3,239 135 60 175 109 198 45 249
layer_39.bin,none,2,6,140 96 110 243 187 195 184 12
layer_00.bin,none,1,7,211 163 75 195 120 184 189 232
layer_01.bin,none,2,6,27 231 167 55 35 208 78 1
layer_02.bin,none,2,6,32 91 187 188 79 224 42 216
layer_03.bin,none,5,3,56 163 224 69 109 93 249 196
layer_04.bin,none,4,4,134 28 46 175 147 233 186 206
layer_05.bin,none,4,4,60 22 64 108 251 77 95 154
layer_06.bin,none,4,4,12 210 195 30 69 7 72 98
layer_07.bin,none,7,1,245 175 142 75 30 6 81 5
layer_08.bin,none,7,1,72 22 148 133 63 23 123 145
layer_09.bin,none,7,1,99 1 44 100 221 32 128 134
layer_10.bin,none,3,5,217 135 70 146 149 131 254 77
layer_11.bin,none,7,1,32 204 97 37 83 143 61 63
layer_12.bin,none,5,3,50 13 38 208 185 163 91 239
layer_13.bin,none,7,1,212 45 215 180 83 162 136 0
layer_14.bin,none,7,1,54 196 204 248 17 212 225 164
layer_15.bin,none,7,1,147 227 138 92 12 139 188 90
layer_16.bin,none,6,2,172 59 107 144 112 102 234 254
layer_17.bin,none,6,2,69 54 233 18 152 86 156 2
layer_18.bin,none,5,3,176 92 77 129 209 146 182 138
layer_19.bin,none,4,4,180 212 37 219 35 48 89 55
layer_20.bin,none,8,0,72 22 148 195 23 133 175 240
layer_21.bin,none,7,1,99 1 128 71 100 32 68 252
layer_22.bin,none,5,3,135 149 217 109 77 194 250 70
layer_23.bin,none,5,3,204 32 61 14 19 118 7 63
layer_24.bin,none,6,2,240 47 163 87 91 50 246 69
layer_25.bin,none,6,2,203 83 215 212 45 162 180 248
layer_26.bin,none,6,2,54 248 196 144 204 90 115 78
layer_27.bin,none,6,2,139 12 147 18 178 255 98 126
layer_28.bin,none,5,3,172 254 105 59 107 234 191 40
layer_29.bin,none,5,3,69 54 233 2 156 4 170 152
layer_30.bin,none,4,4,176 92 129 77 241 18 138 209
layer_31.bin,none,5,3,180 37 55 212 95 54 157 83
layer_32.bin,none,3,5,27 92 144 78 26 248 73 255
layer_33.bin,none,3,5,110 176 250 47 67 50 235 54
layer_34.bin,none,6,2,121 13 254 249 80 37 40 123
layer_35.bin,none,5,3,176 121 14 53 77 202 87 9
layer_36.bin,none,3,5,126 188 17 103 31 21 154 28
layer_37.bin,none,3,5,132 110 219 214 1 199 170 113
layer_38.bin,none,3,5,156 175 149 60 122 141 239 197
layer_39.bin,none,0,8,8 251 32 83 209 57 87 66
layer_00.bin,none,0,8,240 239 209 98 159 69 17 164
layer_01.bin,none,7,1,27 231 69 47 208 55 78 35
layer_02.bin,none,6,2,91 224 32 188 148 240 42 79
layer_03.bin,none,7,1,163 56 87 224 167 93 69 173
layer_04.bin,none,7,1,28 46 134 147 175 233 206 210
layer_05.bin,none,7,1,60 22 64 251 108 154 77 75
layer_06.bin,none,7,1,195 30 249 233 7 210 72 69
layer_07.bin,none,8,0,245 175 142 81 5 30 6 75
layer_08.bin,none,8,0,72 22 133 63 148 23 16 123
layer_09.bin,none,7,1,1 99 221 44 100 134 0 243
layer_10.bin,none,6,2,135 70 149 146 217 131 25 194
layer_11.bin,none,7,1,32 143 97 204 83 37 63 237
layer_12.bin,none,7,1,50 38 13 208 188 185 239 163
layer_13.bin,none,7,1,212 215 83 45 162 185 58 130
layer_14.bin,none,8,0,196 54 204 248 212 21 113 244
layer_15.bin,none,7,1,147 227 155 92 188 12 138 100
layer_16.bin,none,7,1,172 59 40 144 160 53 102 254
layer_17.bin,none,6,2,69 233 156 170 152 27 1 2
layer_18.bin,none,7,1,176 92 129 77 138 241 32 220
layer_19.bin,none,7,1,180 212 99 122 37 48 47 55
layer_20.bin,none,8,0,195 72 22 148 23 240 133 175
layer_21.bin,none,6,2,99 1 128 100 71 142 193 86
layer_22.bin,none,6,2,135 149 70 60 194 250 87 20
layer_23.bin,none,6,2,32 204 61 167 14 19 143 112
layer_24.bin,none,6,2,240 50 38 163 246 69 87 89
layer_25.bin,none,7,1,203 215 83 248 45 212 229 162
layer_26.bin,none,8,0,54 248 196 204 90 115 212 78
layer_27.bin,none,8,0,12 139 147 227 155 18 255 98
layer_28.bin,none,7,1,172 254 59 40 234 191 104 112
layer_29.bin,none,7,1,69 233 44 2 170 152 4 156
layer_30.bin,none,8,0,92 176 129 241 116 77 199 138
layer_31.bin,none,7,1,180 212 95 247 49 83 157 54
layer_32.bin,none,7,1,27 73 144 26 255 28 7 78
layer_33.bin,none,6,2,110 47 70 67 235 250 229 50
layer_34.bin,none,5,3,121 13 254 128 247 123 109 5
layer_35.bin,none,8,0,14 202 53 16 87 9 97 13
layer_36.bin,none,5,3,188 135 154 157 28 136 82 158
layer_37.bin,none,7,1,132 219 1 170 113 199 103 100
layer_38.bin,none,4,4,175 60 135 122 239 242 102 243
layer_39.bin,none,4,4,8 32 57 184 176 150 195 243
layer_00.bin,none,7,1,211 70 77 159 239 174 124 151
layer_01.bin,none,1,7,80 214 69 235 141 63 44 0
layer_02.bin,none,4,4,111 224 148 184 253 154 240 132
layer_03.bin,none,3,5,119 191 9 33 143 131 40 56
layer_04.bin,none,7,1,134 206 147 148 28 46 221 77
layer_05.bin,none,6,2,60 64 22 83 42 233 251 108
layer_06.bin,none,6,2,233 72 195 249 191 30 32 125
layer_07.bin,none,7,1,245 175 78 30 5 185 81 166
layer_08.bin,none,7,1,72 22 172 133 63 23 50 148
layer_09.bin,none,7,1,99 1 44 221 100 225 15 243
layer_10.bin,none,5,3,135 179 60 149 137 217 242 116
layer_11.bin,none,4,4,222 220 97 32 167 14 225 204
layer_12.bin,none,5,3,185 38 50 69 55 139 202 120
layer_13.bin,none,6,2,83 101 45 212 215 203 162 208
layer_14.bin,none,6,2,54 196 248 204 115 57 201 105
layer_15.bin,none,7,1,227 147 139 92 145 138 112 188
layer_16.bin,none,6,2,172 56 254 40 102 59 190 233
layer_17.bin,none,4,4,69 233 21 156 19 126 171 98
layer_18.bin,none,8,0,176 92 129 77 141 99 138 241
layer_19.bin,none,7,1,180 99 212 95 114 35 83 48
layer_20.bin,none,8,0,72 22 148 195 240 121 133 144
layer_21.bin,none,6,2,99 1 128 100 142 119 225 107
layer_22.bin,none,6,2,135 137 149 250 179 70 242 233
layer_23.bin,none,7,1,167 32 204 222 14 218 61 117
layer_24.bin,none,7,1,240 50 38 163 20 55 185 73
layer_25.bin,none,8,0,215 101 203 83 248 45 0 58
layer_26.bin,none,6,2,54 163 204 248 196 94 57 90
layer_27.bin,none,6,2,147 139 155 227 6 235 28 98
layer_28.bin,none,6,2,254 172 209 234 160 40 59 233
layer_29.bin,none,6,2,233 69 44 94 170 152 9 156
layer_30.bin,none,8,0,92 241 129 116 77 151 152 138
layer_31.bin,none,6,2,49 212 180 122 133 95 174 115
layer_32.bin,none,6,2,255 123 73 109 27 67 241 78
layer_33.bin,none,6,2,110 61 70 162 167 102 229 235
layer_34.bin,none,5,3,121 13 254 40 218 123 108 222
layer_35.bin,none,7,1,14 53 129 16 64 142 97 202
layer_36.bin,none,5,3,154 26 188 153 31 4 93 32
layer_37.bin,none,7,1,100 132 170 1 101 199 113 219
layer_38.bin,none,5,3,175 122 243 143 109 61 202 46
layer_39.bin,none,6,2,8 57 32 176 163 184 108 67
layer_00.bin,none,2,6,179 130 145 119 91 213 79 197
layer_01.bin,none,1,7,64 139 0 106 123 87 216 59
layer_02.bin,none,1,7,40 37 175 25 164 88 111 18
layer_03.bin,none,2,6,59 142 205 69 135 208 37 80
layer_04.bin,none,4,4,241 131 230 90 28 15 151 129
layer_05.bin,none,6,2,22 50 58 146 139 153 55 60
layer_06.bin,none,4,4,30 210 249 26 246 72 255 169
layer_07.bin,none,5,3,245 175 81 185 154 3 5 105
layer_08.bin,none,6,2,72 195 133 148 23 16 21 1
layer_09.bin,none,7,1,69 229 1 207 99 12 255 44
layer_10.bin,none,5,3,70 137 135 87 147 126 217 156
layer_11.bin,none,5,3,174 63 32 178 167 7 204 99
layer_12.bin,none,6,2,160 163 240 116 21 161 119 38
layer_13.bin,none,8,0,212 45 215 101 58 145 93 83
layer_14.bin,none,7,1,204 54 214 196 242 225 44 253
layer_15.bin,none,7,1,155 147 98 23 188 235 195 165
layer_16.bin,none,7,1,117 172 40 160 114 252 72 32
layer_17.bin,none,6,2,1 156 94 69 233 44 223 170
layer_18.bin,none,7,1,220 223 92 138 129 176 151 241
layer_19.bin,none,5,3,122 212 96 222 215 94 130 37
layer_20.bin,none,8,0,195 133 40 72 148 139 3 23
layer_21.bin,none,4,4,69 229 1 207 161 59 117 103
layer_22.bin,none,5,3,137 70 20 156 34 184 201 172
layer_23.bin,none,6,2,174 191 63 98 167 215 46 60
layer_24.bin,none,4,4,14 128 163 119 50 160 116 53
layer_25.bin,none,4,4,120 45 161 244 222 145 97 101
layer_26.bin,none,4,4,242 204 40 211 44 198 214 218
layer_27.bin,none,5,3,155 23 42 147 1 54 133 171
layer_28.bin,none,3,5,212 117 55 151 89 193 219 40
layer_29.bin,none,6,2,94 223 1 88 10 91 61 170
layer_30.bin,none,5,3,220 16 232 99 223 127 225 91
layer_31.bin,none,7,1,183 49 122 88 59 191 39 96
layer_32.bin,none,3,5,255 57 47 3 236 125 227 254
layer_33.bin,none,5,3,126 162 90 132 47 166 137 113
layer_34.bin,none,2,6,91 120 44 20 10 103 163 203
layer_35.bin,none,4,4,64 21 129 173 74 128 9 78
layer_36.bin,none,6,2,2 93 165 39 75 124 171 32
layer_37.bin,none,6,2,65 101 123 27 61 2 19 16
layer_38.bin,none,7,1,61 93 251 169 134 143 202 159
layer_39.bin,none,7,1,129 158 117 139 122 163 235 225
layer_00.bin,none,2,6,141 235 221 190 253 208 115 61
layer_01.bin,none,5,3,155 93 244 47 182 197 46 11
layer_02.bin,none,4,4,34 40 17 164 88 59 145 210
layer_03.bin,none,3,5,37 235 187 12 231 130 84 152
layer_04.bin,none,6,2,236 142 222 15 102 95 67 13
layer_05.bin,none,5,3,186 193 90 103 47 58 65 104
layer_06.bin,none,6,2,153 246 167 215 147 52 43 120
layer_07.bin,none,8,0,23 185 29 64 78 176 117 76
layer_08.bin,none,8,0,116 57 89 234 239 180 133 4
layer_09.bin,none,6,2,126 164 116 94 191 228 29 161
layer_10.bin,none,6,2,169 198 130 125 248 34 132 113
layer_11.bin,none,5,3,189 191 19 98 174 161 233 128
layer_12.bin,none,8,0,14 63 93 74 128 26 160 39
layer_13.bin,none,7,1,147 43 66 212 45 134 32 97
layer_14.bin,none,7,1,51 86 124 214 125 189 20 64
layer_15.bin,none,7,1,147 162 200 81 148 191 243 195
layer_16.bin,none,6,2,5 174 252 196 117 170 32 151
layer_17.bin,none,6,2,250 172 20 76 89 1 198 241
layer_18.bin,none,4,4,179 0 57 187 43 50 223 105
layer_19.bin,none,7,1,122 109 116 12 191 195 20 88
layer_20.bin,none,7,1,239 234 195 133 180 179 191 99
layer_21.bin,none,7,1,126 164 116 191 29 229 94 207
layer_22.bin,none,3,5,248 198 247 169 130 195 113 211
layer_23.bin,none,4,4,189 161 36 128 143 86 111 243
layer_24.bin,none,5,3,63 74 93 15 14 26 3 34
layer_25.bin,none,5,3,147 43 134 61 33 45 6 253
layer_26.bin,none,6,2,86 53 51 20 204 148 147 124
layer_27.bin,none,6,2,200 162 1 147 81 181 191 14
layer_28.bin,none,7,1,43 151 117 133 5 210 160 156
layer_29.bin,none,6,2,87 1 57 76 0 250 223 172
layer_30.bin,none,7,1,163 44 179 223 201 187 77 91
layer_31.bin,none,8,0,122 116 12 109 59 88 191 212
layer_32.bin,none,7,1,223 119 255 178 181 47 132 247
layer_33.bin,none,6,2,93 83 129 86 72 51 74 108
layer_34.bin,none,6,2,82 132 1 130 62 10 246 96
layer_35.bin,none,7,1,36 14 160 202 142 129 27 167
layer_36.bin,none,7,1,188 153 70 222 158 60 154 224
layer_37.bin,none,6,2,163 58 39 213 175 34 229 124
layer_38.bin,none,4,4,64 252 221 254 207 184 92 175
layer_39.bin,none,4,4,186 190 91 67 133 189 22 169
layer_00.bin,none,2,6,38 54 193 167 44 244 94 112
layer_01.bin,none,2,6,46 105 47 58 122 246 117 137
layer_02.bin,none,2,6,128 121 145 53 19 156 104 54
layer_03.bin,none,4,4,26 230 233 143 78 210 48 117
layer_04.bin,none,5,3,67 144 81 245 145 179 193 163
layer_05.bin,none,5,3,90 188 109 47 43 176 145 214
layer_06.bin,none,3,5,215 60 153 131 187 141 96 181
layer_07.bin,none,5,3,176 117 70 237 23 229 231 201
layer_08.bin,none,6,2,239 116 104 179 237 33 57 73
layer_09.bin,none,5,3,126 191 116 113 171 84 30 115
layer_10.bin,none,4,4,115 157 166 248 211 36 48 240
layer_11.bin,none,2,6,233 133 111 36 112 249 41 28
layer_12.bin,none,2,6,93 212 44 164 3 218 54 85
layer_13.bin,none,6,2,33 138 6 44 251 212 3 2
layer_14.bin,none,6,2,147 86 53 93 204 167 57 52
layer_15.bin,none,7,1,191 166 147 133 162 54 195 213
layer_16.bin,none,7,1,151 156 170 181 252 47 174 160
layer_17.bin,none,6,2,5 1 20 57 110 89 152 166
layer_18.bin,none,7,1,128 226 91 176 204 223 77 192
layer_19.bin,none,7,1,122 212 88 12 120 59 109 226
layer_20.bin,none,8,0,195 148 133 239 72 23 198 233
layer_21.bin,none,7,1,116 229 126 1 191 207 120 254
layer_22.bin,none,7,1,236 157 248 161 34 247 132 165
layer_23.bin,none,6,2,140 36 111 181 223 121 194 39
layer_24.bin,none,8,0,116 220 154 93 14 3 39 176
layer_25.bin,none,7,1,33 6 212 138 45 145 142 253
layer_26.bin,none,8,0,204 86 147 118 53 54 52 163
layer_27.bin,none,7,1,1 147 162 14 233 133 169 102
layer_28.bin,none,8,0,156 43 72 117 160 47 112 152
layer_29.bin,none,8,0,1 5 57 152 69 158 223 20
layer_30.bin,none,7,1,201 91 44 128 226 225 192 77
layer_31.bin,none,7,1,122 59 212 12 88 167 120 240
layer_32.bin,none,8,0,223 255 47 158 178 119 247 236
layer_33.bin,none,6,2,83 72 74 190 41 73 93 81
layer_34.bin,none,8,0,116 186 246 1 10 82 34 132
layer_35.bin,none,8,0,36 14 129 167 224 202 16 244
layer_36.bin,none,7,1,188 70 153 129 158 181 102 74
layer_37.bin,none,8,0,58 22 163 124 213 219 238 39
layer_38.bin,none,7,1,92 118 148 127 175 12 79 212
layer_39.bin,none,8,0,238 189 2 70 38 78 95 190
layer_00.bin,none,7,1,43 112 238 140 173 200 58 30
layer_01.bin,none,4,4,46 47 181 137 188 249 213 20
layer_02.bin,none,2,6,186 20 140 165 54 82 174 215
layer_03.bin,none,7,1,233 117 26 103 226 230 150 236
layer_04.bin,none,6,2,193 144 245 62 140 61 246 145
layer_05.bin,none,4,4,220 145 230 106 85 109 15 188
layer_06.bin,none,4,4,118 199 96 98 89 160 181 239
layer_07.bin,none,6,2,176 47 237 221 195 185 245 112
layer_08.bin,none,7,1,239 148 195 72 133 175 185 198
layer_09.bin,none,7,1,113 126 53 1 229 99 207 86
layer_10.bin,none,3,5,115 240 21 121 215 71 167 22
layer_11.bin,none,5,3,181 239 143 41 42 5 51 224
layer_12.bin,none,6,2,116 53 62 212 3 161 176 154
layer_13.bin,none,7,1,45 212 58 83 171 183 145 177
layer_14.bin,none,7,1,204 54 163 173 53 165 248 164
layer_15.bin,none,8,0,147 235 98 227 14 228 195 133
layer_16.bin,none,5,3,160 172 117 104 183 112 115 176
layer_17.bin,none,6,2,69 233 152 1 44 226 209 235
layer_18.bin,none,6,2,241 152 176 77 138 223 37 171
layer_19.bin,none,7,1,122 212 133 174 180 192 54 94
layer_20.bin,none,7,1,195 148 133 72 23 240 22 174
layer_21.bin,none,8,0,1 225 229 99 243 100 193 254
layer_22.bin,none,7,1,34 132 148 236 134 111 168 126
layer_23.bin,none,8,0,223 121 140 80 63 194 111 239
layer_24.bin,none,6,2,116 14 220 176 126 3 113 18
layer_25.bin,none,7,1,212 45 138 145 130 83 183 70
layer_26.bin,none,5,3,163 204 54 31 142 249 212 30
layer_27.bin,none,7,1,1 228 147 14 227 233 82 155
layer_28.bin,none,6,2,160 117 209 172 24 47 183 197
layer_29.bin,none,7,1,1 5 69 44 158 152 60 223
layer_30.bin,none,8,0,44 45 91 225 201 77 192 128
layer_31.bin,none,8,0,122 59 212 88 240 120 95 233
layer_32.bin,none,8,0,223 255 47 158 236 178 206 31
layer_33.bin,none,8,0,190 72 41 74 81 82 83 217
layer_34.bin,none,7,1,116 246 10 213 97 34 82 1
layer_35.bin,none,8,0,36 14 129 224 244 167 202 16
layer_36.bin,none,7,1,188 70 153 129 158 239 78 181
layer_37.bin,none,8,0,58 22 124 163 219 213 238 103
layer_38.bin,none,8,0,92 118 127 148 175 79 12 212
layer_39.bin,none,7,1,2 189 70 38 78 69 213 242
layer_00.bin,none,7,1,211 236 70 151 62 223 124 222
layer_01.bin,none,3,5,193 149 120 124 245 89 92 167
layer_02.bin,none,5,3,3 60 193 157 76 58 188 49
layer_03.bin,none,5,3,197 243 56 36 199 39 11 157
layer_04.bin,none,7,1,28 192 200 233 152 175 121 51
layer_05.bin,none,8,0,60 50 58 136 153 251 164 82
layer_06.bin,none,8,0,125 168 12 237 210 14 43 171
layer_07.bin,none,8,0,175 185 245 81 246 57 32 120
layer_08.bin,none,8,0,195 72 148 133 23 16 85 198
layer_09.bin,none,6,2,1 229 99 254 115 207 149 134
layer_10.bin,none,7,1,242 132 34 122 217 165 233 126
layer_11.bin,none,6,2,223 218 137 194 59 44 111 10
layer_12.bin,none,8,0,116 157 208 3 161 176 14 50
layer_13.bin,none,7,1,212 45 180 183 145 25 83 58
layer_14.bin,none,6,2,163 204 53 253 191 21 252 54
layer_15.bin,none,7,1,14 133 1 155 149 147 195 235
layer_16.bin,none,8,0,160 117 190 112 172 183 82 176
layer_17.bin,none,7,1,1 69 19 44 152 20 223 158
layer_18.bin,none,7,1,241 152 250 225 201 176 77 97
layer_19.bin,none,8,0,122 85 212 88 59 180 174 115
layer_20.bin,none,7,1,195 133 148 72 23 21 233 198
layer_21.bin,none,7,1,1 229 254 225 243 98 228 99
layer_22.bin,none,7,1,242 157 132 34 172 111 122 165
layer_23.bin,none,6,2,223 218 194 121 85 59 111 10
layer_24.bin,none,7,1,116 14 220 210 176 11 157 3
layer_25.bin,none,5,3,212 145 45 37 211 183 19 0
layer_26.bin,none,5,3,204 86 163 53 191 54 158 253
layer_27.bin,none,7,1,1 28 130 14 172 155 169 227
layer_28.bin,none,7,1,160 190 117 102 47 183 197 181
layer_29.bin,none,7,1,1 19 223 21 93 225 158 20
layer_30.bin,none,8,0,197 201 225 152 44 91 63 250
layer_31.bin,none,8,0,122 59 85 88 157 212 167 95
layer_32.bin,none,7,1,123 255 236 31 19 245 247 47
layer_33.bin,none,6,2,139 72 95 220 51 61 74 205
layer_34.bin,none,8,0,191 195 10 121 246 72 1 240
layer_35.bin,none,8,0,14 36 129 136 43 53 16 171
layer_36.bin,none,7,1,26 188 92 60 154 153 158 142
layer_37.bin,none,6,2,115 199 1 238 80 184 213 22
layer_38.bin,none,4,4,0 93 35 87 175 185 202 96
layer_39.bin,none,6,2,122 99 235 129 91 253 100 225
layer_00.bin,none,3,5,101 35 11 197 214 79 242 9
layer_01.bin,none,6,2,62 97 47 146 27 70 151 193
layer_02.bin,none,3,5,101 109 90 56 31 43 21 146
layer_03.bin,none,6,2,226 26 211 233 148 230 236 37
layer_04.bin,none,6,2,200 15 102 61 245 90 249 105
layer_05.bin,none,6,2,188 90 146 220 236 235 222 50
layer_06.bin,none,7,1,14 182 157 133 246 215 237 52
layer_07.bin,none,7,1,185 112 199 169 2 171 64 23
layer_08.bin,none,8,0,35 239 148 195 110 85 198 52
layer_09.bin,none,7,1,203 229 180 254 207 1 29 119
layer_10.bin,none,6,2,157 34 132 88 193 122 12 120
layer_11.bin,none,6,2,111 223 194 42 133 85 121 98
layer_12.bin,none,7,1,3 157 116 220 11 15 14 160
layer_13.bin,none,6,2,29 45 112 212 183 211 145 254
layer_14.bin,none,5,3,86 204 163 53 6 116 46 253
layer_15.bin,none,7,1,172 36 1 155 147 213 173 166
layer_16.bin,none,7,1,181 160 117 183 174 96 176 152
layer_17.bin,none,6,2,223 1 69 20 44 241 225 166
layer_18.bin,none,8,0,197 170 152 225 241 220 204 223
layer_19.bin,none,7,1,122 88 212 233 153 167 59 174
layer_20.bin,none,8,0,195 148 35 239 72 133 23 198
layer_21.bin,none,8,0,203 180 1 228 229 225 254 99
layer_22.bin,none,6,2,88 34 157 83 132 193 236 247
layer_23.bin,none,6,2,39 223 63 191 106 133 42 181
layer_24.bin,none,6,2,116 220 14 15 251 67 39 176
layer_25.bin,none,5,3,112 212 29 45 105 21 211 138
layer_26.bin,none,7,1,204 163 86 54 142 44 166 242
layer_27.bin,none,6,2,1 172 36 155 134 147 139 166
layer_28.bin,none,5,3,160 117 96 176 47 209 197 210
layer_29.bin,none,7,1,1 5 223 152 69 2 93 219
layer_30.bin,none,7,1,170 44 152 225 197 223 201 144
layer_31.bin,none,8,0,122 212 133 59 240 88 95 167
layer_32.bin,none,6,2,255 158 98 236 31 247 149 99
layer_33.bin,none,7,1,126 72 190 220 51 232 82 205
layer_34.bin,none,5,3,116 10 246 1 161 254 23 176
layer_35.bin,none,8,0,14 129 36 53 171 16 202 142
layer_36.bin,none,6,2,188 166 154 60 119 158 171 207
layer_37.bin,none,7,1,1 199 115 218 61 219 184 80
layer_38.bin,none,5,3,93 175 202 191 143 180 111 77
layer_39.bin,none,7,1,2 108 225 189 25 235 222 38
layer_00.bin,none,3,5,57 67 88 238 108 241 135 182
layer_01.bin,none,7,1,146 192 217 140 182 193 11 152
layer_02.bin,none,5,3,8 188 36 43 124 101 56 247
layer_03.bin,none,3,5,226 106 69 29 110 126 151 150
layer_04.bin,none,5,3,90 45 61 200 28 247 171 129
layer_05.bin,none,4,4,58 146 50 220 87 69 182 149
layer_06.bin,none,7,1,182 255 14 237 246 210 89 36
layer_07.bin,none,5,3,175 185 105 245 5 81 204 24
layer_08.bin,none,7,1,195 148 72 133 23 179 85 21
layer_09.bin,none,5,3,69 180 229 1 254 99 152 241
layer_10.bin,none,6,2,88 193 34 86 126 132 6 61
layer_11.bin,none,4,4,39 63 188 223 99 191 11 239
layer_12.bin,none,4,4,16 252 184 14 3 76 188 18
layer_13.bin,none,6,2,45 212 112 103 58 2 226 145
layer_14.bin,none,4,4,163 204 53 253 238 107 95 68
layer_15.bin,none,6,2,36 11 155 172 46 131 183 173
layer_16.bin,none,6,2,160 176 117 172 183 124 61 112
layer_17.bin,none,7,1,69 152 44 1 209 226 233 223
layer_18.bin,none,6,2,241 170 122 152 176 220 77 127
layer_19.bin,none,6,2,122 212 180 174 133 215 166 15
layer_20.bin,none,6,2,195 148 72 133 202 23 240 225
layer_21.bin,none,6,2,69 1 180 225 201 193 99 243
layer_22.bin,none,4,4,126 88 38 134 247 217 127 54
layer_23.bin,none,6,2,63 39 99 223 121 117 254 143
layer_24.bin,none,5,3,169 176 14 16 87 73 69 146
layer_25.bin,none,6,2,212 112 45 138 83 145 118 226
layer_26.bin,none,7,1,163 204 142 253 242 149 54 248
layer_27.bin,none,7,1,228 155 11 183 1 147 139 227
layer_28.bin,none,7,1,160 209 172 61 176 112 117 104
layer_29.bin,none,5,3,152 44 192 69 233 219 217 198
layer_30.bin,none,6,2,241 44 92 170 152 223 77 176
layer_31.bin,none,5,3,212 133 122 180 174 215 166 246
layer_32.bin,none,2,6,60 255 73 241 67 121 31 25
layer_33.bin,none,3,5,33 51 70 229 110 50 66 108
layer_34.bin,none,1,7,254 93 123 244 150 169 179 138
layer_35.bin,none,6,2,14 53 64 171 116 80 194 202
layer_36.bin,none,4,4,60 154 135 186 64 4 240 188
layer_37.bin,none,6,2,1 218 219 199 239 109 36 213
layer_38.bin,none,3,5,175 239 122 109 143 60 8 67
layer_39.bin,none,3,5,96 103 110 22 46 101 142 235
layer_00.bin,none,0,8,148 0 120 12 55 189 180 75
layer_01.bin,none,3,5,91 187 108 55 1 124 167 193
layer_02.bin,none,4,4,143 32 91 188 124 101 247 225
layer_03.bin,none,3,5,109 184 56 93 0 148 33 80
layer_04.bin,none,4,4,28 233 147 134 56 132 178 143
layer_05.bin,none,5,3,60 108 58 95 36 79 128 111
layer_06.bin,none,4,4,12 69 23 30 72 120 210 240
layer_07.bin,none,6,2,245 175 18 75 11 5 61 251
layer_08.bin,none,6,2,72 22 108 63 148 123 133 37
layer_09.bin,none,6,2,99 1 44 225 100 243 31 119
layer_10.bin,none,3,5,38 135 217 86 251 221 70 45
layer_11.bin,none,5,3,117 121 143 118 239 194 63 0
layer_12.bin,none,4,4,16 13 5 239 198 252 109 68
layer_13.bin,none,7,1,215 180 162 83 212 13 58 45
layer_14.bin,none,5,3,163 54 248 85 97 212 123 115
layer_15.bin,none,6,2,193 227 138 92 228 70 93 139
layer_16.bin,none,5,3,160 112 15 172 178 183 141 144
layer_17.bin,none,6,2,69 184 2 152 217 173 226 54
layer_18.bin,none,5,3,241 176 18 129 32 123 77 108
layer_19.bin,none,6,2,54 15 133 149 49 212 94 174
layer_20.bin,none,6,2,135 72 22 195 106 23 122 240
layer_21.bin,none,6,2,99 1 243 225 100 121 128 245
layer_22.bin,none,4,4,38 251 221 135 134 45 70 77
layer_23.bin,none,5,3,118 117 121 63 194 244 166 70
layer_24.bin,none,6,2,50 198 16 109 149 246 148 239
layer_25.bin,none,6,2,71 83 162 212 45 215 138 67
layer_26.bin,none,7,1,163 248 212 54 204 21 85 200
layer_27.bin,none,7,1,134 139 1 153 14 227 138 155
layer_28.bin,none,7,1,160 209 176 15 254 102 183 117
layer_29.bin,none,5,3,184 2 54 69 94 1 152 44
layer_30.bin,none,6,2,152 225 241 129 44 77 151 239
layer_31.bin,none,5,3,133 49 122 212 149 15 54 3
layer_32.bin,none,5,3,255 31 202 121 140 236 138 254
layer_33.bin,none,5,3,147 72 47 229 90 70 51 143
layer_34.bin,none,3,5,226 244 13 191 121 67 120 163
layer_35.bin,none,8,0,14 129 171 16 187 53 36 116
layer_36.bin,none,6,2,60 4 188 153 93 154 1 115
layer_37.bin,none,4,4,1 100 101 132 156 199 248 219
layer_38.bin,none,6,2,175 122 0 61 50 143 202 16
layer_39.bin,none,0,8,136 57 176 8 112 163 32 31
layer_00.bin,none,0,8,213 130 94 179 145 119 176 91
layer_01.bin,none,2,6,139 64 91 106 187 216 87 151
layer_02.bin,none,0,8,25 30 175 37 18 195 40 88
layer_03.bin,none,1,7,59 142 205 129 208 181 80 110
layer_04.bin,none,4,4,241 131 15 90 129 151 230 198
layer_05.bin,none,2,6,103 58 146 139 175 107 112 252
layer_06.bin,none,7,1,12 210 255 237 120 246 30 130
layer_07.bin,none,7,1,175 75 185 245 81 5 120 3
layer_08.bin,none,8,0,195 148 72 85 23 133 108 198
layer_09.bin,none,5,3,69 1 229 99 79 149 247 86
layer_10.bin,none,5,3,86 70 38 77 126 137 34 172
layer_11.bin,none,6,2,174 63 117 121 194 178 223 254
layer_12.bin,none,6,2,160 157 148 14 116 161 201 109
layer_13.bin,none,6,2,212 45 58 83 215 222 211 183
layer_14.bin,none,4,4,163 204 54 196 53 116 128 68
layer_15.bin,none,6,2,155 147 193 130 173 98 1 14
layer_16.bin,none,5,3,160 183 172 117 176 209 112 89
layer_17.bin,none,6,2,69 44 1 152 94 93 225 226
layer_18.bin,none,6,2,241 152 151 239 176 83 225 129
layer_19.bin,none,7,1,122 212 133 15 174 49 219 130
layer_20.bin,none,6,2,195 148 72 133 240 202 23 10
layer_21.bin,none,7,1,69 225 1 229 100 243 228 60
layer_22.bin,none,5,3,70 137 77 115 54 148 38 132
layer_23.bin,none,6,2,174 223 63 117 123 70 121 118
layer_24.bin,none,7,1,16 11 116 14 3 251 176 50
layer_25.bin,none,5,3,212 71 45 183 118 226 19 211
layer_26.bin,none,5,3,204 163 86 203 215 213 239 242
layer_27.bin,none,7,1,1 23 155 153 130 169 14 171
layer_28.bin,none,8,0,102 219 183 160 193 117 47 210
layer_29.bin,none,8,0,94 1 223 21 88 93 2 54
layer_30.bin,none,8,0,225 152 91 232 63 162 64 44
layer_31.bin,none,8,0,59 122 88 49 85 3 133 240
layer_32.bin,none,7,1,254 236 255 31 140 7 34 179
layer_33.bin,none,7,1,126 72 47 90 132 143 225 32
layer_34.bin,none,7,1,10 67 120 91 240 44 246 191
layer_35.bin,none,8,0,129 171 14 16 116 36 187 74
layer_36.bin,none,6,2,2 188 60 153 142 154 39 49
layer_37.bin,none,7,1,199 101 22 213 78 103 94 64
layer_38.bin,none,7,1,175 135 93 118 251 119 12 230
layer_39.bin,none,6,2,122 117 129 70 165 158 244 243
layer_00.bin,none,2,6,27 35 58 166 101 133 189 126
layer_01.bin,none,4,4,139 26 11 132 123 216 30 193
layer_02.bin,none,5,3,40 164 59 30 22 18 25 217
layer_03.bin,none,2,6,211 37 106 29 146 226 151 48
layer_04.bin,none,4,4,65 14 15 90 61 129 146 240
layer_05.bin,none,5,3,161 10 103 58 146 222 50 112
layer_06.bin,none,8,0,215 237 246 255 12 14 120 210
layer_07.bin,none,6,2,2 185 175 199 81 11 24 78
layer_08.bin,none,8,0,23 148 179 85 198 195 72 89
layer_09.bin,none,6,2,241 180 229 1 94 6 99 254
layer_10.bin,none,6,2,193 70 34 133 86 88 132 77
layer_11.bin,none,5,3,20 174 39 99 63 191 192 223
layer_12.bin,none,7,1,160 251 14 3 116 16 18 157
layer_13.bin,none,7,1,29 212 178 45 112 222 183 211
layer_14.bin,none,5,3,163 204 86 116 242 21 81 200
layer_15.bin,none,8,0,36 155 1 172 173 195 213 133
layer_16.bin,none,5,3,96 160 164 183 176 117 137 35
layer_17.bin,none,7,1,94 1 223 69 152 60 20 226
layer_18.bin,none,5,3,148 170 225 85 220 152 22 91
layer_19.bin,none,7,1,122 130 212 133 88 59 4 54
layer_20.bin,none,7,1,148 195 133 72 240 23 57 35
layer_21.bin,none,7,1,180 225 241 1 100 229 243 252
layer_22.bin,none,4,4,83 34 132 88 148 193 253 134
layer_23.bin,none,6,2,39 20 174 223 63 254 106 191
layer_24.bin,none,6,2,67 251 116 18 176 113 14 3
layer_25.bin,none,6,2,178 212 29 45 183 83 112 211
layer_26.bin,none,7,1,163 204 54 212 21 215 116 142
layer_27.bin,none,7,1,1 36 155 134 14 139 153 172
layer_28.bin,none,6,2,96 160 183 164 117 176 195 15
layer_29.bin,none,7,1,1 2 152 69 94 223 93 102
layer_30.bin,none,6,2,170 85 225 152 148 45 64 44
layer_31.bin,none,7,1,133 122 3 130 240 212 88 59
layer_32.bin,none,7,1,60 255 99 31 158 254 236 7
layer_33.bin,none,6,2,33 72 190 232 41 220 205 86
layer_34.bin,none,5,3,82 161 10 97 244 246 55 120
layer_35.bin,none,7,1,14 171 129 24 16 116 36 202
layer_36.bin,none,7,1,60 207 188 153 154 158 49 157
layer_37.bin,none,7,1,104 199 22 1 213 145 103 219
layer_38.bin,none,8,0,175 135 71 12 118 27 230 127
layer_39.bin,none,4,4,243 110 69 70 12 96 36 138
layer_00.bin,none,4,4,70 211 62 139 222 122 41 151
layer_01.bin,none,2,6,202 193 72 28 191 252 153 245
layer_02.bin,none,3,5,188 87 30 225 47 194 185 3
layer_03.bin,none,4,4,243 197 39 69 113 36 33 218
layer_04.bin,none,7,1,28 90 121 175 132 134 146 22
layer_05.bin,none,6,2,58 95 164 128 60 82 50 210
layer_06.bin,none,6,2,12 237 51 125 62 210 30 120
layer_07.bin,none,8,0,175 245 11 185 81 57 120 5
layer_08.bin,none,8,0,148 72 195 22 133 16 23 63
layer_09.bin,none,7,1,1 225 99 20 100 243 247 229
layer_10.bin,none,4,4,148 86 134 34 132 54 131 48
layer_11.bin,none,6,2,117 37 97 248 218 19 231 63
layer_12.bin,none,4,4,55 76 116 3 149 119 176 14
layer_13.bin,none,5,3,212 83 45 183 178 100 70 189
layer_14.bin,none,6,2,163 21 204 212 116 54 65 249
layer_15.bin,none,3,5,1 141 155 227 102 153 163 55
layer_16.bin,none,5,3,160 183 112 117 138 169 29 82
layer_17.bin,none,7,1,69 152 93 2 1 226 125 100
layer_18.bin,none,7,1,66 151 152 108 83 67 77 225
layer_19.bin,none,6,2,133 212 122 54 83 49 85 247
layer_20.bin,none,8,0,148 72 240 195 133 23 22 139
layer_21.bin,none,7,1,1 225 100 243 99 71 229 228
layer_22.bin,none,6,2,148 134 132 233 54 32 146 149
layer_23.bin,none,5,3,99 248 37 117 223 253 19 59
layer_24.bin,none,7,1,119 149 116 176 3 18 157 55
layer_25.bin,none,8,0,83 178 212 183 0 45 19 162
layer_26.bin,none,7,1,163 212 116 204 21 219 54 248
layer_27.bin,none,6,2,1 134 28 104 79 14 139 155
layer_28.bin,none,7,1,160 183 193 15 142 28 190 176
layer_29.bin,none,8,0,2 93 94 1 69 223 88 152
layer_30.bin,none,8,0,225 152 63 232 66 151 148 64
layer_31.bin,none,7,1,133 85 3 88 122 59 152 95
layer_32.bin,none,6,2,31 137 236 255 125 254 179 140
layer_33.bin,none,7,1,102 139 72 11 143 133 61 95
layer_34.bin,none,8,0,10 240 72 191 67 44 121 246
layer_35.bin,none,8,0,129 24 14 187 16 171 116 191
layer_36.bin,none,7,1,188 142 26 60 115 39 158 241
layer_37.bin,none,7,1,100 199 22 95 101 113 64 78
layer_38.bin,none,7,1,251 119 175 80 118 93 230 169
layer_39.bin,none,5,3,75 122 40 244 129 221 70 99
layer_00.bin,none,0,8,142 166 97 113 150 210 205 215
layer_01.bin,none,1,7,34 26 87 139 104 59 132 193
layer_02.bin,none,2,6,31 130 210 235 225 176 50 9
layer_03.bin,none,3,5,146 46 131 211 84 135 37 126
layer_04.bin,none,5,3,161 14 65 167 240 61 90 72
layer_05.bin,none,5,3,161 235 58 191 95 146 50 157
layer_06.bin,none,8,0,215 51 237 12 62 135 125 246
layer_07.bin,none,7,1,91 2 185 175 81 11 245 24
layer_08.bin,none,8,0,33 148 72 195 23 133 89 85
layer_09.bin,none,6,2,39 225 1 132 229 94 180 29
layer_10.bin,none,4,4,248 193 26 253 54 132 34 167
layer_11.bin,none,5,3,20 36 223 248 191 99 183 97
layer_12.bin,none,7,1,3 116 176 160 14 149 232 76
layer_13.bin,none,8,0,212 33 178 45 29 183 100 145
layer_14.bin,none,7,1,204 147 116 21 163 212 53 179
layer_15.bin,none,7,1,65 1 155 14 195 36 133 149
layer_16.bin,none,4,4,160 183 96 117 112 156 147 164
layer_17.bin,none,7,1,152 160 1 110 94 69 223 93
layer_18.bin,none,6,2,148 128 85 225 152 241 83 67
layer_19.bin,none,7,1,122 212 130 133 88 191 54 204
layer_20.bin,none,5,3,148 33 133 195 72 23 174 24
layer_21.bin,none,6,2,1 225 39 180 229 132 100 243
layer_22.bin,none,5,3,248 34 83 132 134 253 54 193
layer_23.bin,none,5,3,20 223 36 121 241 191 106 17
layer_24.bin,none,7,1,116 67 149 198 3 176 14 96
layer_25.bin,none,6,2,178 33 212 142 183 45 29 171
layer_26.bin,none,8,0,163 54 204 212 248 116 21 44
layer_27.bin,none,5,3,65 134 1 36 104 139 14 0
layer_28.bin,none,7,1,96 160 183 15 195 142 178 156
layer_29.bin,none,8,0,2 69 1 223 93 152 172 94
layer_30.bin,none,8,0,225 148 152 85 64 128 83 91
layer_31.bin,none,8,0,133 122 130 3 240 88 59 152
layer_32.bin,none,6,2,99 31 113 254 137 236 158 238
layer_33.bin,none,7,1,190 72 232 41 143 224 86 205
layer_34.bin,none,6,2,88 10 161 97 246 67 55 23
layer_35.bin,none,7,1,14 129 116 36 16 202 39 171
layer_36.bin,none,7,1,207 188 49 60 158 241 157 153
layer_37.bin,none,6,2,199 22 95 145 43 213 64 15
layer_38.bin,none,7,1,71 12 175 230 118 127 80 163
layer_39.bin,none,4,4,69 244 72 70 138 116 30 203
layer_00.bin,none,3,5,70 211 223 6 60 32 176 222
layer_01.bin,none,3,5,191 91 173 193 187 104 252 83
layer_02.bin,none,3,5,76 198 87 31 225 3 143 61
layer_03.bin,none,6,2,131 243 197 121 201 126 39 69
layer_04.bin,none,6,2,134 90 28 175 61 121 189 203
layer_05.bin,none,7,1,58 164 95 128 60 50 111 210
layer_06.bin,none,6,2,12 237 62 51 246 213 19 125
layer_07.bin,none,7,1,11 61 91 85 175 245 185 2
layer_08.bin,none,6,2,22 23 148 72 16 133 40 28
layer_09.bin,none,6,2,225 1 99 100 229 245 58 187
layer_10.bin,none,6,2,251 253 34 226 242 134 148 131
layer_11.bin,none,5,3,194 248 156 117 97 218 0 121
layer_12.bin,none,4,4,119 115 55 101 3 200 198 232
layer_13.bin,none,5,3,183 171 70 131 100 178 155 2
layer_14.bin,none,4,4,163 54 248 6 40 212 180 31
layer_15.bin,none,3,5,66 36 233 20 111 155 228 116
layer_16.bin,none,6,2,183 160 178 190 176 54 137 15
layer_17.bin,none,4,4,69 93 99 94 2 221 65 60
layer_18.bin,none,4,4,63 83 148 176 225 237 123 208
layer_19.bin,none,6,2,54 133 3 233 51 191 38 83
layer_20.bin,none,6,2,157 135 22 72 148 204 57 59
layer_21.bin,none,6,2,99 210 243 245 1 156 195 225
layer_22.bin,none,4,4,251 118 250 253 249 45 226 34
layer_23.bin,none,4,4,194 99 253 121 0 142 248 117
layer_24.bin,none,6,2,106 119 251 185 198 96 239 87
layer_25.bin,none,5,3,183 178 100 200 208 83 171 131
layer_26.bin,none,6,2,163 54 248 62 212 115 201 58
layer_27.bin,none,6,2,233 139 138 134 228 90 153 55
layer_28.bin,none,5,3,183 201 15 190 176 147 178 169
layer_29.bin,none,6,2,69 177 93 2 65 162 98 151
layer_30.bin,none,6,2,176 225 83 64 45 237 51 148
layer_31.bin,none,8,0,3 240 133 95 85 54 88 59
layer_32.bin,none,6,2,7 31 85 236 18 123 76 75
layer_33.bin,none,7,1,206 95 59 102 11 72 139 18
layer_34.bin,none,6,2,72 10 11 183 206 246 236 240
layer_35.bin,none,7,1,129 191 16 202 116 187 24 14
layer_36.bin,none,7,1,251 188 26 157 119 28 241 160
layer_37.bin,none,6,2,248 219 22 7 103 199 145 213
layer_38.bin,none,3,5,230 14 127 189 118 205 66 72
layer_39.bin,none,4,4,165 99 216 27 122 169 61 70
layer_00.bin,none,1,7,80 136 226 96 93 171 14 247
layer_01.bin,none,4,4,91 134 104 2 187 222 234 169
layer_02.bin,none,2,6,225 254 169 181 161 54 31 226
layer_03.bin,none,3,5,221 188 131 85 201 33 2 242
layer_04.bin,none,5,3,119 134 152 61 72 123 211 89
layer_05.bin,none,2,6,95 58 61 213 148 195 31 123
layer_06.bin,none,4,4,12 16 33 49 213 62 130 240
layer_07.bin,none,5,3,61 11 2 131 75 134 251 245
layer_08.bin,none,6,2,157 22 135 112 148 19 248 72
layer_09.bin,none,4,4,99 206 107 120 225 1 90 218
layer_10.bin,none,4,4,251 45 229 250 226 253 118 141
layer_11.bin,none,6,2,194 18 117 121 192 248 156 0
layer_12.bin,none,4,4,106 119 198 4 239 89 255 16
layer_13.bin,none,5,3,70 83 162 200 171 136 73 67
layer_14.bin,none,5,3,248 163 115 54 181 212 0 87
layer_15.bin,none,7,1,227 233 116 241 90 92 228 138
layer_16.bin,none,6,2,183 178 15 63 149 54 169 39
layer_17.bin,none,7,1,69 99 217 2 152 173 162 51
layer_18.bin,none,6,2,176 63 83 77 237 19 64 146
layer_19.bin,none,7,1,54 133 38 233 3 94 125 95
layer_20.bin,none,7,1,157 22 135 72 148 112 204 65
layer_21.bin,none,7,1,99 232 206 100 252 195 1 228
layer_22.bin,none,5,3,251 118 250 60 249 29 80 159
layer_23.bin,none,5,3,194 253 75 61 158 121 181 18
layer_24.bin,none,5,3,106 185 105 239 16 198 126 232
layer_25.bin,none,6,2,162 83 70 183 200 13 84 171
layer_26.bin,none,6,2,248 115 54 163 212 200 125 4
layer_27.bin,none,7,1,233 139 225 116 138 134 228 90
layer_28.bin,none,6,2,183 201 63 149 178 15 191 185
layer_29.bin,none,7,1,69 177 2 162 65 98 93 213
layer_30.bin,none,7,1,176 83 45 225 19 64 44 237
layer_31.bin,none,6,2,240 3 95 94 54 133 88 190
layer_32.bin,none,5,3,31 7 89 197 236 116 210 224
layer_33.bin,none,4,4,59 206 72 18 214 23 55 182
layer_34.bin,none,6,2,183 182 10 213 206 246 152 236
layer_35.bin,none,7,1,129 16 116 14 181 202 196 244
layer_36.bin,none,6,2,251 188 253 239 145 129 157 28
layer_37.bin,none,8,0,248 219 22 7 103 213 145 199
layer_38.bin,none,6,2,124 230 127 14 118 79 106 189
layer_39.bin,none,3,5,116 13 203 30 34 70 85 130
layer_00.bin,none,2,6,254 163 208 191 222 203 47 211
layer_01.bin,none,4,4,27 101 231 153 35 69 208 68
layer_02.bin,none,2,6,211 180 223 225 224 192 96 143
layer_03.bin,none,4,4,15 131 243 189 167 53 87 22
layer_04.bin,none,5,3,10 175 134 233 178 28 132 146
layer_05.bin,none,5,3,95 58 77 75 60 164 29 25
layer_06.bin,none,5,3,39 168 129 32 12 240 228 125
layer_07.bin,none,6,2,245 30 75 6 159 38 11 81
layer_08.bin,none,7,1,63 72 22 121 148 16 145 202
layer_09.bin,none,6,2,99 1 100 128 44 194 134 32
layer_10.bin,none,6,2,146 131 250 254 251 226 217 233
layer_11.bin,none,3,5,97 37 158 61 83 70 124 71
layer_12.bin,none,7,1,50 91 38 185 166 208 196 10
layer_13.bin,none,6,2,19 162 83 185 0 13 136 37
layer_14.bin,none,6,2,212 54 248 17 115 181 26 35
layer_15.bin,none,7,1,138 90 64 227 92 145 56 139
layer_16.bin,none,7,1,183 102 169 59 63 234 53 191
layer_17.bin,none,6,2,69 2 243 10 60 34 217 19
layer_18.bin,none,5,3,209 176 77 121 66 123 83 111
layer_19.bin,none,6,2,48 133 83 47 41 10 207 95
layer_20.bin,none,6,2,22 72 144 28 198 148 73 204
layer_21.bin,none,6,2,99 100 128 214 252 86 194 32
layer_22.bin,none,6,2,60 250 80 109 131 146 6 118
layer_23.bin,none,5,3,164 61 158 75 70 97 58 194
layer_24.bin,none,8,0,87 166 50 91 185 55 89 69
layer_25.bin,none,4,4,162 71 0 183 216 37 5 82
layer_26.bin,none,7,1,248 115 54 212 196 17 21 142
layer_27.bin,none,8,0,139 12 90 145 134 28 35 138
layer_28.bin,none,4,4,63 53 183 56 37 191 59 60
layer_29.bin,none,6,2,69 19 4 177 2 216 162 51
layer_30.bin,none,7,1,176 64 83 34 19 66 143 225
layer_31.bin,none,8,0,83 85 95 99 94 157 3 247
layer_32.bin,none,4,4,144 26 14 28 7 31 235 173
layer_33.bin,none,5,3,59 47 72 203 250 84 55 133
layer_34.bin,none,4,4,18 11 73 128 109 103 121 183
layer_35.bin,none,5,3,129 187 210 9 16 121 117 196
layer_36.bin,none,5,3,44 188 126 26 48 157 37 28
layer_37.bin,none,8,0,162 7 219 22 213 103 109 64
layer_38.bin,none,4,4,242 230 185 52 205 175 14 127
layer_39.bin,none,7,1,99 219 77 44 116 27 203 30
layer_00.bin,none,5,3,159 220 116 174 13 70 211 239
layer_01.bin,none,2,6,141 80 69 23 253 235 174 91
layer_02.bin,none,3,5,111 224 184 148 154 132 85 225
layer_03.bin,none,4,4,119 15 190 131 53 191 33 9
layer_04.bin,none,6,2,10 221 175 134 44 148 121 100
layer_05.bin,none,6,2,95 164 58 60 77 252 172 79
layer_06.bin,none,6,2,39 129 12 240 125 33 32 57
layer_07.bin,none,6,2,223 245 11 38 75 30 240 136
layer_08.bin,none,7,1,22 72 63 148 16 135 144 121
layer_09.bin,none,6,2,99 225 100 86 1 187 15 91
layer_10.bin,none,6,2,251 19 242 226 131 250 60 98
layer_11.bin,none,7,1,218 158 220 61 194 97 222 117
layer_12.bin,none,6,2,157 185 91 251 89 196 202 198
layer_13.bin,none,6,2,162 37 83 19 136 130 57 131
layer_14.bin,none,6,2,54 248 115 212 181 201 26 203
layer_15.bin,none,7,1,227 138 145 64 92 90 28 139
layer_16.bin,none,7,1,63 183 15 178 191 113 190 234
layer_17.bin,none,8,0,69 164 72 2 217 21 162 243
layer_18.bin,none,6,2,176 72 63 77 83 19 199 250
layer_19.bin,none,7,1,54 133 85 207 114 95 125 112
layer_20.bin,none,8,0,22 72 135 121 148 240 73 144
layer_21.bin,none,7,1,99 100 86 225 15 1 228 195
layer_22.bin,none,6,2,251 250 242 80 19 60 118 226
layer_23.bin,none,7,1,194 158 218 220 177 75 164 61
layer_24.bin,none,7,1,185 11 119 69 239 198 105 200
layer_25.bin,none,6,2,183 19 101 137 84 83 13 37
layer_26.bin,none,6,2,203 248 54 115 73 196 163 200
layer_27.bin,none,6,2,28 233 139 33 134 146 145 138
layer_28.bin,none,6,2,183 102 178 219 15 63 4 113
layer_29.bin,none,7,1,69 164 177 2 21 72 162 93
layer_30.bin,none,7,1,225 63 176 151 19 83 64 71
layer_31.bin,none,8,0,85 3 95 59 240 88 133 228
layer_32.bin,none,7,1,18 7 31 123 85 236 140 179
layer_33.bin,none,6,2,11 234 102 95 59 72 253 189
layer_34.bin,none,7,1,240 10 183 72 44 252 56 121
layer_35.bin,none,7,1,129 235 191 24 187 16 116 13
layer_36.bin,none,7,1,142 188 26 115 49 39 227 199
layer_37.bin,none,6,2,22 78 27 202 103 64 16 135
layer_38.bin,none,6,2,119 88 93 118 127 251 101 96
layer_39.bin,none,3,5,122 158 165 244 40 27 139 67
layer_00.bin,none,1,7,117 233 226 11 171 146 128 153
layer_01.bin,none,1,7,120 169 133 66 104 13 81 232
layer_02.bin,none,4,4,249 180 22 164 89 107 183 224
layer_03.bin,none,4,4,91 221 15 131 171 2 53 201
layer_04.bin,none,3,5,164 55 134 123 8 152 92 119
layer_05.bin,none,4,4,27 61 95 58 123 146 210 245
layer_06.bin,none,5,3,90 33 39 125 129 12 49 44
layer_07.bin,none,6,2,181 131 56 169 108 11 185 81
layer_08.bin,none,5,3,65 22 135 85 112 242 148 103
layer_09.bin,none,2,6,178 99 227 67 1 19 215 115
layer_10.bin,none,4,4,251 24 250 50 226 163 118 60
layer_11.bin,none,3,5,194 142 247 18 255 158 76 75
layer_12.bin,none,3,5,43 198 119 16 67 4 216 105
layer_13.bin,none,5,3,84 200 171 26 70 83 183 2
layer_14.bin,none,4,4,163 26 244 46 38 54 216 4
layer_15.bin,none,4,4,99 233 228 227 69 93 241 86
layer_16.bin,none,4,4,183 178 54 147 39 203 149 103
layer_17.bin,none,6,2,88 69 99 243 72 173 93 2
layer_18.bin,none,6,2,63 176 83 77 32 225 117 188
layer_19.bin,none,4,4,221 199 54 191 3 10 148 233
layer_20.bin,none,5,3,65 22 135 72 112 40 148 163
layer_21.bin,none,6,2,215 99 232 210 195 214 224 1
layer_22.bin,none,5,3,118 80 251 24 250 44 207 136
layer_23.bin,none,5,3,75 194 142 247 58 177 158 61
layer_24.bin,none,5,3,43 105 174 185 69 78 16 89
layer_25.bin,none,3,5,100 84 183 35 171 233 199 212
layer_26.bin,none,5,3,54 73 26 31 248 35 142 200
layer_27.bin,none,6,2,233 99 139 228 213 138 134 225
layer_28.bin,none,3,5,203 183 13 147 63 178 116 169
layer_29.bin,none,7,1,69 177 93 1 2 17 98 72
layer_30.bin,none,6,2,71 176 225 188 83 64 44 57
layer_31.bin,none,7,1,221 240 95 199 59 88 3 228
layer_32.bin,none,4,4,89 18 7 31 17 221 236 230
layer_33.bin,none,2,6,105 244 253 107 72 28 121 214
layer_34.bin,none,4,4,81 10 252 12 56 208 246 236
layer_35.bin,none,6,2,132 129 235 218 14 16 202 99
layer_36.bin,none,4,4,253 188 152 246 158 195 28 68
layer_37.bin,none,5,3,158 22 161 67 135 163 219 64
layer_38.bin,none,3,5,9 127 30 118 234 101 47 136
layer_39.bin,none,3,5,203 246 250 248 1 92 70 17
layer_00.bin,none,4,4,234 210 111 144 4 92 62 155
layer_01.bin,none,2,6,95 217 3 198 193 7 79 203
layer_02.bin,none,4,4,13 159 92 150 89 110 180 15
layer_03.bin,none,5,3,30 22 53 201 177 54 155 148
layer_04.bin,none,5,3,164 134 94 152 133 186 98 53
layer_05.bin,none,6,2,95 58 210 29 61 151 115 172
layer_06.bin,none,6,2,39 154 125 12 33 92 91 204
layer_07.bin,none,7,1,131 181 245 185 11 81 30 228
layer_08.bin,none,7,1,22 72 148 16 50 194 135 53
layer_09.bin,none,7,1,99 1 215 86 100 225 58 27
layer_10.bin,none,7,1,207 250 251 60 116 9 80 226
layer_11.bin,none,4,4,153 116 97 61 158 134 124 255
layer_12.bin,none,7,1,91 21 116 185 10 89 202 239
layer_13.bin,none,8,0,83 45 162 183 37 84 208 212
layer_14.bin,none,7,1,54 248 115 204 212 26 44 150
layer_15.bin,none,7,1,227 248 147 145 90 138 146 139
layer_16.bin,none,6,2,230 183 172 191 39 203 193 63
layer_17.bin,none,6,2,69 233 2 49 51 243 196 249
layer_18.bin,none,6,2,176 77 69 63 37 146 44 99
layer_19.bin,none,6,2,221 41 212 60 191 89 133 115
layer_20.bin,none,7,1,72 148 22 133 121 23 127 152
layer_21.bin,none,7,1,99 1 210 207 128 215 68 98
layer_22.bin,none,7,1,207 250 251 80 0 60 9 116
layer_23.bin,none,5,3,15 116 177 148 75 201 59 61
layer_24.bin,none,4,4,128 200 105 89 69 8 205 239
layer_25.bin,none,6,2,183 19 71 84 97 83 27 100
layer_26.bin,none,6,2,54 115 248 142 70 44 204 6
layer_27.bin,none,5,3,139 134 145 0 171 154 125 128
layer_28.bin,none,5,3,230 193 183 178 39 235 102 219
layer_29.bin,none,6,2,94 69 88 21 2 49 1 61
layer_30.bin,none,7,1,225 0 162 99 64 19 152 83
layer_31.bin,none,6,2,133 3 95 88 152 59 34 122
layer_32.bin,none,5,3,146 125 140 31 236 161 179 86
layer_33.bin,none,3,5,75 97 71 36 37 132 90 207
layer_34.bin,none,3,5,20 212 44 255 10 238 5 120
layer_35.bin,none,5,3,24 129 74 21 190 148 80 203
layer_36.bin,none,4,4,93 115 19 227 39 143 171 7
layer_37.bin,none,5,3,100 101 169 54 202 61 78 16
layer_38.bin,none,4,4,61 18 35 169 140 159 96 158
layer_39.bin,none,4,4,117 40 163 235 139 18 22 225
layer_00.bin,none,1,7,91 51 145 249 179 101 9 118
layer_01.bin,none,1,7,64 59 139 75 87 216 106 11
layer_02.bin,none,1,7,59 17 252 34 88 35 210 103
layer_03.bin,none,3,5,59 77 37 235 211 152 183 146
layer_04.bin,none,4,4,131 15 241 128 230 102 108 151
layer_05.bin,none,3,5,186 104 235 58 6 41 204 193
layer_06.bin,none,7,1,12 33 167 51 125 153 215 240
layer_07.bin,none,7,1,29 185 81 23 78 245 216 175
layer_08.bin,none,7,1,89 148 72 195 22 85 233 116
layer_09.bin,none,6,2,29 99 94 1 164 228 69 77
layer_10.bin,none,4,4,130 169 86 251 198 38 23 45
layer_11.bin,none,4,4,117 121 194 161 189 178 134 0
layer_12.bin,none,6,2,63 148 198 26 3 15 116 238
layer_13.bin,none,7,1,43 83 45 58 147 170 162 183
layer_14.bin,none,5,3,163 54 20 184 204 105 51 248
layer_15.bin,none,6,2,147 228 227 98 81 183 128 200
layer_16.bin,none,7,1,160 172 183 15 178 25 5 117
layer_17.bin,none,8,0,69 233 226 44 172 2 250 152
layer_18.bin,none,6,2,239 0 77 57 241 224 58 176
layer_19.bin,none,7,1,133 54 127 163 122 130 115 212
layer_20.bin,none,7,1,72 195 56 22 148 85 113 66
layer_21.bin,none,7,1,225 99 100 29 243 1 86 69
layer_22.bin,none,3,5,113 32 26 134 115 169 198 23
layer_23.bin,none,5,3,241 123 117 34 178 121 189 194
layer_24.bin,none,7,1,149 198 200 15 116 63 37 87
layer_25.bin,none,5,3,83 162 45 2 43 170 183 226
layer_26.bin,none,7,1,163 165 21 204 248 212 184 54
layer_27.bin,none,6,2,14 23 1 104 0 200 228 147
layer_28.bin,none,6,2,151 160 133 91 209 43 117 235
layer_29.bin,none,8,0,69 1 2 44 76 94 223 250
layer_30.bin,none,6,2,225 152 0 239 201 77 91 127
layer_31.bin,none,6,2,122 95 59 115 133 88 163 12
layer_32.bin,none,5,3,31 181 255 178 236 3 105 10
layer_33.bin,none,4,4,126 90 137 192 158 223 35 218
layer_34.bin,none,5,3,91 62 105 10 16 246 120 155
layer_35.bin,none,7,1,14 36 171 16 129 202 235 47
layer_36.bin,none,4,4,60 188 153 2 151 240 110 252
layer_37.bin,none,4,4,65 101 113 137 66 16 215 61
layer_38.bin,none,6,2,159 18 61 166 233 207 239 254
layer_39.bin,none,2,6,228 117 6 80 218 168 48 151
layer_00.bin,none,2,6,141 235 221 208 115 190 253 61
layer_01.bin,none,5,3,93 155 47 244 46 182 197 11
layer_02.bin,none,5,3,34 145 57 103 68 109 17 53
layer_03.bin,none,5,3,235 187 231 77 152 133 130 12
layer_04.bin,none,7,1,142 236 95 144 102 15 128 222
layer_05.bin,none,6,2,193 186 41 90 47 224 99 145
layer_06.bin,none,8,0,215 153 237 51 167 12 246 43
layer_07.bin,none,8,0,185 29 23 78 64 176 117 175
layer_08.bin,none,8,0,116 195 57 239 52 234 99 180
layer_09.bin,none,7,1,116 126 164 191 94 228 229 84
layer_10.bin,none,4,4,198 169 248 130 36 13 113 196
layer_11.bin,none,6,2,233 161 189 160 128 74 107 143
layer_12.bin,none,8,0,93 74 63 134 128 26 15 3
layer_13.bin,none,7,1,45 147 43 212 97 134 32 66
layer_14.bin,none,7,1,51 86 204 20 88 214 124 50
layer_15.bin,none,7,1,162 200 147 189 81 195 148 165
layer_16.bin,none,5,3,5 151 117 160 174 196 133 252
layer_17.bin,none,6,2,172 250 76 20 1 69 61 198
layer_18.bin,none,4,4,179 0 187 57 201 128 132 105
layer_19.bin,none,7,1,122 12 109 116 191 212 88 195
layer_20.bin,none,7,1,195 239 234 180 72 148 179 237
layer_21.bin,none,7,1,126 116 164 191 29 229 94 35
layer_22.bin,none,4,4,248 198 113 169 247 130 36 83
layer_23.bin,none,4,4,161 189 36 121 223 243 196 34
layer_24.bin,none,6,2,74 63 93 44 26 15 3 34
layer_25.bin,none,5,3,147 61 43 134 33 6 104 146
layer_26.bin,none,7,1,20 204 86 148 53 51 147 124
layer_27.bin,none,7,1,200 1 162 14 81 147 181 191
layer_28.bin,none,7,1,43 151 133 160 5 117 210 156
layer_29.bin,none,7,1,1 57 76 87 69 172 250 93
layer_30.bin,none,7,1,201 179 163 77 225 44 91 187
layer_31.bin,none,8,0,122 12 116 59 109 115 88 191
layer_32.bin,none,6,2,223 178 119 181 255 132 47 230
layer_33.bin,none,6,2,93 83 129 72 86 158 74 73
layer_34.bin,none,5,3,82 132 1 130 113 74 14 62
layer_35.bin,none,7,1,36 14 202 167 142 27 53 160
layer_36.bin,none,6,2,222 153 70 188 60 7 224 20
layer_37.bin,none,5,3,39 58 163 175 102 213 184 34
layer_38.bin,none,3,5,64 239 221 252 233 42 111 55
layer_39.bin,none,4,4,186 190 253 67 133 235 151 169
layer_00.bin,none,2,6,38 54 167 193 44 244 94 112
layer_01.bin,none,2,6,46 47 105 58 122 246 25 117
layer_02.bin,none,3,5,145 53 186 140 128 200 34 241
layer_03.bin,none,4,4,26 230 233 103 78 143 117 210
layer_04.bin,none,3,5,144 81 67 245 91 179 0 45
layer_05.bin,none,5,3,90 188 224 43 47 109 78 255
layer_06.bin,none,3,5,215 60 187 131 96 179 140 153
layer_07.bin,none,4,4,176 117 70 207 237 250 229 238
layer_08.bin,none,6,2,239 116 104 73 179 110 192 237
layer_09.bin,none,6,2,126 113 191 116 30 171 56 84
layer_10.bin,none,5,3,248 115 166 211 157 36 167 212
layer_11.bin,none,2,6,133 233 112 36 140 41 111 224
layer_12.bin,none,2,6,144 93 212 44 164 92 224 62
layer_13.bin,none,6,2,33 6 138 212 61 104 251 45
layer_14.bin,none,5,3,147 86 204 53 50 57 191 211
layer_15.bin,none,7,1,191 166 189 162 147 228 195 213
layer_16.bin,none,6,2,151 156 160 170 174 89 181 252
layer_17.bin,none,6,2,5 1 57 20 110 69 152 166
layer_18.bin,none,7,1,128 201 77 176 91 226 225 171
layer_19.bin,none,7,1,122 12 212 120 88 59 115 109
layer_20.bin,none,8,0,148 195 133 239 72 23 33 198
layer_21.bin,none,7,1,116 126 1 229 191 207 99 120
layer_22.bin,none,6,2,236 248 161 157 34 44 41 132
layer_23.bin,none,7,1,140 36 111 47 121 223 181 194
layer_24.bin,none,7,1,116 212 93 3 44 154 113 176
layer_25.bin,none,6,2,33 6 212 45 138 142 145 35
layer_26.bin,none,8,0,204 147 86 53 54 118 142 165
layer_27.bin,none,7,1,14 1 147 228 162 233 102 169
layer_28.bin,none,8,0,156 160 43 151 72 117 152 47
layer_29.bin,none,8,0,1 5 57 69 20 158 152 93
layer_30.bin,none,8,0,201 77 128 225 91 226 192 176
layer_31.bin,none,8,0,122 12 59 88 120 167 212 95
layer_32.bin,none,8,0,223 47 178 132 255 158 236 206
layer_33.bin,none,8,0,83 72 41 190 93 74 73 81
layer_34.bin,none,8,0,116 34 186 1 82 246 10 132
layer_35.bin,none,8,0,36 14 167 202 224 244 84 129
layer_36.bin,none,8,0,70 188 153 129 158 181 60 20
layer_37.bin,none,6,2,58 22 163 39 213 238 147 158
layer_38.bin,none,7,1,92 118 127 148 79 175 12 66
layer_39.bin,none,8,0,238 189 70 38 2 78 242 190
layer_00.bin,none,6,2,140 43 112 173 238 200 67 58
layer_01.bin,none,4,4,46 47 181 188 137 249 213 20
layer_02.bin,none,4,4,186 140 200 82 20 165 85 245
layer_03.bin,none,8,0,233 117 103 26 150 78 230 119
layer_04.bin,none,5,3,193 245 144 62 140 179 92 145
layer_05.bin,none,3,5,230 145 220 85 106 255 248 239
layer_06.bin,none,3,5,118 89 96 199 160 181 140 110
layer_07.bin,none,5,3,176 221 47 207 142 112 145 180
layer_08.bin,none,7,1,195 148 239 72 175 185 73 22
layer_09.bin,none,6,2,126 113 53 99 1 86 229 88
layer_10.bin,none,3,5,115 240 93 21 11 121 166 215
layer_11.bin,none,3,5,181 41 183 253 51 87 74 224
layer_12.bin,none,6,2,212 62 10 144 92 117 102 161
layer_13.bin,none,7,1,45 212 83 58 171 162 251 170
layer_14.bin,none,7,1,204 248 173 54 212 163 115 132
layer_15.bin,none,7,1,227 147 90 235 145 92 139 108
layer_16.bin,none,4,4,172 191 112 115 160 24 1 104
layer_17.bin,none,7,1,69 196 152 109 217 1 233 2
layer_18.bin,none,6,2,224 77 58 176 146 75 113 99
layer_19.bin,none,6,2,212 192 115 133 95 127 186 125
layer_20.bin,none,7,1,148 72 22 195 113 240 23 66
layer_21.bin,none,7,1,99 1 254 86 193 38 128 177
layer_22.bin,none,7,1,96 217 160 251 250 149 168 60
layer_23.bin,none,7,1,80 239 61 140 117 63 17 230
layer_24.bin,none,5,3,10 149 161 116 246 69 21 252
layer_25.bin,none,7,1,45 83 162 58 183 170 139 212
layer_26.bin,none,7,1,204 248 173 142 54 115 21 165
layer_27.bin,none,8,0,147 227 145 139 228 14 90 191
layer_28.bin,none,8,0,117 191 24 172 183 156 47 63
layer_29.bin,none,8,0,69 1 5 158 44 60 2 51
layer_30.bin,none,8,0,77 225 201 91 128 192 226 176
layer_31.bin,none,8,0,122 59 95 88 115 120 212 191
layer_32.bin,none,8,0,223 158 47 236 178 206 255 132
layer_33.bin,none,7,1,190 41 72 74 81 50 83 40
layer_34.bin,none,7,1,116 34 246 97 10 213 161 82
layer_35.bin,none,8,0,36 14 244 167 224 202 129 16
layer_36.bin,none,7,1,153 188 70 129 239 181 158 78
layer_37.bin,none,8,0,58 22 163 147 238 213 124 103
layer_38.bin,none,8,0,92 127 118 148 79 12 175 71
layer_39.bin,none,7,1,2 189 70 38 78 69 213 242
layer_00.bin,none,7,1,188 4 236 144 66 92 124 62
layer_01.bin,none,4,4,193 124 3 198 71 251 211 170
layer_02.bin,none,5,3,60 79 193 188 219 217 58 92
layer_03.bin,none,6,2,197 56 243 39 166 11 118 38
layer_04.bin,none,6,2,200 90 216 233 28 121 250 175
layer_05.bin,none,6,2,50 60 58 136 185 210 153 71
layer_06.bin,none,6,2,12 82 237 210 14 43 113 168
layer_07.bin,none,8,0,175 185 81 142 246 57 245 47
layer_08.bin,none,7,1,195 133 148 72 16 85 23 240
layer_09.bin,none,7,1,1 20 229 99 207 134 243 118
layer_10.bin,none,6,2,132 126 217 122 81 157 147 232
layer_11.bin,none,7,1,223 10 121 47 44 218 194 59
layer_12.bin,none,7,1,92 176 161 50 208 3 116 13
layer_13.bin,none,5,3,212 45 145 180 34 21 183 87
layer_14.bin,none,6,2,204 53 165 253 21 116 189 63
layer_15.bin,none,7,1,149 227 235 155 14 133 173 147
layer_16.bin,none,6,2,160 117 172 163 183 112 230 104
layer_17.bin,none,8,0,69 1 152 93 233 19 44 20
layer_18.bin,none,6,2,201 176 224 225 77 83 129 175
layer_19.bin,none,6,2,122 212 174 88 115 222 95 161
layer_20.bin,none,8,0,195 148 133 23 240 72 66 233
layer_21.bin,none,6,2,1 193 229 254 79 156 243 138
layer_22.bin,none,6,2,157 109 233 132 122 21 161 126
layer_23.bin,none,6,2,223 194 121 47 10 133 63 59
layer_24.bin,none,5,3,176 92 116 166 3 189 193 250
layer_25.bin,none,5,3,212 145 21 45 0 183 155 87
layer_26.bin,none,7,1,204 171 53 165 116 163 142 86
layer_27.bin,none,6,2,1 14 227 169 28 235 149 229
layer_28.bin,none,6,2,160 183 163 117 56 230 120 102
layer_29.bin,none,8,0,19 1 93 152 223 158 20 69
layer_30.bin,none,6,2,201 225 152 197 91 176 144 143
layer_31.bin,none,8,0,157 122 212 59 88 95 85 115
layer_32.bin,none,6,2,146 19 12 255 31 236 136 14
layer_33.bin,none,6,2,72 61 87 56 74 139 189 82
layer_34.bin,none,8,0,191 121 246 249 10 195 18 11
layer_35.bin,none,7,1,14 36 136 43 129 44 185 171
layer_36.bin,none,7,1,60 188 26 153 79 125 158 44
layer_37.bin,none,5,3,196 22 238 115 162 173 213 251
layer_38.bin,none,8,0,87 0 175 132 120 118 127 93
layer_39.bin,none,5,3,99 44 224 77 70 122 197 251
layer_00.bin,none,4,4,211 198 174 159 116 220 194 62
layer_01.bin,none,2,6,193 162 253 166 251 40 209 10
layer_02.bin,none,2,6,112 178 136 148 252 125 94 200
layer_03.bin,none,5,3,148 109 51 166 90 243 39 105
layer_04.bin,none,7,1,221 148 28 216 90 200 121 43
layer_05.bin,none,8,0,50 58 153 60 185 251 136 210
layer_06.bin,none,5,3,161 237 49 125 12 14 213 52
layer_07.bin,none,7,1,175 185 81 246 57 245 49 254
layer_08.bin,none,8,0,133 195 148 72 23 16 224 98
layer_09.bin,none,7,1,1 229 20 99 134 207 86 130
layer_10.bin,none,6,2,132 217 95 242 122 232 148 165
layer_11.bin,none,7,1,194 220 223 121 59 222 85 97
layer_12.bin,none,7,1,116 176 208 3 210 50 92 161
layer_13.bin,none,4,4,212 45 145 183 101 25 158 250
layer_14.bin,none,7,1,204 53 116 253 21 44 163 196
layer_15.bin,none,7,1,149 1 233 133 14 155 195 215
layer_16.bin,none,7,1,160 117 112 163 190 183 82 254
layer_17.bin,none,7,1,152 1 225 69 21 223 20 93
layer_18.bin,none,7,1,250 201 225 223 152 83 85 77
layer_19.bin,none,8,0,122 212 85 174 88 99 59 222
layer_20.bin,none,6,2,148 195 133 23 240 72 108 181
layer_21.bin,none,7,1,1 229 193 243 254 225 32 98
layer_22.bin,none,7,1,148 157 132 34 88 242 111 193
layer_23.bin,none,6,2,223 194 121 220 222 85 218 133
layer_24.bin,none,7,1,116 176 14 220 250 158 11 3
layer_25.bin,none,6,2,101 212 145 45 183 211 21 158
layer_26.bin,none,8,0,204 53 116 253 86 163 171 21
layer_27.bin,none,7,1,1 14 169 28 149 227 37 130
layer_28.bin,none,7,1,160 117 47 181 190 183 102 120
layer_29.bin,none,6,2,1 21 93 223 132 152 225 20
layer_30.bin,none,7,1,201 197 152 225 250 91 99 90
layer_31.bin,none,7,1,122 95 212 88 59 85 174 115
layer_32.bin,none,7,1,255 136 123 85 31 236 245 47
layer_33.bin,none,7,1,95 220 87 139 205 61 72 102
layer_34.bin,none,7,1,244 191 10 246 72 240 1 108
layer_35.bin,none,8,0,14 171 36 129 202 191 43 16
layer_36.bin,none,6,2,60 188 153 26 119 199 84 240
layer_37.bin,none,6,2,115 1 22 229 54 59 120 16
layer_38.bin,none,5,3,175 0 61 35 93 207 233 67
layer_39.bin,none,5,3,235 189 22 165 216 225 56 117
layer_00.bin,none,3,5,101 35 197 131 242 15 96 34
layer_01.bin,none,7,1,62 97 27 47 150 146 151 20
layer_02.bin,none,5,3,149 109 43 130 21 210 36 28
layer_03.bin,none,7,1,226 211 26 236 233 230 37 228
layer_04.bin,none,6,2,245 15 200 144 102 72 61 62
layer_05.bin,none,6,2,220 90 188 235 43 131 236 181
layer_06.bin,none,8,0,14 182 157 161 237 52 215 135
layer_07.bin,none,8,0,112 185 199 23 169 64 2 81
layer_08.bin,none,8,0,35 239 195 148 179 110 85 233
layer_09.bin,none,4,4,203 180 229 1 193 119 169 41
layer_10.bin,none,6,2,88 157 193 132 61 34 208 248
layer_11.bin,none,5,3,133 42 194 111 223 183 81 213
layer_12.bin,none,4,4,11 220 116 3 176 253 69 89
layer_13.bin,none,6,2,29 112 45 212 21 183 145 211
layer_14.bin,none,6,2,204 53 116 165 163 86 46 107
layer_15.bin,none,8,0,172 36 227 235 1 228 155 149
layer_16.bin,none,4,4,160 183 181 117 187 137 204 96
layer_17.bin,none,5,3,1 93 69 152 209 223 95 102
layer_18.bin,none,7,1,152 176 170 225 197 201 77 3
layer_19.bin,none,7,1,122 212 174 233 95 153 167 115
layer_20.bin,none,8,0,148 195 240 133 22 72 23 35
layer_21.bin,none,8,0,1 203 254 180 228 229 193 99
layer_22.bin,none,5,3,148 88 126 206 83 177 193 132
layer_23.bin,none,5,3,39 223 63 130 133 81 171 34
layer_24.bin,none,5,3,176 113 92 116 250 169 79 22
layer_25.bin,none,7,1,112 212 45 83 21 145 183 179
layer_26.bin,none,7,1,204 163 116 165 115 142 21 107
layer_27.bin,none,5,3,227 36 172 1 14 11 235 155
layer_28.bin,none,5,3,160 117 183 96 209 142 104 197
layer_29.bin,none,5,3,152 93 209 1 102 69 192 44
layer_30.bin,none,7,1,152 225 170 176 201 241 77 45
layer_31.bin,none,8,0,122 212 95 174 133 115 240 88
layer_32.bin,none,5,3,255 158 31 136 98 149 73 194
layer_33.bin,none,7,1,72 190 87 126 110 220 232 205
layer_34.bin,none,7,1,244 116 246 10 161 55 97 54
layer_35.bin,none,7,1,14 171 129 36 202 16 64 39
layer_36.bin,none,5,3,60 188 153 166 207 70 64 171
layer_37.bin,none,7,1,1 219 115 22 229 58 61 76
layer_38.bin,none,7,1,175 92 93 71 118 148 109 127
layer_39.bin,none,6,2,2 189 25 70 69 38 78 85
layer_00.bin,none,3,5,57 88 241 135 108 238 182 83
layer_01.bin,none,6,2,192 217 146 140 182 11 181 143
layer_02.bin,none,6,2,8 36 149 153 188 243 21 43
layer_03.bin,none,2,6,226 106 29 126 110 69 151 240
layer_04.bin,none,5,3,90 171 45 247 28 240 62 129
layer_05.bin,none,5,3,50 58 220 146 87 160 185 101
layer_06.bin,none,7,1,182 237 255 160 89 14 210 36
layer_07.bin,none,6,2,175 185 105 81 24 57 5 207
layer_08.bin,none,7,1,195 148 133 23 72 179 93 85
layer_09.bin,none,6,2,69 180 229 1 152 169 241 99
layer_10.bin,none,7,1,88 126 148 193 132 34 61 86
layer_11.bin,none,3,5,39 63 223 11 188 99 30 150
layer_12.bin,none,5,3,16 176 116 76 161 184 3 209
layer_13.bin,none,6,2,212 112 45 145 103 34 253 183
layer_14.bin,none,7,1,204 116 53 253 165 21 55 163
layer_15.bin,none,6,2,11 36 172 155 149 195 29 46
layer_16.bin,none,5,3,160 117 112 61 172 204 104 50
layer_17.bin,none,7,1,152 1 223 69 93 95 198 13
layer_18.bin,none,5,3,170 122 138 137 85 201 83 40
layer_19.bin,none,7,1,122 212 215 174 166 153 167 222
layer_20.bin,none,6,2,195 148 133 240 23 72 40 225
layer_21.bin,none,6,2,69 1 193 180 229 136 241 43
layer_22.bin,none,7,1,148 126 88 136 247 149 168 217
layer_23.bin,none,4,4,39 63 223 99 19 90 11 32
layer_24.bin,none,3,5,169 176 151 13 48 189 120 16
layer_25.bin,none,6,2,112 212 45 145 103 226 179 83
layer_26.bin,none,6,2,204 253 116 149 94 163 21 165
layer_27.bin,none,8,0,11 14 227 235 147 155 98 229
layer_28.bin,none,7,1,160 61 104 117 124 172 142 209
layer_29.bin,none,6,2,152 44 69 209 192 217 233 93
layer_30.bin,none,7,1,170 152 138 241 77 176 201 224
layer_31.bin,none,7,1,212 122 174 95 133 166 115 215
layer_32.bin,none,5,3,60 255 136 73 31 67 25 104
layer_33.bin,none,5,3,110 229 33 87 72 50 108 137
layer_34.bin,none,2,6,244 93 218 37 154 123 108 27
layer_35.bin,none,6,2,14 171 36 64 91 53 143 80
layer_36.bin,none,3,5,60 135 2 164 213 188 136 153
layer_37.bin,none,5,3,1 219 104 129 52 239 199 89
layer_38.bin,none,3,5,175 68 60 109 122 144 159 135
layer_39.bin,none,1,7,96 110 187 195 184 150 46 56
layer_00.bin,none,3,5,211 236 60 70 195 160 33 20
layer_01.bin,none,2,6,124 163 191 167 243 125 21 193
layer_02.bin,none,2,6,188 153 194 32 79 237 216 112
layer_03.bin,none,6,2,69 93 126 149 243 228 56 197
layer_04.bin,none,8,0,28 90 233 175 140 121 134 132
layer_05.bin,none,6,2,60 111 58 128 50 185 164 108
layer_06.bin,none,4,4,237 30 12 210 113 205 23 249
layer_07.bin,none,6,2,175 245 81 142 5 6 39 185
layer_08.bin,none,7,1,195 22 148 72 240 133 63 108
layer_09.bin,none,8,0,1 20 99 229 254 44 243 86
layer_10.bin,none,5,3,148 217 70 172 149 95 242 86
layer_11.bin,none,6,2,117 63 37 97 32 19 230 218
layer_12.bin,none,6,2,208 161 50 10 176 119 149 116
layer_13.bin,none,7,1,45 212 83 180 13 58 0 185
layer_14.bin,none,7,1,204 44 21 115 125 54 94 196
layer_15.bin,none,8,0,227 235 155 12 228 147 138 29
layer_16.bin,none,6,2,160 117 183 164 104 112 172 169
layer_17.bin,none,7,1,69 152 93 1 185 44 209 149
layer_18.bin,none,7,1,176 152 241 66 151 77 225 138
layer_19.bin,none,7,1,212 122 95 174 115 133 48 49
layer_20.bin,none,7,1,148 195 240 72 133 22 23 57
layer_21.bin,none,8,0,1 99 254 193 229 128 225 243
layer_22.bin,none,6,2,148 70 126 115 149 217 233 87
layer_23.bin,none,6,2,63 117 99 223 19 139 37 166
layer_24.bin,none,4,4,50 119 240 153 176 92 79 250
layer_25.bin,none,6,2,212 45 83 0 179 180 71 248
layer_26.bin,none,8,0,204 115 163 116 142 94 248 211
layer_27.bin,none,8,0,227 11 1 153 139 228 235 145
layer_28.bin,none,7,1,160 209 117 183 104 142 112 164
layer_29.bin,none,7,1,152 69 44 125 93 98 217 149
layer_30.bin,none,6,2,152 241 151 176 138 77 92 129
layer_31.bin,none,7,1,122 95 212 133 174 49 149 54
layer_32.bin,none,8,0,255 31 73 123 109 128 104 67
layer_33.bin,none,5,3,110 61 229 198 72 70 87 235
layer_34.bin,none,5,3,244 164 121 13 191 218 154 179
layer_35.bin,none,8,0,14 171 129 53 16 36 64 80
layer_36.bin,none,8,0,60 164 188 154 135 213 153 28
layer_37.bin,none,5,3,1 199 100 132 122 219 113 52
layer_38.bin,none,5,3,175 243 122 68 87 143 67 202
layer_39.bin,none,4,4,57 32 176 184 150 195 112 56
layer_00.bin,none,1,7,114 133 59 103 130 79 182 169
layer_01.bin,none,1,7,202 30 28 94 102 119 23 193
layer_02.bin,none,2,6,232 200 176 168 1 204 51 112
layer_03.bin,none,5,3,126 93 69 248 45 196 252 149
layer_04.bin,none,6,2,90 28 140 134 132 121 189 22
layer_05.bin,none,6,2,128 111 95 50 108 252 58 80
layer_06.bin,none,6,2,12 237 30 210 249 240 20 192
layer_07.bin,none,5,3,175 245 58 5 11 57 105 156
layer_08.bin,none,7,1,22 148 195 72 133 240 40 108
layer_09.bin,none,8,0,241 1 99 20 225 100 229 44
layer_10.bin,none,6,2,148 70 217 126 134 172 184 131
layer_11.bin,none,6,2,167 19 117 63 139 97 37 223
layer_12.bin,none,4,4,240 106 208 176 149 20 229 116
layer_13.bin,none,5,3,212 45 83 224 178 145 185 220
layer_14.bin,none,5,3,204 21 94 212 242 116 239 249
layer_15.bin,none,6,2,1 155 227 11 23 141 133 195
layer_16.bin,none,7,1,160 117 164 112 61 144 234 173
layer_17.bin,none,5,3,152 18 1 223 13 46 93 69
layer_18.bin,none,7,1,152 241 66 97 108 176 138 99
layer_19.bin,none,8,0,212 122 133 174 95 49 215 54
layer_20.bin,none,8,0,148 240 195 72 22 133 23 139
layer_21.bin,none,7,1,1 225 100 241 193 229 99 119
layer_22.bin,none,6,2,148 70 184 217 54 126 134 149
layer_23.bin,none,6,2,167 19 63 117 223 37 139 141
layer_24.bin,none,7,1,240 176 55 50 149 119 20 248
layer_25.bin,none,5,3,83 45 212 0 56 126 178 145
layer_26.bin,none,8,0,204 116 94 163 115 21 242 248
layer_27.bin,none,7,1,227 1 155 134 12 90 139 154
layer_28.bin,none,7,1,160 117 209 164 91 234 193 142
layer_29.bin,none,6,2,94 152 93 209 225 2 217 149
layer_30.bin,none,7,1,152 241 0 151 77 138 19 44
layer_31.bin,none,7,1,49 133 122 149 95 212 132 174
layer_32.bin,none,5,3,255 31 140 5 104 73 57 92
layer_33.bin,none,5,3,90 110 167 61 251 70 162 47
layer_34.bin,none,6,2,219 244 182 179 121 108 191 13
layer_35.bin,none,7,1,171 14 64 176 74 129 119 16
layer_36.bin,none,2,6,60 231 93 138 17 171 254 9
layer_37.bin,none,5,3,101 100 1 127 123 2 19 199
layer_38.bin,none,5,3,175 57 122 143 177 18 61 197
layer_39.bin,none,6,2,57 40 176 163 22 32 169 112
layer_00.bin,none,1,7,145 91 214 227 213 179 48 94
layer_01.bin,none,1,7,139 104 184 219 168 64 108 94
layer_02.bin,none,4,4,176 114 31 123 200 44 232 168
layer_03.bin,none,5,3,126 59 131 69 149 88 196 136
layer_04.bin,none,4,4,241 131 28 151 90 230 181 129
layer_05.bin,none,5,3,128 50 252 58 181 111 22 175
layer_06.bin,none,7,1,237 30 12 240 210 249 20 218
layer_07.bin,none,5,3,175 245 81 5 193 110 75 227
layer_08.bin,none,6,2,22 195 72 148 204 133 240 229
layer_09.bin,none,6,2,99 1 69 77 20 68 149 229
layer_10.bin,none,6,2,148 126 70 217 113 172 149 61
layer_11.bin,none,5,3,117 178 63 32 97 167 173 26
layer_12.bin,none,5,3,119 161 185 5 73 10 239 89
layer_13.bin,none,7,1,83 45 162 212 58 37 170 136
layer_14.bin,none,6,2,204 248 54 115 184 212 94 201
layer_15.bin,none,7,1,227 235 139 90 147 145 225 193
layer_16.bin,none,5,3,160 172 183 104 1 25 191 63
layer_17.bin,none,6,2,69 196 217 2 95 233 44 98
layer_18.bin,none,6,2,224 176 239 77 152 241 58 64
layer_19.bin,none,7,1,95 212 133 127 174 115 54 197
layer_20.bin,none,7,1,148 240 22 72 195 85 36 144
layer_21.bin,none,7,1,99 1 69 225 254 128 34 100
layer_22.bin,none,6,2,148 251 149 250 70 137 217 38
layer_23.bin,none,5,3,117 123 63 178 61 167 239 224
layer_24.bin,none,6,2,149 10 119 50 177 246 73 185
layer_25.bin,none,8,0,83 71 45 183 101 162 170 0
layer_26.bin,none,7,1,204 184 165 248 115 163 142 116
layer_27.bin,none,7,1,227 23 0 139 14 154 1 145
layer_28.bin,none,7,1,160 91 193 219 183 235 102 151
layer_29.bin,none,8,0,94 93 88 1 69 125 209 225
layer_30.bin,none,8,0,225 0 201 162 232 152 64 19
layer_31.bin,none,8,0,122 49 95 59 88 183 34 133
layer_32.bin,none,7,1,31 255 236 140 125 254 245 57
layer_33.bin,none,6,2,90 72 162 47 132 137 160 143
layer_34.bin,none,4,4,91 20 103 191 164 10 244 44
layer_35.bin,none,6,2,129 74 171 64 14 187 128 248
layer_36.bin,none,6,2,60 93 2 188 39 165 237 115
layer_37.bin,none,7,1,101 100 54 127 74 169 123 2
layer_38.bin,none,6,2,61 175 122 143 18 202 245 134
layer_39.bin,none,5,3,163 176 57 226 139 95 235 133
layer_00.bin,none,5,3,179 130 197 213 145 119 91 168
layer_01.bin,none,3,5,64 139 216 106 87 59 151 123
layer_02.bin,none,2,6,68 119 88 40 34 18 114 25
layer_03.bin,none,2,6,59 126 142 205 129 80 208 83
layer_04.bin,none,7,1,241 131 15 151 230 108 90 211
layer_05.bin,none,4,4,58 50 103 184 99 175 112 252
layer_06.bin,none,8,0,237 210 12 36 249 255 30 246
layer_07.bin,none,4,4,175 57 185 24 216 72 42 81
layer_08.bin,none,7,1,195 148 133 89 93 233 72 23
layer_09.bin,none,5,3,69 1 229 77 222 119 228 168
layer_10.bin,none,5,3,70 148 137 113 132 193 126 77
layer_11.bin,none,6,2,174 63 223 178 167 99 144 117
layer_12.bin,none,7,1,176 160 116 3 161 149 65 14
layer_13.bin,none,4,4,212 145 45 222 97 101 183 120
layer_14.bin,none,8,0,204 253 44 116 21 53 214 242
layer_15.bin,none,8,0,155 23 1 195 149 12 133 14
layer_16.bin,none,8,0,160 117 112 183 35 47 72 228
layer_17.bin,none,8,0,152 223 94 1 93 226 95 20
layer_18.bin,none,7,1,225 85 138 151 83 91 152 57
layer_19.bin,none,6,2,122 212 88 130 174 222 219 49
layer_20.bin,none,7,1,133 148 195 23 240 235 108 233
layer_21.bin,none,8,0,1 229 69 193 136 254 29 180
layer_22.bin,none,5,3,70 113 148 137 132 34 83 193
layer_23.bin,none,5,3,174 223 161 63 191 141 98 44
layer_24.bin,none,5,3,160 116 128 176 3 14 15 242
layer_25.bin,none,6,2,97 145 158 45 183 222 212 101
layer_26.bin,none,4,4,204 171 20 92 249 198 86 218
layer_27.bin,none,8,0,23 1 169 130 155 14 154 171
layer_28.bin,none,5,3,193 196 55 160 151 219 32 117
layer_29.bin,none,7,1,94 61 88 1 223 225 21 93
layer_30.bin,none,7,1,225 162 91 232 0 64 16 201
layer_31.bin,none,8,0,59 88 95 122 34 183 132 3
layer_32.bin,none,7,1,254 236 255 3 140 31 179 125
layer_33.bin,none,7,1,126 90 162 132 72 47 143 142
layer_34.bin,none,5,3,91 10 44 240 67 62 183 103
layer_35.bin,none,7,1,129 14 74 148 171 235 71 187
layer_36.bin,none,8,0,60 2 188 119 39 93 142 153
layer_37.bin,none,7,1,65 101 78 22 27 124 169 34
layer_38.bin,none,8,0,175 135 251 61 118 169 119 212
layer_39.bin,none,7,1,117 129 122 158 139 70 163 182
layer_00.bin,none,2,6,141 235 221 190 253 208 115 158
layer_01.bin,none,5,3,93 244 155 47 182 197 46 152
layer_02.bin,none,5,3,34 57 109 119 17 243 145 176
layer_03.bin,none,3,5,187 235 231 133 37 77 152 48
layer_04.bin,none,5,3,236 142 128 95 211 234 15 102
layer_05.bin,none,6,2,193 41 47 90 186 224 99 184
layer_06.bin,none,8,0,237 36 153 215 167 12 60 246
layer_07.bin,none,8,0,185 29 23 64 57 78 175 216
layer_08.bin,none,8,0,234 116 195 89 57 239 133 99
layer_09.bin,none,8,0,164 116 126 191 94 228 29 229
layer_10.bin,none,7,1,169 198 248 130 113 213 61 167
layer_11.bin,none,1,7,161 189 183 140 171 136 233 74
layer_12.bin,none,7,1,63 74 93 26 116 161 242 15
layer_13.bin,none,8,0,43 147 97 45 212 145 93 154
layer_14.bin,none,6,2,20 124 204 50 51 53 214 125
layer_15.bin,none,6,2,200 81 147 228 195 162 189 155
layer_16.bin,none,5,3,160 5 117 196 252 133 152 151
layer_17.bin,none,5,3,172 20 250 1 119 76 61 69
layer_18.bin,none,4,4,0 57 179 187 50 201 138 60
layer_19.bin,none,7,1,122 109 88 12 195 116 130 243
layer_20.bin,none,7,1,195 234 235 133 239 148 179 20
layer_21.bin,none,8,0,126 164 29 94 116 229 191 207
layer_22.bin,none,5,3,248 113 169 130 198 23 247 206
layer_23.bin,none,5,3,161 189 121 36 90 223 58 34
layer_24.bin,none,7,1,63 74 44 26 242 3 160 15
layer_25.bin,none,6,2,61 147 43 45 104 134 33 130
layer_26.bin,none,7,1,20 50 204 148 124 147 53 92
layer_27.bin,none,7,1,200 1 14 81 147 189 162 181
layer_28.bin,none,8,0,151 43 133 117 5 160 210 196
layer_29.bin,none,7,1,1 57 76 44 223 172 87 219
layer_30.bin,none,7,1,201 91 179 77 175 225 187 152
layer_31.bin,none,8,0,122 12 59 88 116 115 109 212
layer_32.bin,none,7,1,255 223 119 178 47 132 181 236
layer_33.bin,none,6,2,93 83 51 72 86 25 74 81
layer_34.bin,none,8,0,82 246 132 16 10 33 1 62
layer_35.bin,none,8,0,36 14 235 53 202 167 16 64
layer_36.bin,none,7,1,60 188 153 70 78 222 154 110
layer_37.bin,none,7,1,163 58 219 39 62 213 238 101
layer_38.bin,none,6,2,64 55 159 175 233 252 254 182
layer_39.bin,none,3,5,186 190 162 19 235 245 91 198
layer_00.bin,none,3,5,38 54 167 193 44 244 94 112
layer_01.bin,none,3,5,46 47 58 105 122 117 20 25
layer_02.bin,none,2,6,186 128 200 156 140 53 241 245
layer_03.bin,none,4,4,26 230 233 103 78 143 48 140
layer_04.bin,none,4,4,81 144 245 67 213 45 0 91
layer_05.bin,none,6,2,90 188 224 47 109 43 78 193
layer_06.bin,none,4,4,215 60 131 96 206 36 187 153
layer_07.bin,none,4,4,176 117 70 229 250 54 65 231
layer_08.bin,none,7,1,239 116 104 73 179 57 33 110
layer_09.bin,none,6,2,126 113 116 191 30 171 56 84
layer_10.bin,none,2,6,248 115 211 100 238 191 175 212
layer_11.bin,none,2,6,133 233 140 112 36 224 246 249
layer_12.bin,none,2,6,93 44 144 164 54 212 74 253
layer_13.bin,none,6,2,33 6 61 138 212 104 3 147
layer_14.bin,none,7,1,147 50 86 53 51 191 106 204
layer_15.bin,none,8,0,189 162 166 191 228 147 195 213
layer_16.bin,none,6,2,156 151 170 252 212 152 133 174
layer_17.bin,none,6,2,110 5 57 20 166 1 89 76
layer_18.bin,none,8,0,128 179 91 201 226 77 192 187
layer_19.bin,none,7,1,122 12 120 109 88 226 212 59
layer_20.bin,none,8,0,239 133 148 195 72 33 180 234
layer_21.bin,none,7,1,116 126 207 191 229 120 1 164
layer_22.bin,none,6,2,248 236 161 157 247 165 191 132
layer_23.bin,none,7,1,140 36 111 181 189 47 121 133
layer_24.bin,none,7,1,39 93 116 44 3 154 220 94
layer_25.bin,none,7,1,6 33 142 138 61 45 145 219
layer_26.bin,none,8,0,147 86 118 204 54 52 179 53
layer_27.bin,none,7,1,162 147 200 206 14 181 169 102
layer_28.bin,none,7,1,156 43 47 72 170 151 212 133
layer_29.bin,none,8,0,1 5 57 89 20 76 158 230
layer_30.bin,none,8,0,201 91 77 226 128 192 225 139
layer_31.bin,none,8,0,59 12 122 167 88 226 120 30
layer_32.bin,none,8,0,223 178 47 119 158 206 181 132
layer_33.bin,none,7,1,83 93 81 190 73 74 41 72
layer_34.bin,none,8,0,116 1 82 34 186 21 246 10
layer_35.bin,none,8,0,167 36 244 202 14 214 224 160
layer_36.bin,none,7,1,129 70 188 153 181 158 203 239
layer_37.bin,none,8,0,58 22 147 124 39 103 57 238
layer_38.bin,none,7,1,92 127 118 79 148 12 175 94
layer_39.bin,none,7,1,189 238 70 38 78 242 2 160
layer_00.bin,none,8,0,140 43 112 173 238 200 67 30
layer_01.bin,none,4,4,46 47 181 188 249 137 213 39
layer_02.bin,none,4,4,186 140 200 245 82 85 165 51
layer_03.bin,none,7,1,233 103 117 26 78 150 230 38
layer_04.bin,none,4,4,245 144 62 193 140 199 120 234
layer_05.bin,none,2,6,230 145 85 220 255 106 15 248
layer_06.bin,none,3,5,118 96 89 160 110 199 140 181
layer_07.bin,none,4,4,176 221 207 47 52 145 72 144
layer_08.bin,none,5,3,195 239 148 73 12 175 185 129
layer_09.bin,none,7,1,113 126 53 1 229 30 86 99
layer_10.bin,none,4,4,115 215 240 93 175 21 11 100
layer_11.bin,none,2,6,41 181 183 51 224 253 90 205
layer_12.bin,none,3,5,212 92 4 62 154 176 102 117
layer_13.bin,none,6,2,212 45 6 145 142 171 251 34
layer_14.bin,none,7,1,204 147 165 54 53 214 173 253
layer_15.bin,none,6,2,195 147 228 191 69 133 108 14
layer_16.bin,none,7,1,160 172 151 112 88 117 156 203
layer_17.bin,none,8,0,69 1 152 20 44 93 5 57
layer_18.bin,none,8,0,77 201 224 91 58 204 225 226
layer_19.bin,none,8,0,122 212 115 88 59 12 120 54
layer_20.bin,none,8,0,148 133 195 72 23 85 22 235
layer_21.bin,none,7,1,207 99 1 229 252 174 68 225
layer_22.bin,none,6,2,236 161 132 157 71 44 118 60
layer_23.bin,none,6,2,140 111 194 121 171 98 34 183
layer_24.bin,none,4,4,116 39 3 92 144 220 212 126
layer_25.bin,none,7,1,6 45 33 138 142 199 212 130
layer_26.bin,none,8,0,204 54 248 147 118 165 142 52
layer_27.bin,none,8,0,228 147 14 139 233 206 169 102
layer_28.bin,none,6,2,156 47 72 20 117 195 183 160
layer_29.bin,none,6,2,1 5 158 69 60 8 2 101
layer_30.bin,none,8,0,77 201 91 225 128 192 226 176
layer_31.bin,none,8,0,122 59 120 88 137 212 95 240
layer_32.bin,none,7,1,223 158 47 206 178 236 255 194
layer_33.bin,none,7,1,190 41 81 72 74 40 83 50
layer_34.bin,none,8,0,116 34 97 246 10 161 213 82
layer_35.bin,none,8,0,36 167 244 14 202 224 214 16
layer_36.bin,none,8,0,188 129 70 153 181 239 158 203
layer_37.bin,none,8,0,58 22 147 124 103 57 238 64
layer_38.bin,none,8,0,92 127 79 118 148 12 71 212
layer_39.bin,none,7,1,189 70 2 78 38 242 213 69
layer_00.bin,none,5,3,211 62 144 236 4 72 60 75
layer_01.bin,none,5,3,193 124 132 245 11 86 118 167
layer_02.bin,none,4,4,60 193 3 58 79 76 228 188
layer_03.bin,none,5,3,197 201 39 56 179 69 243 6
layer_04.bin,none,8,0,28 152 200 90 175 121 154 192
layer_05.bin,none,7,1,50 60 58 153 185 136 251 71
layer_06.bin,none,6,2,168 161 237 14 210 49 125 113
layer_07.bin,none,6,2,175 185 245 254 81 246 57 39
layer_08.bin,none,8,0,133 195 148 16 23 72 175 121
layer_09.bin,none,7,1,229 1 207 32 134 130 99 20
layer_10.bin,none,6,2,132 217 146 165 122 34 156 232
layer_11.bin,none,7,1,141 223 164 194 121 59 44 143
layer_12.bin,none,6,2,208 50 116 176 143 13 163 161
layer_13.bin,none,7,1,212 145 45 19 13 0 158 183
layer_14.bin,none,6,2,204 253 179 44 190 238 53 196
layer_15.bin,none,6,2,195 1 133 12 149 169 14 35
layer_16.bin,none,7,1,117 160 102 82 72 190 53 112
layer_17.bin,none,6,2,19 152 1 20 223 158 225 126
layer_18.bin,none,6,2,91 250 225 219 171 152 138 130
layer_19.bin,none,8,0,122 212 88 247 59 99 96 48
layer_20.bin,none,7,1,133 148 195 23 47 98 216 72
layer_21.bin,none,6,2,229 1 207 32 137 130 186 254
layer_22.bin,none,8,0,109 157 161 132 146 156 111 233
layer_23.bin,none,5,3,223 194 70 164 238 231 60 37
layer_24.bin,none,6,2,116 210 50 166 157 39 155 176
layer_25.bin,none,6,2,155 0 168 212 13 145 45 183
layer_26.bin,none,6,2,190 204 196 179 198 86 106 238
layer_27.bin,none,7,1,1 130 35 169 37 133 14 28
layer_28.bin,none,4,4,56 47 117 72 10 53 145 59
layer_29.bin,none,6,2,19 1 158 223 152 126 225 222
layer_30.bin,none,5,3,201 91 225 192 219 226 143 90
layer_31.bin,none,8,0,157 59 212 88 85 122 99 83
layer_32.bin,none,7,1,85 19 173 123 14 47 255 236
layer_33.bin,none,8,0,102 74 72 61 82 56 139 95
layer_34.bin,none,7,1,249 18 191 195 121 246 166 11
layer_35.bin,none,7,1,191 14 36 43 185 114 16 196
layer_36.bin,none,6,2,60 26 188 153 44 37 79 50
layer_37.bin,none,6,2,196 162 238 22 213 126 199 103
layer_38.bin,none,6,2,132 175 87 0 127 118 217 185
layer_39.bin,none,6,2,99 77 44 70 30 116 78 224
layer_00.bin,none,6,2,159 62 211 174 163 116 204 13
layer_01.bin,none,2,6,193 162 100 145 30 180 94 23
layer_02.bin,none,3,5,149 21 36 253 71 247 122 248
layer_03.bin,none,6,2,240 228 201 131 6 69 21 25
layer_04.bin,none,6,2,28 221 175 121 187 206 140 148
layer_05.bin,none,6,2,50 77 153 58 214 185 175 146
layer_06.bin,none,5,3,237 57 160 210 125 195 52 82
layer_07.bin,none,7,1,175 185 246 223 245 81 39 30
layer_08.bin,none,6,2,121 195 133 243 148 72 172 23
layer_09.bin,none,7,1,32 229 1 221 207 134 58 79
layer_10.bin,none,7,1,132 19 146 217 34 152 81 165
layer_11.bin,none,7,1,141 223 220 237 59 121 37 44
layer_12.bin,none,6,2,50 208 157 116 23 176 161 40
layer_13.bin,none,7,1,212 45 145 0 13 158 126 183
layer_14.bin,none,8,0,253 204 44 17 179 21 231 164
layer_15.bin,none,7,1,12 133 169 1 33 155 195 14
layer_16.bin,none,8,0,117 160 234 112 72 82 102 172
layer_17.bin,none,8,0,152 164 1 223 21 19 20 89
layer_18.bin,none,6,2,250 225 91 138 152 90 116 108
layer_19.bin,none,7,1,212 122 88 85 59 48 96 60
layer_20.bin,none,8,0,133 148 195 23 159 121 72 172
layer_21.bin,none,7,1,229 32 1 207 137 98 254 186
layer_22.bin,none,7,1,19 132 156 111 242 146 233 157
layer_23.bin,none,7,1,220 59 223 141 222 70 98 60
layer_24.bin,none,6,2,50 157 11 116 210 115 155 158
layer_25.bin,none,8,0,101 0 19 212 168 13 145 45
layer_26.bin,none,5,3,203 204 86 231 196 213 198 190
layer_27.bin,none,7,1,33 1 169 177 28 133 171 130
layer_28.bin,none,7,1,47 190 102 117 72 181 219 193
layer_29.bin,none,7,1,164 21 1 223 19 72 89 88
layer_30.bin,none,8,0,197 250 91 201 162 232 63 225
layer_31.bin,none,7,1,183 59 88 228 212 34 85 151
layer_32.bin,none,6,2,109 47 76 123 236 255 146 245
layer_33.bin,none,5,3,234 181 56 82 189 74 162 198
layer_34.bin,none,7,1,191 195 240 109 72 10 33 44
layer_35.bin,none,8,0,36 14 16 235 196 148 129 190
layer_36.bin,none,8,0,188 60 153 227 142 26 49 39
layer_37.bin,none,6,2,78 124 22 238 43 89 229 233
layer_38.bin,none,8,0,0 175 215 119 118 212 169 127
layer_39.bin,none,6,2,122 158 70 129 248 165 44 182
layer_00.bin,none,5,3,101 35 242 194 197 67 11 9
layer_01.bin,none,8,0,62 97 27 151 47 146 20 155
layer_02.bin,none,7,1,249 210 43 109 149 130 39 36
layer_03.bin,none,7,1,226 211 26 37 236 230 233 80
layer_04.bin,none,6,2,15 102 245 200 72 214 61 142
layer_05.bin,none,6,2,235 220 236 188 90 141 202 132
layer_06.bin,none,8,0,14 157 57 182 52 246 79 133
layer_07.bin,none,6,2,185 199 112 171 23 2 64 168
layer_08.bin,none,6,2,35 239 179 133 52 83 23 193
layer_09.bin,none,8,0,203 180 229 207 29 1 73 197
layer_10.bin,none,8,0,132 19 34 157 88 81 196 122
layer_11.bin,none,7,1,98 111 42 174 191 133 121 194
layer_12.bin,none,8,0,220 157 39 160 116 193 3 14
layer_13.bin,none,5,3,29 6 219 21 45 15 211 183
layer_14.bin,none,6,2,86 52 204 179 14 198 253 106
layer_15.bin,none,8,0,172 54 213 36 133 1 33 147
layer_16.bin,none,6,2,181 47 96 170 212 32 152 228
layer_17.bin,none,8,0,20 1 223 166 89 230 152 250
layer_18.bin,none,6,2,197 170 91 225 204 148 22 152
layer_19.bin,none,6,2,122 88 130 212 59 153 183 96
layer_20.bin,none,7,1,148 133 35 195 239 23 212 180
layer_21.bin,none,7,1,203 180 229 1 207 254 228 130
layer_22.bin,none,7,1,88 111 132 236 34 157 83 247
layer_23.bin,none,6,2,39 42 223 20 98 111 191 47
layer_24.bin,none,6,2,220 67 116 15 39 14 160 52
layer_25.bin,none,5,3,112 29 45 37 212 145 168 21
layer_26.bin,none,6,2,204 86 44 21 239 198 249 253
layer_27.bin,none,6,2,1 172 166 177 36 133 162 147
layer_28.bin,none,5,3,96 47 117 160 72 55 73 173
layer_29.bin,none,6,2,1 223 152 5 102 250 72 132
layer_30.bin,none,6,2,170 152 91 197 225 201 85 71
layer_31.bin,none,7,1,122 212 130 59 88 215 183 240
layer_32.bin,none,5,3,255 158 98 99 47 236 149 136
layer_33.bin,none,7,1,190 126 232 220 86 82 28 92
layer_34.bin,none,7,1,116 161 10 246 244 252 1 37
layer_35.bin,none,6,2,14 36 171 16 235 212 142 39
layer_36.bin,none,6,2,60 188 49 153 70 166 181 120
layer_37.bin,none,7,1,22 58 124 190 163 199 238 115
layer_38.bin,none,7,1,175 71 92 118 148 212 127 68
layer_39.bin,none,6,2,69 189 2 248 70 38 25 92
layer_00.bin,none,3,5,57 88 108 241 238 135 83 182
layer_01.bin,none,7,1,192 146 217 140 182 11 181 152
layer_02.bin,none,6,2,8 36 43 188 249 149 153 166
layer_03.bin,none,4,4,226 106 29 110 69 236 126 151
layer_04.bin,none,4,4,171 28 45 247 90 61 5 150
layer_05.bin,none,5,3,50 58 146 87 220 69 83 153
layer_06.bin,none,7,1,182 255 237 89 14 210 75 246
layer_07.bin,none,4,4,175 105 185 201 245 254 184 24
layer_08.bin,none,6,2,195 148 133 23 179 72 250 3
layer_09.bin,none,4,4,69 229 180 1 241 152 193 195
layer_10.bin,none,7,1,88 34 126 132 70 193 61 148
layer_11.bin,none,4,4,39 63 223 191 106 11 188 143
layer_12.bin,none,5,3,116 176 55 161 14 3 101 188
layer_13.bin,none,6,2,112 212 45 145 158 183 103 201
layer_14.bin,none,6,2,204 253 116 53 21 55 107 163
layer_15.bin,none,7,1,36 11 172 195 149 155 1 166
layer_16.bin,none,6,2,160 117 112 172 176 228 124 204
layer_17.bin,none,7,1,152 1 223 149 69 44 20 95
layer_18.bin,none,6,2,170 138 122 77 227 241 152 204
layer_19.bin,none,6,2,122 212 215 174 167 192 153 200
layer_20.bin,none,6,2,195 148 133 23 72 243 225 240
layer_21.bin,none,7,1,69 229 1 180 193 228 241 254
layer_22.bin,none,6,2,88 148 126 34 247 217 253 54
layer_23.bin,none,8,0,39 63 223 106 191 99 121 47
layer_24.bin,none,4,4,169 176 116 13 67 14 212 151
layer_25.bin,none,7,1,112 212 45 145 120 211 21 138
layer_26.bin,none,6,2,204 253 21 53 242 225 163 49
layer_27.bin,none,7,1,147 11 172 1 155 14 36 98
layer_28.bin,none,6,2,160 172 117 61 124 96 112 104
layer_29.bin,none,5,3,44 152 149 233 1 69 209 198
layer_30.bin,none,6,2,170 138 77 152 169 241 201 224
layer_31.bin,none,6,2,122 212 215 174 192 166 50 115
layer_32.bin,none,3,5,60 255 241 67 2 88 25 73
layer_33.bin,none,2,6,110 33 229 50 70 85 51 79
layer_34.bin,none,4,4,244 27 93 254 132 123 150 218
layer_35.bin,none,7,1,14 53 171 239 36 80 84 16
layer_36.bin,none,6,2,60 20 135 154 2 188 166 213
layer_37.bin,none,5,3,1 39 199 219 104 99 129 239
layer_38.bin,none,6,2,109 175 249 60 68 122 239 135
layer_39.bin,none,2,6,96 195 110 187 184 150 176 243
layer_00.bin,none,0,8,148 0 120 12 55 180 217 189
layer_01.bin,none,2,6,91 187 108 55 24 1 46 71
layer_02.bin,none,1,7,32 188 79 91 187 143 124 216
layer_03.bin,none,3,5,184 93 126 109 69 149 0 80
layer_04.bin,none,4,4,28 90 233 147 121 157 143 178
layer_05.bin,none,5,3,60 50 58 36 108 128 22 185
layer_06.bin,none,5,3,210 12 30 246 237 192 120 72
layer_07.bin,none,4,4,175 18 245 149 137 5 3 61
layer_08.bin,none,7,1,72 148 22 195 133 108 98 202
layer_09.bin,none,5,3,1 99 142 229 149 119 243 225
layer_10.bin,none,3,5,38 70 135 251 221 45 86 172
layer_11.bin,none,5,3,117 121 118 63 143 194 244 70
layer_12.bin,none,4,4,20 38 240 180 13 208 148 55
layer_13.bin,none,5,3,45 215 212 240 2 83 211 145
layer_14.bin,none,5,3,163 204 85 116 203 54 190 53
layer_15.bin,none,5,3,193 130 155 218 243 228 14 147
layer_16.bin,none,8,0,160 176 172 112 183 117 15 204
layer_17.bin,none,6,2,69 44 184 225 152 226 93 1
layer_18.bin,none,7,1,241 129 77 152 176 32 18 137
layer_19.bin,none,6,2,122 15 133 212 54 149 180 174
layer_20.bin,none,7,1,195 72 148 133 202 121 22 240
layer_21.bin,none,7,1,1 225 99 100 229 243 228 113
layer_22.bin,none,4,4,38 70 221 135 54 134 226 148
layer_23.bin,none,6,2,63 99 121 118 117 223 164 70
layer_24.bin,none,4,4,131 176 240 38 55 16 148 116
layer_25.bin,none,5,3,45 212 211 240 83 148 226 71
layer_26.bin,none,5,3,163 204 85 53 21 190 253 219
layer_27.bin,none,8,0,1 130 14 227 11 155 134 35
layer_28.bin,none,6,2,160 254 117 142 209 183 102 104
layer_29.bin,none,5,3,184 225 152 54 44 209 1 192
layer_30.bin,none,4,4,152 241 129 92 77 225 147 127
layer_31.bin,none,6,2,212 122 149 49 174 133 215 15
layer_32.bin,none,5,3,255 31 202 67 73 88 121 205
layer_33.bin,none,4,4,110 147 66 47 229 87 70 225
layer_34.bin,none,4,4,244 226 13 121 254 150 124 179
layer_35.bin,none,6,2,14 171 53 5 36 252 80 9
layer_36.bin,none,5,3,60 4 164 213 1 154 153 188
layer_37.bin,none,5,3,1 132 156 100 199 181 99 219
layer_38.bin,none,5,3,0 175 122 50 68 243 67 202
layer_39.bin,none,2,6,57 112 136 32 176 31 22 8
layer_00.bin,none,2,6,213 35 94 90 34 243 9 201
layer_01.bin,none,5,3,30 108 210 91 193 187 160 24
layer_02.bin,none,1,7,30 195 25 225 18 37 97 175
layer_03.bin,none,5,3,93 149 87 69 126 196 39 127
layer_04.bin,none,7,1,28 90 129 200 140 10 121 163
layer_05.bin,none,4,4,50 108 103 58 128 206 222 152
layer_06.bin,none,6,2,210 237 30 246 120 113 165 133
layer_07.bin,none,5,3,175 245 3 105 75 81 214 39
layer_08.bin,none,6,2,195 148 133 72 23 188 175 40
layer_09.bin,none,6,2,109 193 1 180 229 99 142 241
layer_10.bin,none,5,3,126 70 193 87 27 38 148 230
layer_11.bin,none,5,3,63 223 139 117 121 99 167 19
layer_12.bin,none,6,2,116 240 11 161 48 14 176 13
layer_13.bin,none,5,3,212 45 112 145 224 220 58 176
layer_14.bin,none,6,2,204 53 253 163 21 116 239 94
layer_15.bin,none,6,2,11 23 155 1 172 195 133 46
layer_16.bin,none,6,2,160 117 92 112 172 35 34 176
layer_17.bin,none,7,1,152 69 44 1 93 223 225 46
layer_18.bin,none,5,3,85 241 152 227 3 138 83 122
layer_19.bin,none,6,2,212 122 215 174 15 153 200 161
layer_20.bin,none,7,1,195 148 133 23 72 240 40 174
layer_21.bin,none,5,3,193 180 229 1 109 60 243 169
layer_22.bin,none,4,4,70 126 148 193 210 184 79 54
layer_23.bin,none,5,3,223 63 139 121 19 39 81 11
layer_24.bin,none,3,5,169 176 151 240 18 14 13 184
layer_25.bin,none,6,2,212 45 112 211 145 226 179 172
layer_26.bin,none,6,2,163 204 94 253 219 242 53 225
layer_27.bin,none,6,2,11 1 155 14 227 139 235 221
layer_28.bin,none,5,3,160 172 104 209 117 92 34 124
layer_29.bin,none,6,2,44 152 69 13 209 233 192 226
layer_30.bin,none,5,3,241 152 77 85 138 8 144 92
layer_31.bin,none,6,2,133 174 212 122 54 215 94 102
layer_32.bin,none,5,3,67 255 31 149 73 136 128 241
layer_33.bin,none,6,2,110 30 70 87 66 229 72 204
layer_34.bin,none,5,3,244 91 179 154 116 254 218 123
layer_35.bin,none,6,2,171 14 80 53 64 36 193 138
layer_36.bin,none,5,3,60 164 154 135 153 56 240 2
layer_37.bin,none,5,3,1 199 219 122 99 156 105 70
layer_38.bin,none,4,4,175 68 122 109 60 82 202 31
layer_39.bin,none,0,8,25 230 187 195 184 63 140 150
layer_00.bin,none,4,4,236 60 32 201 211 75 169 189
layer_01.bin,none,3,5,202 217 28 193 154 72 124 191
layer_02.bin,none,5,3,30 225 153 161 188 211 97 87
layer_03.bin,none,4,4,33 127 93 121 69 126 245 217
layer_04.bin,none,5,3,28 90 140 132 121 83 22 23
layer_05.bin,none,7,1,128 108 58 50 95 103 60 75
layer_06.bin,none,5,3,12 237 210 30 23 120 124 218
layer_07.bin,none,7,1,175 11 245 5 81 75 120 111
layer_08.bin,none,8,0,195 148 72 22 133 175 108 40
layer_09.bin,none,6,2,1 225 99 229 100 121 11 20
layer_10.bin,none,5,3,148 70 126 217 134 131 119 59
layer_11.bin,none,6,2,117 63 37 223 105 231 32 139
layer_12.bin,none,3,5,149 176 20 48 188 240 201 73
layer_13.bin,none,7,1,45 212 83 58 224 145 162 70
layer_14.bin,none,6,2,163 21 204 212 116 196 249 68
layer_15.bin,none,3,5,1 155 163 134 195 131 55 141
layer_16.bin,none,5,3,160 117 112 172 169 15 29 173
layer_17.bin,none,7,1,18 69 2 152 1 93 226 44
layer_18.bin,none,5,3,241 77 152 66 239 51 99 67
layer_19.bin,none,6,2,133 212 54 122 49 219 174 102
layer_20.bin,none,8,0,195 148 72 240 139 133 23 22
layer_21.bin,none,8,0,1 225 100 243 99 193 60 229
layer_22.bin,none,7,1,148 70 217 184 134 54 38 149
layer_23.bin,none,4,4,117 63 166 223 139 105 123 118
layer_24.bin,none,6,2,149 176 109 240 69 119 18 189
layer_25.bin,none,7,1,83 45 212 71 226 8 172 162
layer_26.bin,none,7,1,163 116 204 184 21 212 53 94
layer_27.bin,none,6,2,14 1 227 134 154 163 147 193
layer_28.bin,none,7,1,160 91 151 172 117 209 104 142
layer_29.bin,none,7,1,44 152 69 209 225 233 94 149
layer_30.bin,none,5,3,241 152 239 77 0 138 224 99
layer_31.bin,none,6,2,122 212 49 149 174 163 115 215
layer_32.bin,none,5,3,255 67 31 5 73 57 241 88
layer_33.bin,none,8,0,110 70 61 87 90 229 162 137
layer_34.bin,none,4,4,244 254 13 150 128 27 179 159
layer_35.bin,none,6,2,14 171 53 239 64 36 252 194
layer_36.bin,none,5,3,60 231 4 164 213 154 240 93
layer_37.bin,none,7,1,1 100 5 122 99 101 219 123
layer_38.bin,none,5,3,175 122 177 61 143 168 67 202
layer_39.bin,none,1,7,57 112 31 176 32 163 211 144
layer_00.bin,none,0,8,132 129 38 213 21 253 244 193
layer_01.bin,none,0,8,214 148 161 151 110 212 39 139
layer_02.bin,none,0,8,85 202 138 144 222 197 41 104
layer_03.bin,none,0,8,26 86 145 1 174 239 230 244
layer_04.bin,none,0,8,64 234 97 31 48 50 211 191
layer_05.bin,none,0,8,215 47 200 244 25 15 57 56
layer_06.bin,none,0,8,254 214 110 248 231 91 40 139
layer_07.bin,none,0,8,241 211 221 148 213 63 165 209
layer_08.bin,none,0,8,235 127 11 17 197 18 217 139
layer_09.bin,none,0,8,210 246 122 127 12 72 248 213
layer_10.bin,none,0,8,14 175 179 192 236 206 43 120
layer_11.bin,none,0,8,24 104 221 34 126 180 219 132
layer_12.bin,none,0,8,124 247 52 68 137 79 167 127
layer_13.bin,none,0,8,221 71 231 139 135 241 78 253
layer_14.bin,none,0,8,57 217 140 200 244 81 136 197
layer_15.bin,none,0,8,183 191 117 254 102 86 34 131
layer_16.bin,none,0,8,89 166 41 220 50 245 174 210
layer_17.bin,none,0,8,198 150 171 106 112 243 29 121
layer_18.bin,none,0,8,201 100 31 172 24 111 105 230
layer_19.bin,none,0,8,41 153 148 90 246 139 10 142
layer_20.bin,none,0,8,127 17 235 11 217 18 93 162
layer_21.bin,none,0,8,184 72 246 127 210 122 228 201
layer_22.bin,none,0,8,120 175 192 82 50 11 90 195
layer_23.bin,none,0,8,180 24 41 104 152 246 187 215
layer_24.bin,none,0,8,53 216 124 62 167 247 4 24
layer_25.bin,none,0,8,167 221 78 64 26 52 135 121
layer_26.bin,none,0,8,81 217 57 150 244 136 8 230
layer_27.bin,none,0,8,247 191 225 124 102 168 45 93
layer_28.bin,none,0,8,107 158 166 57 23 182 126 89
layer_29.bin,none,0,8,106 112 171 42 96 215 198 25
layer_30.bin,none,0,8,31 174 32 88 160 75 47 253
layer_31.bin,none,0,8,204 153 87 221 99 24 237 194
layer_32.bin,none,0,8,205 117 35 172 27 180 95 166
layer_33.bin,none,0,8,144 241 90 127 9 67 32 98
layer_34.bin,none,0,8,63 85 231 202 105 40 234 92
layer_35.bin,none,0,8,225 203 102 66 213 174 170 96
layer_36.bin,none,0,8,159 45 201 186 106 212 73 56
layer_37.bin,none,0,8,245 72 109 13 165 145 219 233
layer_38.bin,none,0,8,209 249 120 0 151 109 103 27
layer_39.bin,none,0,8,162 108 159 63 154 69 2 222
layer_00.bin,none,0,8,238 112 200 173 43 95 139 30
layer_01.bin,none,1,7,214 250 19 58 243 163 125 147
layer_02.bin,none,3,5,29 27 85 233 197 11 179 41
layer_03.bin,none,2,6,162 244 1 123 89 4 253 75
layer_04.bin,none,2,6,163 87 246 195 72 191 88 234
layer_05.bin,none,4,4,15 159 166 110 13 25 56 57
layer_06.bin,none,4,4,110 138 46 40 24 91 254 173
layer_07.bin,none,3,5,221 191 112 200 142 39 241 165
layer_08.bin,none,4,4,175 217 127 17 123 223 78 139
layer_09.bin,none,4,4,72 246 210 95 122 45 232 71
layer_10.bin,none,4,4,175 120 14 100 249 183 179 203
layer_11.bin,none,1,7,180 41 246 96 149 152 143 92
layer_12.bin,none,4,4,4 124 68 24 77 52 167 216
layer_13.bin,none,2,6,231 119 132 221 167 177 64 161
layer_14.bin,none,4,4,217 57 244 211 123 136 191 181
layer_15.bin,none,2,6,225 247 218 191 117 82 48 157
layer_16.bin,none,3,5,89 245 88 166 203 16 107 141
layer_17.bin,none,3,5,96 106 26 171 150 25 125 86
layer_18.bin,none,3,5,100 201 174 94 141 44 75 172
layer_19.bin,none,2,6,41 204 44 221 142 207 238 173
layer_20.bin,none,5,3,17 127 175 217 223 18 11 8
layer_21.bin,none,5,3,72 246 184 232 210 113 127 155
layer_22.bin,none,6,2,120 175 100 50 192 82 231 90
layer_23.bin,none,3,5,180 41 87 213 132 152 96 92
layer_24.bin,none,6,2,53 216 124 167 4 24 58 100
layer_25.bin,none,3,5,167 52 236 221 132 231 242 119
layer_26.bin,none,6,2,217 81 57 136 181 244 211 150
layer_27.bin,none,3,5,247 191 225 218 83 82 108 117
layer_28.bin,none,4,4,158 107 88 166 93 218 18 89
layer_29.bin,none,6,2,106 96 171 25 86 125 112 42
layer_30.bin,none,5,3,31 174 75 94 160 32 141 217
layer_31.bin,none,0,8,19 36 167 173 94 35 207 186
layer_32.bin,none,3,5,95 27 53 35 112 2 38 119
layer_33.bin,none,6,2,127 32 144 9 241 39 90 231
layer_34.bin,none,5,3,63 85 26 231 105 92 204 219
layer_35.bin,none,5,3,43 102 203 225 42 174 119 170
layer_36.bin,none,7,1,45 56 201 73 186 161 159 212
layer_37.bin,none,4,4,72 211 245 219 109 200 206 138
layer_38.bin,none,5,3,209 120 151 193 249 232 0 125
layer_39.bin,none,4,4,108 162 221 159 148 2 236 98
layer_00.bin,none,1,7,187 192 115 81 235 112 86 72
layer_01.bin,none,3,5,214 172 16 137 147 112 94 250
layer_02.bin,none,1,7,41 153 129 204 106 123 231 165
layer_03.bin,none,0,8,196 6 69 25 113 38 225 126
layer_04.bin,none,3,5,195 88 163 235 185 90 188 200
layer_05.bin,none,2,6,110 135 71 205 65 86 127 15
layer_06.bin,none,2,6,169 203 138 22 112 254 176 143
layer_07.bin,none,1,7,49 144 180 221 229 203 136 125
layer_08.bin,none,2,6,123 175 191 99 243 8 111 196
layer_09.bin,none,3,5,45 116 2 36 18 72 121 95
layer_10.bin,none,0,8,243 65 162 27 177 247 129 188
layer_11.bin,none,1,7,92 13 192 226 138 228 4 112
layer_12.bin,none,1,7,169 221 16 100 199 24 235 99
layer_13.bin,none,2,6,149 251 141 236 135 132 89 202
layer_14.bin,none,2,6,71 123 12 191 230 103 88 193
layer_15.bin,none,0,8,244 228 137 255 229 185 150 124
layer_16.bin,none,1,7,93 60 75 88 18 63 144 130
layer_17.bin,none,2,6,248 86 249 150 45 74 72 59
layer_18.bin,none,4,4,254 123 174 199 217 201 94 172
layer_19.bin,none,5,3,173 154 238 41 44 221 194 195
layer_20.bin,none,3,5,92 175 197 173 127 223 139 243
layer_21.bin,none,4,4,18 45 200 184 210 232 248 122
layer_22.bin,none,1,7,227 176 243 203 76 231 136 179
layer_23.bin,none,1,7,92 16 193 143 78 183 138 249
layer_24.bin,none,2,6,221 235 24 23 0 126 199 53
layer_25.bin,none,2,6,149 251 202 89 78 141 44 135
layer_26.bin,none,1,7,71 12 88 230 103 193 229 112
layer_27.bin,none,1,7,137 124 185 244 255 228 61 69
layer_28.bin,none,2,6,229 93 75 60 238 18 175 227
layer_29.bin,none,1,7,248 167 183 111 91 72 74 42
layer_30.bin,none,3,5,199 160 217 39 174 254 155 180
layer_31.bin,none,4,4,36 154 121 173 167 75 162 194
layer_32.bin,none,5,3,252 112 2 250 53 35 150 95
layer_33.bin,none,5,3,127 0 32 9 241 164 144 255
layer_34.bin,none,5,3,85 231 26 186 92 132 113 63
layer_35.bin,none,5,3,203 102 42 225 72 174 84 18
layer_36.bin,none,6,2,45 20 73 141 186 212 201 56
layer_37.bin,none,5,3,72 39 182 138 109 165 104 219
layer_38.bin,none,5,3,209 27 151 249 125 148 2 224
layer_39.bin,none,3,5,110 154 38 207 108 12 69 243
layer_00.bin,none,3,5,238 43 112 147 120 106 186 99
layer_01.bin,none,2,6,112 205 19 182 143 86 224 1
layer_02.bin,none,1,7,11 217 187 133 58 49 60 255
layer_03.bin,none,2,6,225 25 108 171 157 199 16 159
layer_04.bin,none,2,6,88 98 195 233 154 192 178 86
layer_05.bin,none,5,3,110 71 65 15 251 147 158 205
layer_06.bin,none,3,5,138 22 65 68 254 226 192 133
layer_07.bin,none,2,6,36 184 75 147 116 229 78 191
layer_08.bin,none,3,5,191 123 107 225 23 220 175 224
layer_09.bin,none,2,6,45 156 95 161 243 152 235 141
layer_10.bin,none,4,4,25 243 247 91 65 234 177 150
layer_11.bin,none,1,7,27 88 107 7 204 108 150 228
layer_12.bin,none,3,5,221 169 47 1 199 145 39 60
layer_13.bin,none,4,4,202 47 20 3 132 182 89 135
layer_14.bin,none,4,4,71 137 103 189 12 160 193 154
layer_15.bin,none,4,4,229 228 108 242 217 185 244 136
layer_16.bin,none,5,3,130 93 10 75 107 229 177 60
layer_17.bin,none,5,3,248 25 64 74 35 18 45 198
layer_18.bin,none,5,3,217 199 172 155 201 254 126 13
layer_19.bin,none,5,3,173 41 36 35 154 221 238 26
layer_20.bin,none,5,3,217 116 127 191 139 237 18 175
layer_21.bin,none,2,6,95 209 210 112 194 156 63 232
layer_22.bin,none,4,4,243 238 25 203 176 215 175 6
layer_23.bin,none,0,8,88 204 226 163 126 228 150 253
layer_24.bin,none,5,3,221 199 52 0 235 254 100 174
layer_25.bin,none,6,2,20 132 135 236 78 202 234 89
layer_26.bin,none,5,3,193 71 229 12 88 189 166 4
layer_27.bin,none,6,2,108 255 85 178 124 185 137 61
layer_28.bin,none,5,3,229 130 107 10 75 28 166 60
layer_29.bin,none,3,5,64 248 25 126 18 35 96 124
layer_30.bin,none,3,5,13 199 18 126 155 217 108 134
layer_31.bin,none,5,3,162 36 35 41 75 55 173 238
layer_32.bin,none,3,5,58 71 252 248 68 27 19 112
layer_33.bin,none,6,2,127 176 255 9 241 0 39 236
layer_34.bin,none,3,5,63 51 234 204 80 15 182 249
layer_35.bin,none,4,4,43 106 174 95 180 225 203 243
layer_36.bin,none,3,5,73 21 45 138 17 59 235 186
layer_37.bin,none,4,4,110 72 244 165 214 145 109 156
layer_38.bin,none,2,6,177 120 209 195 141 156 24 144
layer_39.bin,none,1,7,142 37 127 209 108 66 83 5
layer_00.bin,none,1,7,210 228 93 84 14 102 240 147
layer_01.bin,none,5,3,112 182 195 205 199 97 19 143
layer_02.bin,none,6,2,11 133 217 92 187 60 49 158
layer_03.bin,none,5,3,225 25 159 157 214 224 113 95
layer_04.bin,none,6,2,88 195 98 94 154 192 112 86
layer_05.bin,none,5,3,110 165 218 71 158 88 147 205
layer_06.bin,none,6,2,138 65 79 22 196 143 133 68
layer_07.bin,none,7,1,184 75 36 147 229 116 37 203
layer_08.bin,none,5,3,191 123 159 107 52 224 178 23
layer_09.bin,none,4,4,95 156 47 45 120 161 198 44
layer_10.bin,none,6,2,247 91 234 9 243 124 65 25
layer_11.bin,none,4,4,153 3 27 107 7 150 145 57
layer_12.bin,none,6,2,221 39 1 169 145 60 208 65
layer_13.bin,none,6,2,47 202 66 154 132 20 3 89
layer_14.bin,none,3,5,137 52 64 167 125 88 189 51
layer_15.bin,none,4,4,108 229 242 248 225 87 165 148
layer_16.bin,none,4,4,130 28 229 166 252 170 60 51
layer_17.bin,none,5,3,35 248 64 25 115 20 74 241
layer_18.bin,none,4,4,126 192 13 199 2 217 43 34
layer_19.bin,none,6,2,173 41 35 36 26 221 75 30
layer_20.bin,none,2,6,191 159 107 176 139 224 56 3
layer_21.bin,none,4,4,95 156 47 67 44 45 63 198
layer_22.bin,none,1,7,124 243 65 0 217 247 95 9
layer_23.bin,none,3,5,204 3 153 150 160 61 107 163
layer_24.bin,none,3,5,221 1 39 58 239 16 100 68
layer_25.bin,none,5,3,20 132 202 66 47 89 180 234
layer_26.bin,none,4,4,137 12 193 64 167 166 189 97
layer_27.bin,none,3,5,85 108 255 242 204 248 92 233
layer_28.bin,none,4,4,130 166 152 229 28 252 51 170
layer_29.bin,none,4,4,64 248 25 20 35 48 241 242
layer_30.bin,none,4,4,13 192 126 199 134 203 34 234
layer_31.bin,none,5,3,35 162 75 41 36 51 125 195
layer_32.bin,none,5,3,27 146 68 178 195 19 252 150
layer_33.bin,none,3,5,127 75 37 97 49 241 6 255
layer_34.bin,none,4,4,51 63 255 204 212 9 234 130
layer_35.bin,none,4,4,43 22 136 49 97 203 225 102
layer_36.bin,none,4,4,73 234 45 235 186 35 28 0
layer_37.bin,none,5,3,165 145 72 55 109 220 219 121
layer_38.bin,none,4,4,209 120 173 125 0 241 22 95
layer_39.bin,none,3,5,108 23 241 146 16 154 98 178
layer_00.bin,none,2,6,181 107 82 251 99 68 147 39
layer_01.bin,none,2,6,16 234 183 96 40 205 57 170
layer_02.bin,none,4,4,253 158 120 106 39 129 179 191
layer_03.bin,none,4,4,25 188 225 159 150 199 228 232
layer_04.bin,none,5,3,195 154 192 98 172 156 23 88
layer_05.bin,none,4,4,174 250 110 158 151 205 251 198
layer_06.bin,none,4,4,196 65 138 79 149 49 236 230
layer_07.bin,none,7,1,184 147 36 116 221 78 75 35
layer_08.bin,none,5,3,123 191 107 159 3 19 176 52
layer_09.bin,none,5,3,95 120 45 47 8 189 44 169
layer_10.bin,none,6,2,68 247 234 25 124 243 199 91
layer_11.bin,none,5,3,64 107 111 87 204 112 57 149
layer_12.bin,none,7,1,221 1 68 169 39 216 235 58
layer_13.bin,none,5,3,47 202 164 3 66 154 190 234
layer_14.bin,none,8,0,12 137 193 52 103 71 160 64
layer_15.bin,none,6,2,225 108 229 217 242 127 153 183
layer_16.bin,none,6,2,130 229 166 75 51 14 233 252
layer_17.bin,none,8,0,150 248 26 64 35 25 171 74
layer_18.bin,none,7,1,217 192 199 13 94 174 2 55
layer_19.bin,none,7,1,173 35 41 237 154 36 238 195
layer_20.bin,none,8,0,175 11 237 176 92 223 139 235
layer_21.bin,none,8,0,95 155 248 184 194 209 112 232
layer_22.bin,none,3,5,133 231 191 206 136 76 211 49
layer_23.bin,none,5,3,183 126 138 51 162 155 204 87
layer_24.bin,none,7,1,216 68 58 221 167 213 100 235
layer_25.bin,none,5,3,132 78 227 167 64 139 231 243
layer_26.bin,none,6,2,12 229 193 71 211 97 142 87
layer_27.bin,none,5,3,85 225 108 183 132 124 83 254
layer_28.bin,none,5,3,18 130 166 14 218 229 248 246
layer_29.bin,none,6,2,26 64 248 112 25 35 242 145
layer_30.bin,none,7,1,13 192 55 199 155 94 180 234
layer_31.bin,none,6,2,35 237 162 75 195 41 172 89
layer_32.bin,none,5,3,27 224 178 150 68 252 66 206
layer_33.bin,none,3,5,127 201 179 156 241 40 99 255
layer_34.bin,none,4,4,51 63 217 49 204 141 213 130
layer_35.bin,none,4,4,224 203 225 84 174 156 159 112
layer_36.bin,none,5,3,73 255 24 186 235 18 28 35
layer_37.bin,none,3,5,165 50 219 14 147 57 55 105
layer_38.bin,none,3,5,209 146 79 120 86 254 173 4
layer_39.bin,none,1,7,108 85 177 13 62 34 181 242
layer_00.bin,none,1,7,24 86 70 109 41 136 199 2
layer_01.bin,none,2,6,234 22 226 236 205 190 33 85
layer_02.bin,none,4,4,253 158 120 221 139 106 71 80
layer_03.bin,none,5,3,188 25 225 39 228 101 159 207
layer_04.bin,none,4,4,154 243 192 149 195 4 43 233
layer_05.bin,none,4,4,250 213 151 115 2 62 158 147
layer_06.bin,none,6,2,157 79 49 196 149 65 138 213
layer_07.bin,none,5,3,147 76 32 191 199 35 221 116
layer_08.bin,none,4,4,123 191 52 107 157 180 164 56
layer_09.bin,none,5,3,95 5 120 44 197 45 47 151
layer_10.bin,none,3,5,17 247 234 63 40 171 124 3
layer_11.bin,none,4,4,209 111 101 107 85 3 91 27
layer_12.bin,none,6,2,1 221 68 166 58 128 39 208
layer_13.bin,none,4,4,47 154 230 202 137 190 32 130
layer_14.bin,none,7,1,52 137 51 160 167 12 106 125
layer_15.bin,none,3,5,116 233 148 217 33 229 18 4
layer_16.bin,none,6,2,130 51 170 252 92 20 166 233
layer_17.bin,none,7,1,35 64 115 242 150 20 248 241
layer_18.bin,none,5,3,192 13 126 199 2 130 237 52
layer_19.bin,none,6,2,173 35 36 237 26 75 162 226
layer_20.bin,none,4,4,107 157 191 116 56 238 199 140
layer_21.bin,none,5,3,95 44 5 151 197 45 198 47
layer_22.bin,none,2,6,17 122 63 124 78 182 191 19
layer_23.bin,none,4,4,209 111 204 126 107 3 14 137
layer_24.bin,none,6,2,221 1 39 208 8 68 239 58
layer_25.bin,none,2,6,47 224 130 35 230 132 155 190
layer_26.bin,none,5,3,12 160 52 137 167 106 193 142
layer_27.bin,none,5,3,85 233 218 121 61 254 110 116
layer_28.bin,none,5,3,130 51 14 201 152 138 0 170
layer_29.bin,none,4,4,64 115 242 28 20 78 241 142
layer_30.bin,none,5,3,13 192 237 130 199 55 155 106
layer_31.bin,none,6,2,35 162 75 14 237 195 226 173
layer_32.bin,none,5,3,178 27 75 206 14 197 66 150
layer_33.bin,none,2,6,127 103 5 59 161 18 206 179
layer_34.bin,none,5,3,204 227 11 51 94 63 141 249
layer_35.bin,none,3,5,44 229 43 203 225 76 210 214
layer_36.bin,none,4,4,73 148 48 251 28 24 129 186
layer_37.bin,none,5,3,165 162 57 14 55 147 196 126
layer_38.bin,none,3,5,209 132 124 79 84 74 254 185
layer_39.bin,none,6,2,108 62 242 77 13 181 177 166
layer_00.bin,none,1,7,199 134 155 151 175 124 67 13
layer_01.bin,none,3,5,234 236 16 157 101 32 88 185
layer_02.bin,none,4,4,56 71 158 120 43 83 253 75
layer_03.bin,none,4,4,105 213 225 188 199 25 218 49
layer_04.bin,none,5,3,154 44 54 243 192 195 43 165
layer_05.bin,none,5,3,250 151 236 158 23 2 115 61
layer_06.bin,none,4,4,157 49 79 196 57 39 161 61
layer_07.bin,none,7,1,199 147 223 221 191 116 36 148
layer_08.bin,none,7,1,247 123 107 191 164 56 180 52
layer_09.bin,none,6,2,95 22 197 44 120 151 8 131
layer_10.bin,none,6,2,247 19 63 9 78 40 234 171
layer_11.bin,none,5,3,111 209 202 107 85 101 59 186
layer_12.bin,none,6,2,68 208 221 128 39 3 1 239
layer_13.bin,none,5,3,47 154 137 130 202 99 28 108
layer_14.bin,none,6,2,52 160 137 51 146 125 252 167
layer_15.bin,none,8,0,33 233 18 229 217 82 148 150
layer_16.bin,none,5,3,130 51 170 205 26 71 252 63
layer_17.bin,none,6,2,35 64 115 164 20 15 150 248
layer_18.bin,none,5,3,192 126 13 199 250 205 2 226
layer_19.bin,none,6,2,173 35 75 26 36 162 4 28
layer_20.bin,none,3,5,107 247 56 191 172 220 23 115
layer_21.bin,none,6,2,95 22 44 197 151 113 209 58
layer_22.bin,none,6,2,122 19 63 124 78 40 182 71
layer_23.bin,none,5,3,111 85 149 107 204 92 14 220
layer_24.bin,none,5,3,1 221 39 68 99 210 239 20
layer_25.bin,none,5,3,47 224 130 99 230 137 28 202
layer_26.bin,none,7,1,137 52 160 97 229 12 64 155
layer_27.bin,none,5,3,85 33 233 218 82 242 177 150
layer_28.bin,none,5,3,130 51 152 190 26 170 63 246
layer_29.bin,none,7,1,64 164 115 20 35 242 78 241
layer_30.bin,none,4,4,13 192 250 94 99 63 126 93
layer_31.bin,none,7,1,35 162 75 135 173 195 172 125
layer_32.bin,none,4,4,76 27 162 117 178 219 123 150
layer_33.bin,none,4,4,127 56 234 11 75 49 95 5
layer_34.bin,none,3,5,51 72 204 240 195 222 94 108
layer_35.bin,none,5,3,102 191 97 112 185 8 43 229
layer_36.bin,none,5,3,73 98 235 141 92 28 165 186
layer_37.bin,none,6,2,165 126 55 109 72 145 166 73
layer_38.bin,none,4,4,209 173 88 140 125 254 176 42
layer_39.bin,none,3,5,108 239 98 158 27 185 165 178
layer_00.bin,none,2,6,93 11 96 187 117 171 69 185
layer_01.bin,none,5,3,16 195 2 81 234 236 169 157
layer_02.bin,none,4,4,71 158 253 247 75 63 249 142
layer_03.bin,none,4,4,188 221 228 199 216 170 2 225
layer_04.bin,none,2,6,123 154 105 119 20 8 55 98
layer_05.bin,none,8,0,61 250 151 23 236 110 158 2
layer_06.bin,none,7,1,157 196 79 49 57 16 138 39
layer_07.bin,none,8,0,199 147 184 36 116 191 78 229
layer_08.bin,none,7,1,123 247 191 112 107 180 52 56
layer_09.bin,none,5,3,95 22 120 206 19 240 197 44
layer_10.bin,none,6,2,247 229 163 63 19 40 124 234
layer_11.bin,none,5,3,18 111 107 202 12 145 81 221
layer_12.bin,none,7,1,221 1 106 208 68 39 128 239
layer_13.bin,none,7,1,47 154 202 66 200 32 190 3
layer_14.bin,none,8,0,137 52 160 51 146 64 88 125
layer_15.bin,none,5,3,241 217 148 242 229 204 183 85
layer_16.bin,none,6,2,130 149 51 229 233 26 252 143
layer_17.bin,none,7,1,64 35 115 226 242 248 150 25
layer_18.bin,none,6,2,192 2 13 6 199 94 126 86
layer_19.bin,none,7,1,35 173 36 195 154 26 162 125
layer_20.bin,none,6,2,112 224 175 56 107 191 3 230
layer_21.bin,none,4,4,95 206 72 22 240 113 19 26
layer_22.bin,none,5,3,229 163 238 78 122 124 115 82
layer_23.bin,none,6,2,18 92 204 149 88 51 34 41
layer_24.bin,none,7,1,221 1 68 247 167 77 216 235
layer_25.bin,none,6,2,47 132 64 78 99 146 224 3
layer_26.bin,none,7,1,229 193 97 150 71 160 12 31
layer_27.bin,none,8,0,85 82 225 83 117 218 69 61
layer_28.bin,none,6,2,130 51 75 149 63 245 229 218
layer_29.bin,none,7,1,64 115 25 35 242 248 236 183
layer_30.bin,none,7,1,13 6 94 199 192 93 155 234
layer_31.bin,none,7,1,35 162 172 195 75 154 173 132
layer_32.bin,none,5,3,162 17 27 194 89 150 66 117
layer_33.bin,none,3,5,127 23 214 94 241 220 108 255
layer_34.bin,none,3,5,51 204 187 54 58 19 130 36
layer_35.bin,none,6,2,156 229 34 102 203 112 159 122
layer_36.bin,none,5,3,73 186 253 28 235 43 141 77
layer_37.bin,none,4,4,165 164 109 55 84 72 21 34
layer_38.bin,none,4,4,209 22 136 173 94 4 188 187
layer_39.bin,none,6,2,108 16 146 145 34 147 23 62
layer_00.bin,none,4,4,41 28 222 2 62 81 163 72
layer_01.bin,none,0,8,153 3 251 71 95 100 69 37
layer_02.bin,none,4,4,216 158 139 193 187 42 79 63
layer_03.bin,none,1,7,36 243 154 163 197 215 82 159
layer_04.bin,none,3,5,233 216 149 154 207 206 175 51
layer_05.bin,none,1,7,64 77 151 177 38 164 101 131
layer_06.bin,none,1,7,86 95 168 246 195 196 48 185
layer_07.bin,none,2,6,6 166 199 252 212 109 120 147
layer_08.bin,none,1,7,123 63 189 136 46 254 214 95
layer_09.bin,none,3,5,95 134 75 44 8 108 157 61
layer_10.bin,none,0,8,146 119 26 233 117 232 2 205
layer_11.bin,none,1,7,100 217 37 12 237 38 157 231
layer_12.bin,none,4,4,208 50 170 166 221 239 72 135
layer_13.bin,none,1,7,185 47 39 211 0 88 249 194
layer_14.bin,none,1,7,252 17 138 5 76 255 195 245
layer_15.bin,none,1,7,151 18 230 6 161 79 16 78
layer_16.bin,none,2,6,214 130 169 51 59 138 82 234
layer_17.bin,none,3,5,35 60 31 49 115 126 64 144
layer_18.bin,none,4,4,13 150 66 94 116 199 106 34
layer_19.bin,none,2,6,48 35 247 67 245 162 239 114
layer_20.bin,none,2,6,136 189 172 56 46 70 254 39
layer_21.bin,none,1,7,95 8 32 61 75 17 108 134
layer_22.bin,none,2,6,122 119 233 146 109 194 40 117
layer_23.bin,none,2,6,100 37 146 14 204 38 157 242
layer_24.bin,none,3,5,50 1 170 166 221 135 158 239
layer_25.bin,none,2,6,39 47 0 155 88 203 211 246
layer_26.bin,none,1,7,252 160 17 240 192 245 111 237
layer_27.bin,none,2,6,18 79 230 85 151 161 225 112
layer_28.bin,none,3,5,214 130 56 59 234 138 51 105
layer_29.bin,none,1,7,225 31 60 4 115 113 117 123
layer_30.bin,none,4,4,13 150 66 141 106 116 143 94
layer_31.bin,none,3,5,35 247 67 99 162 245 8 198
layer_32.bin,none,2,6,28 57 14 144 182 27 115 120
layer_33.bin,none,2,6,246 127 103 162 68 203 133 54
layer_34.bin,none,2,6,143 87 18 11 227 5 109 248
layer_35.bin,none,3,5,6 12 201 117 156 136 106 114
layer_36.bin,none,3,5,48 148 116 58 92 37 104 44
layer_37.bin,none,5,3,225 162 87 126 55 109 207 165
layer_38.bin,none,5,3,209 254 173 185 114 74 157 171
layer_39.bin,none,4,4,77 97 167 197 108 61 242 62
layer_00.bin,none,1,7,51 49 247 153 22 11 85 128
layer_01.bin,none,1,7,169 227 87 10 123 5 43 171
layer_02.bin,none,1,7,158 235 16 112 38 148 164 40
layer_03.bin,none,2,6,98 27 97 216 238 228 48 12
layer_04.bin,none,4,4,123 240 154 14 67 4 216 167
layer_05.bin,none,3,5,151 235 67 170 177 23 120 191
layer_06.bin,none,5,3,86 129 196 246 48 29 185 32
layer_07.bin,none,2,6,199 100 230 147 253 66 44 89
layer_08.bin,none,7,1,107 247 33 123 189 191 56 46
layer_09.bin,none,5,3,95 132 44 240 22 108 48 187
layer_10.bin,none,5,3,26 247 137 70 124 40 59 119
layer_11.bin,none,5,3,36 111 174 107 201 100 12 202
layer_12.bin,none,4,4,203 208 242 166 160 50 56 221
layer_13.bin,none,6,2,47 33 154 39 211 130 137 192
layer_14.bin,none,6,2,252 52 147 160 146 137 51 224
layer_15.bin,none,5,3,155 177 4 230 85 148 151 220
layer_16.bin,none,7,1,130 51 26 214 71 233 156 59
layer_17.bin,none,5,3,35 115 60 64 110 242 28 10
layer_18.bin,none,6,2,13 192 128 220 94 150 126 52
layer_19.bin,none,7,1,35 48 75 162 26 28 36 12
layer_20.bin,none,6,2,189 56 136 33 107 46 191 82
layer_21.bin,none,6,2,95 132 44 22 17 8 61 223
layer_22.bin,none,6,2,122 26 119 118 40 194 115 124
layer_23.bin,none,6,2,36 14 111 100 204 136 87 107
layer_24.bin,none,5,3,1 242 50 221 170 104 4 102
layer_25.bin,none,5,3,47 104 39 33 234 224 130 192
layer_26.bin,none,6,2,160 252 147 229 137 52 146 193
layer_27.bin,none,6,2,85 82 240 225 230 218 161 99
layer_28.bin,none,5,3,130 214 51 156 63 143 59 165
layer_29.bin,none,6,2,110 64 115 60 31 119 28 35
layer_30.bin,none,6,2,13 128 150 94 141 106 180 104
layer_31.bin,none,6,2,35 12 162 89 67 172 173 10
layer_32.bin,none,4,4,238 101 117 158 66 182 27 113
layer_33.bin,none,3,5,41 73 246 127 195 255 27 137
layer_34.bin,none,4,4,97 87 34 204 161 108 245 248
layer_35.bin,none,5,3,6 12 201 217 122 156 182 233
layer_36.bin,none,7,1,58 73 116 104 216 28 35 165
layer_37.bin,none,6,2,225 87 165 63 109 55 61 121
layer_38.bin,none,6,2,209 173 254 157 32 114 99 42
layer_39.bin,none,4,4,113 97 22 114 208 98 61 146
layer_00.bin,none,4,4,28 41 78 2 29 223 86 207
layer_01.bin,none,2,6,98 173 91 204 187 153 95 245
layer_02.bin,none,5,3,76 16 112 139 158 216 61 228
layer_03.bin,none,4,4,154 156 194 48 216 115 12 51
layer_04.bin,none,3,5,155 203 154 216 207 114 41 162
layer_05.bin,none,6,2,177 151 170 213 105 38 92 56
layer_06.bin,none,3,5,86 175 95 222 5 19 70 32
layer_07.bin,none,4,4,230 244 9 100 66 224 199 51
layer_08.bin,none,6,2,189 38 136 46 123 107 214 181
layer_09.bin,none,6,2,157 95 134 75 242 48 86 18
layer_10.bin,none,5,3,26 119 109 233 239 117 254 232
layer_11.bin,none,3,5,100 217 79 136 38 198 6 125
layer_12.bin,none,6,2,32 50 170 208 166 203 115 239
layer_13.bin,none,6,2,47 21 39 88 192 211 185 128
layer_14.bin,none,3,5,252 171 192 152 255 76 39 237
layer_15.bin,none,4,4,79 230 151 161 92 223 76 197
layer_16.bin,none,7,1,169 214 219 51 71 10 130 138
layer_17.bin,none,5,3,31 60 53 115 35 28 168 119
layer_18.bin,none,6,2,150 66 13 94 130 101 231 199
layer_19.bin,none,3,5,48 249 161 94 206 242 139 67
layer_20.bin,none,5,3,189 47 38 136 7 56 254 46
layer_21.bin,none,4,4,95 44 8 80 65 231 134 196
layer_22.bin,none,7,1,109 26 233 122 119 118 40 239
layer_23.bin,none,5,3,100 136 37 146 177 38 79 6
layer_24.bin,none,5,3,50 242 115 170 47 203 102 4
layer_25.bin,none,5,3,47 0 39 128 242 114 88 161
layer_26.bin,none,4,4,252 171 144 160 41 237 192 92
layer_27.bin,none,7,1,79 97 85 230 18 178 151 92
layer_28.bin,none,8,0,10 130 214 105 234 59 51 56
layer_29.bin,none,6,2,126 31 64 114 119 73 60 115
layer_30.bin,none,7,1,13 150 66 94 214 18 143 130
layer_31.bin,none,6,2,35 249 55 10 89 162 161 99
layer_32.bin,none,6,2,139 58 27 28 115 38 117 78
layer_33.bin,none,5,3,182 161 235 185 246 127 176 195
layer_34.bin,none,6,2,15 204 166 249 143 87 108 137
layer_35.bin,none,6,2,106 217 6 12 201 79 156 98
layer_36.bin,none,6,2,252 73 116 58 21 104 148 172
layer_37.bin,none,5,3,92 225 87 69 165 214 113 121
layer_38.bin,none,5,3,209 52 135 149 132 254 32 114
layer_39.bin,none,6,2,77 46 97 114 5 243 22 7
layer_00.bin,none,4,4,50 241 135 78 68 72 20 28
layer_01.bin,none,7,1,251 37 71 3 1 100 157 195
layer_02.bin,none,4,4,134 147 246 225 148 158 228 216
layer_03.bin,none,5,3,156 154 16 115 251 207 175 18
layer_04.bin,none,5,3,155 216 203 221 207 162 78 225
layer_05.bin,none,4,4,177 133 98 16 92 238 38 77
layer_06.bin,none,4,4,86 175 95 18 102 38 222 220
layer_07.bin,none,5,3,6 230 199 77 116 147 34 190
layer_08.bin,none,7,1,189 136 123 38 254 63 46 144
layer_09.bin,none,6,2,95 157 223 134 138 242 44 86
layer_10.bin,none,5,3,109 146 239 119 235 108 31 117
layer_11.bin,none,5,3,12 100 79 217 42 167 204 19
layer_12.bin,none,5,3,170 239 208 50 217 221 139 66
layer_13.bin,none,5,3,39 47 190 186 88 110 249 188
layer_14.bin,none,7,1,252 255 152 76 138 192 240 5
layer_15.bin,none,5,3,230 197 151 161 3 216 222 92
layer_16.bin,none,6,2,214 74 130 169 33 59 51 233
layer_17.bin,none,4,4,31 123 60 70 238 28 35 82
layer_18.bin,none,4,4,150 114 106 232 231 16 13 165
layer_19.bin,none,2,6,8 245 108 146 211 223 173 14
layer_20.bin,none,7,1,189 136 7 46 82 38 56 9
layer_21.bin,none,7,1,95 223 196 8 72 65 242 231
layer_22.bin,none,4,4,160 117 31 53 63 115 119 5
layer_23.bin,none,2,6,80 100 170 79 28 215 216 248
layer_24.bin,none,4,4,170 222 1 135 66 239 252 200
layer_25.bin,none,6,2,39 47 110 190 128 88 241 242
layer_26.bin,none,3,5,252 255 76 39 192 80 138 237
layer_27.bin,none,4,4,230 151 161 216 3 197 186 178
layer_28.bin,none,2,6,214 74 169 130 121 36 84 55
layer_29.bin,none,6,2,31 150 123 246 126 60 74 28
layer_30.bin,none,6,2,150 172 180 106 18 104 219 13
layer_31.bin,none,8,0,238 154 94 35 162 24 36 249
layer_32.bin,none,6,2,58 248 139 229 127 78 66 101
layer_33.bin,none,5,3,167 176 195 246 227 127 32 7
layer_34.bin,none,6,2,15 80 249 143 108 245 202 0
layer_35.bin,none,5,3,106 149 121 217 65 180 201 12
layer_36.bin,none,6,2,21 228 252 148 73 17 94 116
layer_37.bin,none,5,3,244 214 92 137 243 110 69 36
layer_38.bin,none,5,3,209 43 141 254 177 24 115 63
layer_39.bin,none,7,1,37 5 209 97 22 83 198 66
layer_00.bin,none,2,6,241 15 54 240 98 210 50 17
layer_01.bin,none,7,1,195 3 251 71 95 100 47 81
layer_02.bin,none,5,3,134 147 246 222 225 54 148 67
layer_03.bin,none,7,1,197 115 156 16 243 207 36 23
layer_04.bin,none,6,2,155 251 207 221 216 203 244 51
layer_05.bin,none,6,2,77 92 33 133 177 16 105 199
layer_06.bin,none,7,1,86 175 32 185 95 18 171 195
layer_07.bin,none,6,2,6 252 88 148 166 9 199 13
layer_08.bin,none,4,4,63 189 123 47 136 49 50 106
layer_09.bin,none,7,1,134 32 157 95 44 75 138 86
layer_10.bin,none,8,0,26 233 117 146 109 119 232 239
layer_11.bin,none,6,2,100 79 217 237 6 164 38 8
layer_12.bin,none,6,2,50 170 23 77 166 208 172 239
layer_13.bin,none,6,2,185 39 195 88 0 115 47 188
layer_14.bin,none,5,3,252 17 192 101 133 76 152 228
layer_15.bin,none,6,2,151 230 178 92 160 161 127 197
layer_16.bin,none,7,1,169 234 214 84 51 130 82 138
layer_17.bin,none,4,4,31 60 49 114 68 116 168 175
layer_18.bin,none,7,1,150 66 94 116 13 231 132 199
layer_19.bin,none,6,2,48 161 94 81 247 43 67 249
layer_20.bin,none,7,1,216 47 189 136 39 254 56 46
layer_21.bin,none,7,1,95 8 32 196 134 75 242 52
layer_22.bin,none,7,1,233 117 109 122 26 52 194 239
layer_23.bin,none,7,1,100 38 79 217 146 209 6 248
layer_24.bin,none,5,3,50 170 135 139 48 239 200 172
layer_25.bin,none,6,2,39 115 88 0 47 161 246 36
layer_26.bin,none,6,2,252 192 133 17 76 152 160 171
layer_27.bin,none,5,3,178 230 151 79 179 156 161 160
layer_28.bin,none,8,0,234 214 130 59 169 84 56 138
layer_29.bin,none,5,3,31 60 119 4 165 28 159 9
layer_30.bin,none,6,2,150 66 13 116 94 129 231 104
layer_31.bin,none,6,2,35 249 161 247 94 37 78 89
layer_32.bin,none,7,1,28 248 64 120 14 78 139 27
layer_33.bin,none,5,3,167 246 195 53 103 127 250 25
layer_34.bin,none,7,1,87 249 143 108 227 245 204 83
layer_35.bin,none,7,1,136 106 6 12 241 201 217 102
layer_36.bin,none,5,3,148 116 21 206 73 58 112 143
layer_37.bin,none,5,3,214 244 36 152 237 165 53 243
layer_38.bin,none,3,5,209 87 254 62 191 206 156 180
layer_39.bin,none,5,3,97 251 209 66 22 136 90 167
layer_00.bin,none,4,4,98 240 69 80 209 140 5 17
layer_01.bin,none,7,1,3 251 71 47 69 134 91 195
layer_02.bin,none,8,0,134 147 246 225 54 222 148 112
layer_03.bin,none,5,3,163 243 36 115 156 81 210 206
layer_04.bin,none,8,0,155 203 149 221 206 154 244 251
layer_05.bin,none,7,1,77 133 92 151 177 64 38 30
layer_06.bin,none,7,1,86 171 227 185 195 95 222 32
layer_07.bin,none,8,0,199 6 230 166 116 191 77 147
layer_08.bin,none,7,1,189 63 123 136 107 254 232 23
layer_09.bin,none,7,1,95 86 134 44 157 138 32 231
layer_10.bin,none,8,0,26 146 119 233 232 117 239 235
layer_11.bin,none,8,0,100 136 217 37 237 79 111 6
layer_12.bin,none,8,0,50 170 208 217 32 166 239 242
layer_13.bin,none,8,0,39 47 185 128 21 0 188 88
layer_14.bin,none,8,0,252 171 255 17 146 192 152 5
layer_15.bin,none,8,0,151 230 92 79 161 197 18 160
layer_16.bin,none,8,0,51 214 169 234 130 82 59 71
layer_17.bin,none,8,0,31 60 119 35 115 49 64 123
layer_18.bin,none,7,1,150 66 94 116 13 106 219 101
layer_19.bin,none,8,0,48 249 35 247 161 125 94 242
layer_20.bin,none,7,1,189 56 136 46 254 172 82 152
layer_21.bin,none,7,1,95 32 8 44 65 134 214 80
layer_22.bin,none,8,0,26 122 119 233 146 239 19 192
layer_23.bin,none,8,0,100 136 37 38 6 204 111 217
layer_24.bin,none,8,0,50 242 170 115 1 239 166 135
layer_25.bin,none,7,1,39 47 0 128 101 88 130 190
layer_26.bin,none,8,0,252 171 160 237 192 41 17 255
layer_27.bin,none,8,0,230 85 79 151 161 177 92 179
layer_28.bin,none,8,0,214 130 59 234 138 56 51 169
layer_29.bin,none,8,0,31 119 60 64 115 4 35 28
layer_30.bin,none,8,0,150 66 13 116 192 106 130 231
layer_31.bin,none,8,0,35 249 247 161 162 8 125 198
layer_32.bin,none,7,1,14 27 176 182 120 117 219 115
layer_33.bin,none,7,1,5 127 103 167 246 161 195 198
layer_34.bin,none,7,1,87 143 109 227 11 5 18 164
layer_35.bin,none,7,1,12 6 201 203 217 102 182 123
layer_36.bin,none,7,1,48 116 58 73 148 104 35 40
layer_37.bin,none,8,0,225 162 87 126 63 121 55 207
layer_38.bin,none,6,2,209 254 185 114 167 157 244 173
layer_39.bin,none,8,0,77 97 61 62 242 154 167 181
layer_00.bin,none,2,6,28 70 74 124 13 175 230 199
layer_01.bin,none,2,6,44 69 206 174 10 235 230 80
layer_02.bin,none,5,3,112 54 134 161 225 205 192 148
layer_03.bin,none,6,2,194 12 14 156 48 216 138 197
layer_04.bin,none,6,2,44 221 175 154 233 188 207 137
layer_05.bin,none,6,2,77 177 235 151 105 164 45 13
layer_06.bin,none,7,1,86 54 246 48 168 196 171 175
layer_07.bin,none,7,1,199 6 88 9 230 120 38 116
layer_08.bin,none,8,0,189 63 136 46 123 107 232 191
layer_09.bin,none,7,1,95 44 134 65 75 138 187 157
layer_10.bin,none,6,2,146 119 26 232 216 53 205 70
layer_11.bin,none,6,2,100 59 157 220 37 222 231 12
layer_12.bin,none,8,0,208 170 50 66 239 139 203 242
layer_13.bin,none,7,1,39 47 185 19 110 190 234 186
layer_14.bin,none,8,0,252 76 138 255 5 160 17 195
layer_15.bin,none,8,0,230 151 161 18 177 92 85 222
layer_16.bin,none,7,1,214 59 130 51 53 169 82 26
layer_17.bin,none,6,2,35 60 21 31 19 25 64 115
layer_18.bin,none,7,1,219 150 13 94 106 116 99 34
layer_19.bin,none,8,0,48 35 247 249 14 162 8 114
layer_20.bin,none,7,1,189 56 46 136 172 82 37 9
layer_21.bin,none,8,0,95 72 8 134 61 44 65 214
layer_22.bin,none,5,3,146 122 119 137 11 40 242 53
layer_23.bin,none,5,3,100 157 222 220 231 218 37 215
layer_24.bin,none,6,2,50 170 1 62 8 66 158 78
layer_25.bin,none,8,0,39 47 101 234 0 128 110 161
layer_26.bin,none,7,1,252 160 76 136 240 138 255 5
layer_27.bin,none,8,0,230 161 85 225 177 18 151 108
layer_28.bin,none,7,1,214 130 59 53 26 56 51 234
layer_29.bin,none,7,1,19 60 64 115 31 119 9 123
layer_30.bin,none,7,1,150 13 219 192 106 99 116 151
layer_31.bin,none,7,1,35 162 249 247 8 161 14 114
layer_32.bin,none,5,3,85 27 14 117 182 179 104 219
layer_33.bin,none,5,3,127 246 139 49 235 56 91 17
layer_34.bin,none,6,2,87 195 143 18 48 44 51 11
layer_35.bin,none,6,2,12 117 6 97 201 185 74 128
layer_36.bin,none,6,2,37 44 125 73 116 104 115 58
layer_37.bin,none,8,0,225 55 162 87 113 109 165 63
layer_38.bin,none,6,2,209 254 173 123 132 18 87 74
layer_39.bin,none,5,3,44 99 77 239 97 154 242 164
layer_00.bin,none,3,5,159 13 220 199 204 116 20 174
layer_01.bin,none,3,5,49 104 174 141 114 69 162 245
layer_02.bin,none,3,5,38 210 245 71 57 122 225 145
layer_03.bin,none,3,5,21 51 7 12 119 232 121 113
layer_04.bin,none,7,1,44 148 221 154 207 41 43 163
layer_05.bin,none,7,1,177 151 230 16 77 105 13 131
layer_06.bin,none,8,0,86 54 57 39 48 196 161 40
layer_07.bin,none,7,1,199 223 230 38 9 116 8 224
layer_08.bin,none,7,1,189 136 46 63 107 254 106 82
layer_09.bin,none,8,0,134 95 65 44 75 138 157 242
layer_10.bin,none,6,2,19 119 26 242 146 232 141 205
layer_11.bin,none,7,1,100 220 111 85 59 222 218 157
layer_12.bin,none,8,0,208 170 50 203 239 242 139 3
layer_13.bin,none,7,1,47 39 185 37 190 154 130 19
layer_14.bin,none,7,1,252 146 160 52 255 138 105 152
layer_15.bin,none,8,0,230 177 151 33 161 92 85 4
layer_16.bin,none,7,1,214 26 51 71 169 190 130 59
layer_17.bin,none,8,0,21 164 60 115 35 31 53 150
layer_18.bin,none,7,1,150 13 192 94 99 250 34 72
layer_19.bin,none,8,0,48 35 249 162 4 204 26 36
layer_20.bin,none,7,1,189 56 107 46 136 191 121 82
layer_21.bin,none,7,1,95 44 8 134 72 0 108 197
layer_22.bin,none,8,0,122 242 19 119 137 26 146 40
layer_23.bin,none,6,2,220 111 201 218 85 100 222 176
layer_24.bin,none,7,1,1 11 170 50 221 20 239 135
layer_25.bin,none,5,3,47 101 39 130 137 37 74 71
layer_26.bin,none,8,0,252 160 137 52 229 138 76 150
layer_27.bin,none,6,2,230 85 177 33 28 161 233 93
layer_28.bin,none,7,1,130 26 214 51 193 59 121 190
layer_29.bin,none,7,1,64 164 115 60 119 21 35 31
layer_30.bin,none,7,1,192 13 150 63 106 99 250 162
layer_31.bin,none,6,2,35 162 135 238 249 146 242 125
layer_32.bin,none,5,3,123 179 27 85 117 140 125 183
layer_33.bin,none,4,4,234 127 95 49 132 104 195 142
layer_34.bin,none,6,2,44 240 51 238 20 48 72 108
layer_35.bin,none,6,2,148 190 97 74 191 12 6 102
layer_36.bin,none,3,5,227 142 115 73 39 19 225 104
layer_37.bin,none,4,4,78 27 55 165 169 145 113 16
layer_38.bin,none,5,3,209 173 88 123 215 169 254 119
layer_39.bin,none,7,1,239 158 231 90 162 97 154 178
layer_00.bin,none,1,7,142 166 97 113 123 205 150 210
layer_01.bin,none,2,6,34 11 87 26 5 155 187 132
layer_02.bin,none,4,4,158 164 210 249 38 59 103 162
layer_03.bin,none,3,5,37 199 211 31 228 225 39 46
layer_04.bin,none,3,5,154 161 14 15 13 167 65 222
layer_05.bin,none,5,3,186 151 104 235 161 120 170 177
layer_06.bin,none,7,1,157 196 54 167 79 61 246 39
layer_07.bin,none,6,2,199 147 91 100 29 116 76 36
layer_08.bin,none,8,0,164 56 107 247 191 33 52 180
layer_09.bin,none,5,3,95 39 29 44 22 94 8 197
layer_10.bin,none,5,3,247 63 198 130 19 234 40 185
layer_11.bin,none,6,2,111 20 107 174 202 145 12 128
layer_12.bin,none,6,2,208 39 74 128 3 242 26 221
layer_13.bin,none,6,2,47 154 43 224 130 66 39 202
layer_14.bin,none,7,1,137 52 160 51 146 252 224 124
layer_15.bin,none,7,1,177 148 220 85 181 233 230 4
layer_16.bin,none,7,1,51 130 170 26 5 214 71 233
layer_17.bin,none,7,1,35 64 115 60 87 242 20 28
layer_18.bin,none,5,3,192 13 57 205 126 197 134 226
layer_19.bin,none,6,2,4 36 26 252 35 162 75 20
layer_20.bin,none,7,1,56 107 191 247 115 83 33 136
layer_21.bin,none,5,3,95 44 197 39 29 22 132 2
layer_22.bin,none,5,3,122 63 198 19 124 234 137 185
layer_23.bin,none,3,5,111 128 20 108 174 14 206 204
layer_24.bin,none,4,4,1 221 74 26 63 8 160 39
layer_25.bin,none,3,5,47 130 43 134 154 147 224 108
layer_26.bin,none,6,2,137 52 160 229 252 124 51 155
layer_27.bin,none,4,4,65 177 181 85 165 218 230 58
layer_28.bin,none,6,2,130 170 26 51 229 5 152 80
layer_29.bin,none,7,1,64 20 35 115 60 242 172 119
layer_30.bin,none,6,2,192 13 148 134 106 104 126 187
layer_31.bin,none,4,4,35 162 75 130 20 30 228 135
layer_32.bin,none,6,2,178 99 113 27 117 238 66 192
layer_33.bin,none,5,3,127 190 49 41 195 39 209 232
layer_34.bin,none,5,3,51 88 161 97 62 108 21 202
layer_35.bin,none,6,2,203 97 6 74 217 22 61 218
layer_36.bin,none,3,5,207 73 116 248 235 69 3 199
layer_37.bin,none,4,4,55 165 145 143 113 86 48 232
layer_38.bin,none,6,2,209 173 71 123 254 18 30 125
layer_39.bin,none,5,3,69 108 97 162 178 92 139 248
layer_00.bin,none,0,8,106 172 66 121 22 63 111 92
layer_01.bin,none,2,6,250 112 189 224 223 191 211 128
layer_02.bin,none,3,5,158 198 87 217 22 249 121 43
layer_03.bin,none,5,3,25 226 225 199 117 236 228 159
layer_04.bin,none,4,4,154 118 242 54 139 192 98 105
layer_05.bin,none,5,3,158 194 161 151 205 249 250 10
layer_06.bin,none,5,3,157 79 196 3 54 138 182 114
layer_07.bin,none,7,1,91 44 147 2 36 76 184 199
layer_08.bin,none,7,1,164 191 107 52 56 180 247 212
layer_09.bin,none,8,0,240 95 197 120 47 198 44 156
layer_10.bin,none,5,3,247 253 161 234 40 88 63 171
layer_11.bin,none,4,4,49 20 111 142 195 130 107 101
layer_12.bin,none,6,2,39 128 67 1 3 15 221 65
layer_13.bin,none,6,2,154 47 142 66 224 74 108 33
layer_14.bin,none,7,1,137 52 51 160 106 167 224 38
layer_15.bin,none,6,2,148 181 162 229 240 204 4 233
layer_16.bin,none,7,1,130 170 252 51 28 96 233 205
layer_17.bin,none,7,1,35 64 115 20 242 87 226 48
layer_18.bin,none,7,1,192 13 148 126 226 134 2 205
layer_19.bin,none,6,2,36 26 75 173 162 51 4 228
layer_20.bin,none,6,2,191 56 107 116 23 4 33 110
layer_21.bin,none,7,1,95 240 44 197 47 120 156 72
layer_22.bin,none,5,3,253 63 124 122 161 185 234 9
layer_23.bin,none,3,5,111 49 20 3 142 130 249 195
layer_24.bin,none,6,2,1 39 221 208 67 62 53 225
layer_25.bin,none,5,3,47 142 224 154 130 190 107 2
layer_26.bin,none,6,2,137 160 52 106 167 229 47 54
layer_27.bin,none,5,3,85 218 233 66 166 240 181 127
layer_28.bin,none,7,1,130 51 170 152 96 26 227 252
layer_29.bin,none,8,0,64 20 110 115 236 242 35 142
layer_30.bin,none,6,2,192 13 148 69 6 106 150 135
layer_31.bin,none,5,3,35 162 51 30 70 75 96 100
layer_32.bin,none,5,3,162 178 194 195 146 158 117 116
layer_33.bin,none,5,3,127 41 94 97 49 195 37 246
layer_34.bin,none,6,2,51 187 19 212 87 21 54 97
layer_35.bin,none,6,2,6 12 229 217 10 35 214 201
layer_36.bin,none,2,6,116 0 104 8 129 234 66 82
layer_37.bin,none,8,0,145 55 147 225 165 57 87 113
layer_38.bin,none,5,3,209 173 22 254 84 79 86 182
layer_39.bin,none,6,2,16 145 62 242 78 108 23 181
layer_00.bin,none,0,8,88 57 59 56 83 110 165 160
layer_01.bin,none,1,7,98 234 183 82 79 209 230 73
layer_02.bin,none,3,5,72 56 158 238 234 237 43 179
layer_03.bin,none,3,5,70 194 228 17 105 55 72 199
layer_04.bin,none,3,5,154 133 123 242 138 254 20 74
layer_05.bin,none,5,3,249 174 250 151 114 24 170 158
layer_06.bin,none,8,0,49 157 196 19 57 86 54 79
layer_07.bin,none,6,2,199 129 147 9 176 230 109 44
layer_08.bin,none,7,1,107 247 189 164 136 191 52 120
layer_09.bin,none,6,2,148 95 120 44 197 108 115 157
layer_10.bin,none,5,3,68 63 46 253 161 247 240 40
layer_11.bin,none,4,4,111 210 93 195 101 194 238 202
layer_12.bin,none,6,2,170 3 210 208 154 66 139 56
layer_13.bin,none,6,2,39 164 47 154 62 213 128 110
layer_14.bin,none,7,1,252 213 255 52 76 138 160 152
layer_15.bin,none,8,0,230 151 177 161 3 233 33 222
layer_16.bin,none,5,3,214 71 26 169 51 121 148 31
layer_17.bin,none,8,0,60 31 115 26 28 35 53 123
layer_18.bin,none,8,0,150 192 16 231 226 205 106 114
layer_19.bin,none,8,0,4 245 8 223 173 108 43 162
layer_20.bin,none,8,0,189 46 136 107 56 254 152 39
layer_21.bin,none,7,1,148 95 108 242 196 72 8 231
layer_22.bin,none,7,1,122 26 68 63 53 119 31 19
layer_23.bin,none,4,4,100 210 111 217 226 194 80 38
layer_24.bin,none,6,2,170 208 135 210 239 129 66 139
layer_25.bin,none,5,3,39 47 164 128 62 88 70 246
layer_26.bin,none,6,2,252 76 255 52 192 180 160 197
layer_27.bin,none,6,2,230 203 233 177 161 151 3 148
layer_28.bin,none,7,1,214 130 169 26 51 84 121 31
layer_29.bin,none,6,2,31 26 115 60 123 28 240 239
layer_30.bin,none,5,3,150 192 73 231 106 221 13 220
layer_31.bin,none,7,1,35 198 245 8 161 238 100 5
layer_32.bin,none,6,2,224 178 206 176 197 38 66 64
layer_33.bin,none,4,4,177 195 96 127 246 156 40 91
layer_34.bin,none,5,3,87 49 217 51 213 202 21 141
layer_35.bin,none,5,3,224 6 244 12 161 201 214 217
layer_36.bin,none,6,2,129 255 116 104 24 239 82 58
layer_37.bin,none,7,1,225 147 87 50 57 55 14 94
layer_38.bin,none,7,1,209 146 114 79 167 157 254 84
layer_39.bin,none,6,2,13 62 242 85 61 181 177 147
layer_00.bin,none,4,4,180 28 222 41 81 2 176 36
layer_01.bin,none,6,2,111 47 143 245 182 69 37 204
layer_02.bin,none,3,5,158 193 199 5 221 77 56 72
layer_03.bin,none,6,2,243 36 199 39 215 12 228 223
layer_04.bin,none,6,2,137 154 149 243 197 132 162 207
layer_05.bin,none,7,1,177 16 235 151 120 105 91 92
layer_06.bin,none,7,1,86 49 168 48 157 161 5 1
layer_07.bin,none,6,2,9 129 199 255 100 8 167 212
layer_08.bin,none,6,2,136 189 46 107 63 119 68 123
layer_09.bin,none,6,2,242 223 234 95 196 8 65 44
layer_10.bin,none,6,2,146 119 232 63 117 5 239 15
layer_11.bin,none,7,1,100 231 59 170 37 111 157 6
layer_12.bin,none,7,1,208 170 166 222 210 172 135 139
layer_13.bin,none,8,0,39 47 185 19 110 154 128 62
layer_14.bin,none,7,1,192 152 76 252 255 138 153 52
layer_15.bin,none,8,0,230 151 216 161 3 222 197 233
layer_16.bin,none,8,0,214 82 33 53 169 51 121 71
layer_17.bin,none,7,1,31 115 19 28 123 47 53 35
layer_18.bin,none,7,1,219 150 231 114 106 192 221 16
layer_19.bin,none,6,2,247 173 146 213 108 8 162 70
layer_20.bin,none,5,3,136 189 46 107 56 68 215 153
layer_21.bin,none,6,2,95 44 8 242 223 167 196 234
layer_22.bin,none,7,1,122 146 63 5 239 40 117 174
layer_23.bin,none,4,4,231 100 111 59 37 194 170 137
layer_24.bin,none,8,0,210 170 166 1 208 135 50 172
layer_25.bin,none,7,1,39 47 0 154 211 74 137 62
layer_26.bin,none,7,1,160 192 47 76 240 137 153 255
layer_27.bin,none,8,0,230 216 233 18 151 161 85 3
layer_28.bin,none,6,2,130 214 56 51 26 20 246 82
layer_29.bin,none,7,1,19 31 115 123 28 64 99 73
layer_30.bin,none,7,1,219 192 150 114 13 106 231 130
layer_31.bin,none,6,2,247 35 146 198 173 8 131 108
layer_32.bin,none,7,1,85 14 57 206 38 117 28 150
layer_33.bin,none,5,3,133 246 68 177 162 103 5 127
layer_34.bin,none,7,1,11 18 87 202 204 227 222 48
layer_35.bin,none,8,0,117 6 244 12 214 136 201 114
layer_36.bin,none,7,1,37 44 48 116 129 125 104 166
layer_37.bin,none,8,0,162 225 55 57 14 147 87 113
layer_38.bin,none,7,1,209 185 173 254 84 79 47 157
layer_39.bin,none,6,2,44 77 242 197 62 181 103 154
layer_00.bin,none,3,5,199 13 204 159 69 116 161 74
layer_01.bin,none,4,4,23 49 245 69 111 44 174 246
layer_02.bin,none,2,6,122 38 78 26 158 130 125 209
layer_03.bin,none,6,2,12 51 199 197 204 207 118 156
layer_04.bin,none,6,2,154 243 221 137 148 44 60 132
layer_05.bin,none,8,0,115 151 177 133 16 92 235 105
layer_06.bin,none,7,1,86 49 161 1 48 157 196 82
layer_07.bin,none,6,2,129 199 167 8 152 9 7 100
layer_08.bin,none,6,2,136 107 189 46 164 7 119 150
layer_09.bin,none,6,2,223 234 95 8 242 44 204 9
layer_10.bin,none,6,2,63 9 232 40 57 235 117 101
layer_11.bin,none,8,0,220 59 100 111 170 194 231 101
layer_12.bin,none,8,0,210 170 208 217 222 3 135 172
layer_13.bin,none,8,0,39 47 154 185 137 110 224 128
layer_14.bin,none,8,0,52 192 252 160 5 255 152 171
layer_15.bin,none,6,2,230 216 151 233 3 161 123 210
layer_16.bin,none,7,1,214 71 51 82 33 121 26 152
layer_17.bin,none,7,1,115 31 35 21 28 158 47 123
layer_18.bin,none,8,0,250 192 150 114 16 231 106 13
layer_19.bin,none,8,0,146 4 173 213 162 252 75 26
layer_20.bin,none,7,1,136 56 107 189 121 242 46 7
layer_21.bin,none,7,1,44 95 223 167 197 8 96 242
layer_22.bin,none,6,2,122 63 216 40 57 146 124 9
layer_23.bin,none,8,0,220 85 111 59 194 231 222 14
layer_24.bin,none,6,2,210 1 115 170 50 208 217 128
layer_25.bin,none,8,0,47 101 154 39 211 224 130 74
layer_26.bin,none,6,2,160 137 171 52 6 72 47 155
layer_27.bin,none,6,2,216 85 230 233 3 128 8 161
layer_28.bin,none,5,3,130 212 51 26 190 214 23 71
layer_29.bin,none,7,1,64 115 31 21 88 19 123 35
layer_30.bin,none,8,0,250 192 150 13 99 106 151 114
layer_31.bin,none,8,0,35 162 146 242 173 8 108 89
layer_32.bin,none,7,1,57 85 76 146 38 179 117 27
layer_33.bin,none,7,1,56 181 162 75 139 127 246 177
layer_34.bin,none,6,2,195 72 44 51 73 87 46 222
layer_35.bin,none,7,1,6 185 12 97 148 190 74 38
layer_36.bin,none,3,5,125 116 226 36 73 99 171 149
layer_37.bin,none,7,1,126 55 113 16 169 152 250 87
layer_38.bin,none,7,1,209 173 123 17 87 169 119 42
layer_39.bin,none,6,2,75 44 239 18 103 90 22 154
layer_00.bin,none,0,8,142 166 97 123 113 150 205 67
layer_01.bin,none,2,6,87 5 34 155 11 64 26 177
layer_02.bin,none,5,3,158 38 210 146 242 26 244 179
layer_03.bin,none,6,2,37 211 199 46 31 146 228 135
layer_04.bin,none,4,4,154 161 14 167 67 201 131 65
layer_05.bin,none,7,1,235 151 191 104 161 186 120 250
layer_06.bin,none,6,2,157 196 161 167 215 79 49 15
layer_07.bin,none,8,0,199 176 129 147 91 29 100 184
layer_08.bin,none,8,0,164 33 107 191 56 52 180 136
layer_09.bin,none,7,1,132 39 95 126 29 94 197 44
layer_10.bin,none,7,1,248 247 63 40 253 198 124 240
layer_11.bin,none,7,1,36 111 20 194 101 170 202 145
layer_12.bin,none,7,1,160 128 210 39 3 26 15 63
layer_13.bin,none,7,1,154 33 47 224 137 43 112 130
layer_14.bin,none,7,1,52 147 137 51 160 224 155 106
layer_15.bin,none,6,2,148 166 65 181 4 233 220 151
layer_16.bin,none,8,0,156 51 170 26 71 152 5 214
layer_17.bin,none,7,1,35 115 110 20 28 57 64 242
layer_18.bin,none,8,0,192 128 13 148 205 226 16 57
layer_19.bin,none,6,2,4 12 120 36 75 26 162 100
layer_20.bin,none,8,0,33 56 136 107 191 189 46 4
layer_21.bin,none,7,1,132 44 39 95 126 197 223 108
layer_22.bin,none,5,3,248 63 122 124 76 210 53 168
layer_23.bin,none,4,4,36 111 194 20 176 226 121 108
layer_24.bin,none,8,0,1 170 210 208 221 242 239 66
layer_25.bin,none,6,2,47 33 154 39 61 130 224 190
layer_26.bin,none,6,2,147 160 137 52 255 215 252 197
layer_27.bin,none,8,0,230 65 233 218 161 85 3 83
layer_28.bin,none,6,2,130 214 212 156 51 26 248 227
layer_29.bin,none,5,3,57 31 123 28 115 110 12 186
layer_30.bin,none,7,1,150 192 128 106 148 73 114 228
layer_31.bin,none,7,1,35 8 12 245 100 108 223 162
layer_32.bin,none,8,0,113 178 238 206 66 158 176 38
layer_33.bin,none,7,1,190 41 127 195 246 177 160 40
layer_34.bin,none,7,1,87 88 97 161 51 248 202 34
layer_35.bin,none,6,2,6 12 244 201 46 217 224 37
layer_36.bin,none,7,1,207 116 129 104 82 58 66 40
layer_37.bin,none,8,0,225 147 87 57 113 55 145 165
layer_38.bin,none,7,1,209 114 84 254 157 167 188 86
layer_39.bin,none,8,0,242 62 145 181 147 61 97 13
layer_00.bin,none,5,3,222 199 124 20 223 28 192 60
layer_01.bin,none,5,3,191 245 204 95 109 153 52 98
layer_02.bin,none,3,5,193 76 158 5 198 79 125 142
layer_03.bin,none,6,2,197 243 199 2 156 207 177 228
layer_04.bin,none,6,2,154 137 203 243 162 197 213 166
layer_05.bin,none,5,3,197 16 177 170 151 105 167 27
layer_06.bin,none,7,1,86 49 19 161 168 245 48 5
layer_07.bin,none,8,0,9 100 7 109 129 167 199 212
layer_08.bin,none,6,2,189 136 46 107 242 58 7 63
layer_09.bin,none,6,2,108 223 61 157 242 17 95 227
layer_10.bin,none,7,1,53 235 117 45 63 232 57 26
layer_11.bin,none,7,1,59 170 100 194 217 231 84 209
layer_12.bin,none,6,2,170 208 210 115 66 168 71 217
layer_13.bin,none,4,4,39 47 110 129 186 36 7 172
layer_14.bin,none,6,2,255 65 138 171 5 240 252 72
layer_15.bin,none,6,2,3 161 151 230 78 197 83 19
layer_16.bin,none,7,1,214 82 121 71 33 51 212 169
layer_17.bin,none,7,1,53 123 115 47 31 239 19 158
layer_18.bin,none,7,1,150 250 16 106 228 114 219 237
layer_19.bin,none,7,1,100 223 245 247 211 8 146 27
layer_20.bin,none,7,1,189 136 242 56 46 58 107 82
layer_21.bin,none,5,3,108 61 223 95 44 157 111 204
layer_22.bin,none,7,1,122 53 146 235 57 117 63 40
layer_23.bin,none,7,1,231 194 170 59 217 85 238 100
layer_24.bin,none,8,0,210 115 170 208 50 1 135 66
layer_25.bin,none,6,2,47 39 154 0 129 155 110 217
layer_26.bin,none,7,1,255 171 65 160 72 240 5 137
layer_27.bin,none,6,2,161 3 78 144 197 230 233 18
layer_28.bin,none,8,0,130 214 51 56 212 26 121 190
layer_29.bin,none,8,0,19 123 239 115 31 73 64 99
layer_30.bin,none,7,1,228 150 192 250 106 219 13 101
layer_31.bin,none,8,0,35 100 223 108 249 245 146 162
layer_32.bin,none,7,1,85 57 92 14 76 117 182 115
layer_33.bin,none,7,1,56 139 160 102 162 127 91 246
layer_34.bin,none,7,1,195 87 72 202 249 18 73 191
layer_35.bin,none,6,2,117 6 46 12 185 13 77 244
layer_36.bin,none,7,1,125 129 44 82 26 116 37 165
layer_37.bin,none,7,1,126 165 196 225 162 55 113 147
layer_38.bin,none,7,1,209 52 87 188 132 84 173 79
layer_39.bin,none,8,0,44 99 77 242 147 154 75 62
layer_00.bin,none,7,1,199 204 13 124 174 161 69 175
layer_01.bin,none,4,4,162 49 11 104 141 23 245 174
layer_02.bin,none,3,5,53 207 38 158 71 209 131 103
layer_03.bin,none,3,5,209 2 53 199 115 111 242 251
layer_04.bin,none,7,1,154 148 221 44 137 43 78 41
layer_05.bin,none,7,1,167 115 16 197 123 151 236 2
layer_06.bin,none,7,1,49 86 161 48 57 157 123 196
layer_07.bin,none,6,2,219 100 223 74 9 7 167 255
layer_08.bin,none,7,1,189 136 107 46 231 164 58 178
layer_09.bin,none,6,2,223 187 61 95 8 108 15 21
layer_10.bin,none,7,1,235 31 9 53 19 63 122 101
layer_11.bin,none,7,1,85 250 220 202 59 222 194 101
layer_12.bin,none,5,3,210 170 137 55 66 115 31 168
layer_13.bin,none,7,1,39 47 79 110 154 186 137 129
layer_14.bin,none,8,0,255 5 138 65 72 240 52 101
layer_15.bin,none,7,1,161 230 197 233 19 67 220 3
layer_16.bin,none,4,4,214 121 71 55 190 187 99 194
layer_17.bin,none,5,3,115 123 229 164 202 120 35 31
layer_18.bin,none,7,1,106 250 150 101 11 228 192 16
layer_19.bin,none,7,1,100 27 223 146 8 173 53 245
layer_20.bin,none,6,2,189 136 107 56 242 46 231 66
layer_21.bin,none,6,2,61 95 223 108 96 44 42 187
layer_22.bin,none,8,0,122 235 31 19 57 53 216 9
layer_23.bin,none,7,1,85 250 220 194 222 59 231 217
layer_24.bin,none,5,3,210 115 55 135 1 170 132 207
layer_25.bin,none,7,1,47 79 101 39 224 154 155 107
layer_26.bin,none,7,1,255 160 171 52 137 101 5 138
layer_27.bin,none,7,1,161 8 33 233 67 197 85 177
layer_28.bin,none,7,1,130 214 190 121 26 187 71 51
layer_29.bin,none,7,1,115 164 123 21 64 99 73 27
layer_30.bin,none,7,1,250 106 192 101 63 150 99 11
layer_31.bin,none,7,1,35 100 162 38 223 249 114 146
layer_32.bin,none,6,2,76 123 57 109 182 179 140 85
layer_33.bin,none,8,0,181 234 56 95 162 102 160 127
layer_34.bin,none,7,1,72 173 248 240 202 44 191 195
layer_35.bin,none,8,0,46 6 190 12 148 191 97 185
layer_36.bin,none,3,5,82 125 142 224 227 240 226 64
layer_37.bin,none,7,1,165 78 55 126 169 16 175 152
layer_38.bin,none,7,1,209 88 173 123 119 140 206 188
layer_39.bin,none,5,3,75 98 90 117 253 239 18 235
layer_00.bin,none,7,1,142 166 150 97 113 123 205 215
layer_01.bin,none,3,5,5 87 155 177 197 75 64 139
layer_02.bin,none,4,4,158 249 149 146 163 109 210 179
layer_03.bin,none,5,3,199 46 37 27 142 135 211 98
layer_04.bin,none,6,2,154 161 14 67 167 201 15 170
layer_05.bin,none,6,2,235 224 151 191 197 104 186 85
layer_06.bin,none,8,0,196 54 161 157 49 79 15 57
layer_07.bin,none,8,0,176 147 199 100 129 7 219 184
layer_08.bin,none,7,1,164 33 107 136 56 191 189 72
layer_09.bin,none,8,0,126 39 132 95 223 29 108 44
layer_10.bin,none,8,0,248 63 235 247 53 19 40 31
layer_11.bin,none,8,0,36 111 202 136 194 170 101 20
layer_12.bin,none,7,1,210 160 115 128 3 15 207 56
layer_13.bin,none,7,1,154 47 39 33 79 137 61 43
layer_14.bin,none,7,1,255 52 50 160 147 224 51 138
layer_15.bin,none,7,1,220 230 161 181 151 4 189 65
layer_16.bin,none,8,0,214 71 121 51 212 156 26 130
layer_17.bin,none,8,0,115 35 123 57 28 31 202 110
layer_18.bin,none,8,0,106 150 192 16 13 57 205 128
layer_19.bin,none,7,1,4 8 120 100 12 223 131 245
layer_20.bin,none,7,1,189 136 56 33 107 46 82 81
layer_21.bin,none,8,0,126 61 132 44 197 39 108 223
layer_22.bin,none,7,1,248 122 63 129 53 210 57 31
layer_23.bin,none,6,2,136 176 111 36 194 171 250 233
layer_24.bin,none,7,1,170 242 210 144 115 208 1 66
layer_25.bin,none,6,2,47 61 39 154 33 110 254 7
layer_26.bin,none,6,2,50 160 137 255 171 147 138 80
layer_27.bin,none,7,1,83 230 161 65 233 189 3 69
layer_28.bin,none,8,0,214 130 212 121 156 51 227 248
layer_29.bin,none,6,2,123 31 57 53 110 115 113 168
layer_30.bin,none,6,2,150 106 192 128 41 73 60 114
layer_31.bin,none,8,0,8 35 245 12 108 131 223 162
layer_32.bin,none,8,0,66 182 178 113 238 158 117 27
layer_33.bin,none,8,0,246 190 41 195 127 91 177 142
layer_34.bin,none,7,1,88 87 97 248 161 202 245 165
layer_35.bin,none,6,2,6 46 12 155 217 201 117 41
layer_36.bin,none,7,1,207 116 104 165 129 82 40 167
layer_37.bin,none,8,0,225 165 57 87 147 113 145 55
layer_38.bin,none,6,2,209 254 84 200 18 245 182 173
layer_39.bin,none,7,1,242 97 62 181 147 22 18 6
layer_00.bin,none,2,6,106 22 6 51 153 66 85 49
layer_01.bin,none,6,2,5 64 155 177 87 90 223 197
layer_02.bin,none,5,3,158 16 249 163 128 108 226 149
layer_03.bin,none,4,4,98 97 27 153 238 160 199 146
layer_04.bin,none,5,3,67 14 154 81 167 201 33 181
layer_05.bin,none,6,2,224 235 67 191 151 250 85 192
layer_06.bin,none,8,0,54 196 157 215 79 19 49 15
layer_07.bin,none,8,0,176 129 44 147 36 184 91 76
layer_08.bin,none,7,1,164 33 107 191 56 180 52 4
layer_09.bin,none,7,1,132 95 197 44 113 240 126 115
layer_10.bin,none,8,0,248 247 253 63 234 124 171 161
layer_11.bin,none,7,1,36 111 136 20 238 194 101 19
layer_12.bin,none,8,0,160 242 115 128 39 210 3 15
layer_13.bin,none,7,1,154 33 47 224 130 138 112 137
layer_14.bin,none,8,0,50 147 52 137 51 224 160 106
layer_15.bin,none,8,0,148 189 166 4 220 177 233 181
layer_16.bin,none,8,0,156 51 26 170 252 130 212 152
layer_17.bin,none,8,0,35 64 110 115 242 57 20 119
layer_18.bin,none,7,1,13 192 128 112 126 226 205 57
layer_19.bin,none,8,0,36 12 120 26 162 75 4 35
layer_20.bin,none,7,1,33 191 56 107 4 72 115 136
layer_21.bin,none,7,1,44 132 95 197 126 208 209 155
layer_22.bin,none,7,1,248 63 122 124 234 70 182 168
layer_23.bin,none,8,0,136 36 111 20 194 171 176 3
layer_24.bin,none,8,0,242 1 39 221 208 210 247 115
layer_25.bin,none,7,1,47 33 61 130 154 104 224 99
layer_26.bin,none,7,1,160 50 137 147 229 52 155 181
layer_27.bin,none,6,2,85 218 233 83 189 210 127 102
layer_28.bin,none,7,1,130 156 51 212 152 170 113 26
layer_29.bin,none,8,0,110 64 57 20 115 242 28 142
layer_30.bin,none,6,2,192 128 112 106 13 234 114 181
layer_31.bin,none,7,1,35 162 12 108 8 131 120 135
layer_32.bin,none,8,0,178 238 113 158 66 206 117 194
layer_33.bin,none,7,1,73 41 127 246 177 49 40 91
layer_34.bin,none,8,0,97 161 51 87 21 202 248 34
layer_35.bin,none,7,1,6 12 244 214 224 61 128 83
layer_36.bin,none,6,2,129 181 116 104 239 82 210 28
layer_37.bin,none,7,1,145 225 57 147 55 87 165 112
layer_38.bin,none,7,1,209 84 86 254 173 79 74 160
layer_39.bin,none,8,0,242 62 145 181 147 16 61 13
layer_00.bin,none,5,3,65 29 86 41 223 2 28 61
layer_01.bin,none,4,4,245 98 163 45 204 153 21 243
layer_02.bin,none,7,1,193 76 158 139 104 16 228 79
layer_03.bin,none,8,0,199 113 156 39 154 207 209 177
layer_04.bin,none,6,2,154 149 137 41 70 43 132 73
layer_05.bin,none,4,4,213 167 151 177 141 84 81 62
layer_06.bin,none,7,1,49 86 19 157 5 233 168 48
layer_07.bin,none,7,1,100 16 219 230 129 9 167 152
layer_08.bin,none,8,0,136 107 189 214 46 47 58 123
layer_09.bin,none,7,1,157 108 5 95 223 234 61 17
layer_10.bin,none,5,3,31 17 109 250 117 235 159 232
layer_11.bin,none,5,3,109 101 170 238 151 217 231 50
layer_12.bin,none,6,2,170 166 115 210 135 168 47 20
layer_13.bin,none,7,1,39 47 79 199 110 154 129 137
layer_14.bin,none,7,1,255 101 171 138 192 152 135 240
layer_15.bin,none,6,2,230 197 161 116 233 151 3 144
layer_16.bin,none,6,2,214 138 212 121 55 71 95 186
layer_17.bin,none,6,2,115 213 123 31 35 158 78 28
layer_18.bin,none,8,0,106 237 114 150 165 16 192 130
layer_19.bin,none,7,1,8 223 38 108 146 245 173 43
layer_20.bin,none,8,0,136 189 68 47 107 242 46 153
layer_21.bin,none,6,2,145 44 223 5 108 61 95 196
layer_22.bin,none,5,3,31 122 17 63 159 161 117 109
layer_23.bin,none,4,4,238 109 209 194 137 231 151 205
layer_24.bin,none,6,2,210 166 115 170 208 135 168 237
layer_25.bin,none,8,0,47 39 155 79 154 74 224 110
layer_26.bin,none,8,0,255 160 171 240 80 192 138 47
layer_27.bin,none,8,0,230 218 161 178 233 18 79 85
layer_28.bin,none,7,1,130 214 138 56 51 55 20 26
layer_29.bin,none,7,1,213 123 115 126 31 78 28 73
layer_30.bin,none,7,1,192 114 150 237 13 106 130 112
layer_31.bin,none,8,0,35 108 162 245 223 8 131 146
layer_32.bin,none,6,2,14 157 206 75 117 248 27 66
layer_33.bin,none,8,0,161 103 198 246 5 195 177 91
layer_34.bin,none,8,0,249 18 87 227 11 204 143 248
layer_35.bin,none,7,1,6 12 214 217 170 58 38 37
layer_36.bin,none,6,2,55 251 129 116 48 73 58 36
layer_37.bin,none,7,1,196 225 55 132 57 214 113 152
layer_38.bin,none,6,2,209 52 84 254 173 132 191 67
layer_39.bin,none,6,2,166 77 97 242 90 190 22 108
layer_00.bin,none,5,3,69 116 239 159 250 136 240 50
layer_01.bin,none,5,3,203 188 243 88 21 163 245 37
layer_02.bin,none,4,4,104 76 183 158 131 16 93 83
layer_03.bin,none,5,3,199 207 154 209 89 156 45 178
layer_04.bin,none,5,3,154 149 137 190 221 78 166 145
layer_05.bin,none,7,1,167 213 115 16 151 177 14 62
layer_06.bin,none,8,0,86 49 19 157 48 95 168 1
layer_07.bin,none,7,1,219 100 16 7 167 230 9 86
layer_08.bin,none,7,1,136 189 46 107 58 82 70 214
layer_09.bin,none,8,0,223 157 108 61 227 95 234 242
layer_10.bin,none,8,0,31 235 232 250 117 159 239 5
layer_11.bin,none,7,1,109 170 100 151 217 231 101 103
layer_12.bin,none,8,0,170 166 222 208 168 139 172 135
layer_13.bin,none,8,0,39 110 47 79 186 128 185 129
layer_14.bin,none,7,1,255 76 138 101 152 192 169 240
layer_15.bin,none,7,1,230 197 151 3 161 222 144 49
layer_16.bin,none,8,0,214 55 121 138 186 33 99 71
layer_17.bin,none,7,1,123 31 213 115 202 238 82 23
layer_18.bin,none,8,0,150 106 114 16 232 11 237 101
layer_19.bin,none,8,0,8 108 223 211 146 245 100 43
layer_20.bin,none,7,1,189 136 46 82 68 9 153 97
layer_21.bin,none,7,1,223 145 108 157 196 61 231 5
layer_22.bin,none,8,0,31 122 117 17 53 63 159 239
layer_23.bin,none,6,2,109 170 100 231 238 209 84 198
layer_24.bin,none,6,2,170 210 166 222 135 252 115 132
layer_25.bin,none,6,2,39 47 110 79 128 186 199 88
layer_26.bin,none,8,0,255 76 160 80 138 192 240 252
layer_27.bin,none,6,2,230 161 197 3 151 233 19 222
layer_28.bin,none,7,1,214 55 138 130 20 56 186 51
layer_29.bin,none,8,0,213 123 31 115 78 19 73 28
layer_30.bin,none,8,0,150 114 106 192 221 13 112 101
layer_31.bin,none,8,0,35 108 245 8 162 131 36 223
layer_32.bin,none,8,0,14 206 157 66 182 117 176 197
layer_33.bin,none,8,0,167 246 103 5 195 40 91 161
layer_34.bin,none,8,0,11 87 227 18 248 143 202 213
layer_35.bin,none,7,1,6 12 244 214 191 201 61 66
layer_36.bin,none,8,0,48 129 116 251 104 58 239 24
layer_37.bin,none,8,0,225 57 162 147 87 55 14 145
layer_38.bin,none,6,2,209 84 254 79 124 157 74 63
layer_39.bin,none,8,0,166 77 242 62 181 97 190 147
layer_00.bin,none,6,2,28 222 203 81 175 13 124 47
layer_01.bin,none,2,6,47 131 17 178 175 44 245 235
layer_02.bin,none,4,4,183 104 239 158 131 63 192 235
layer_03.bin,none,5,3,240 243 53 213 209 199 197 228
layer_04.bin,none,6,2,137 154 44 178 41 51 171 78
layer_05.bin,none,7,1,235 16 133 115 167 177 151 98
layer_06.bin,none,7,1,86 49 245 48 82 19 2 161
layer_07.bin,none,6,2,219 9 100 152 7 4 255 32
layer_08.bin,none,6,2,136 189 46 107 62 97 63 123
layer_09.bin,none,8,0,223 8 157 108 95 61 44 234
layer_10.bin,none,7,1,117 31 8 235 232 5 122 63
layer_11.bin,none,8,0,59 170 100 231 209 103 222 220
layer_12.bin,none,7,1,170 210 208 115 59 222 135 172
layer_13.bin,none,8,0,39 185 47 110 137 79 199 88
layer_14.bin,none,8,0,255 171 138 192 152 169 101 252
layer_15.bin,none,7,1,230 161 197 222 151 3 233 171
layer_16.bin,none,8,0,214 186 55 82 169 33 121 212
layer_17.bin,none,8,0,115 31 123 28 78 70 158 35
layer_18.bin,none,8,0,150 250 106 114 16 231 221 86
layer_19.bin,none,8,0,8 108 247 223 211 146 245 131
layer_20.bin,none,7,1,136 189 107 242 56 82 97 70
layer_21.bin,none,8,0,44 223 5 145 61 95 196 157
layer_22.bin,none,7,1,122 117 216 31 146 8 5 63
layer_23.bin,none,8,0,222 231 59 170 220 136 238 194
layer_24.bin,none,6,2,210 115 50 170 242 128 103 253
layer_25.bin,none,8,0,47 101 39 0 154 137 224 79
layer_26.bin,none,8,0,160 171 137 255 50 72 80 192
layer_27.bin,none,6,2,230 161 197 233 85 3 13 131
layer_28.bin,none,8,0,130 214 56 26 186 190 51 82
layer_29.bin,none,8,0,19 115 123 64 31 88 21 119
layer_30.bin,none,8,0,192 250 106 150 13 114 99 151
layer_31.bin,none,8,0,35 249 108 162 146 247 131 8
layer_32.bin,none,6,2,76 12 85 179 117 140 92 125
layer_33.bin,none,7,1,56 181 5 246 139 54 133 127
layer_34.bin,none,7,1,195 44 5 72 87 143 202 238
layer_35.bin,none,8,0,6 185 148 190 174 97 74 46
layer_36.bin,none,7,1,125 115 44 129 227 66 99 116
layer_37.bin,none,8,0,126 16 55 165 225 78 152 27
layer_38.bin,none,7,1,209 236 123 119 173 84 254 191
layer_39.bin,none,7,1,44 231 154 242 90 18 197 22
layer_00.bin,none,1,7,249 123 196 229 216 7 105 160
layer_01.bin,none,2,6,11 231 27 155 225 244 93 75
layer_02.bin,none,5,3,158 4 103 210 179 109 100 38
layer_03.bin,none,4,4,37 133 187 199 231 235 225 25
layer_04.bin,none,2,6,154 142 108 13 222 236 15 102
layer_05.bin,none,6,2,104 186 235 151 193 158 205 253
layer_06.bin,none,7,1,54 196 157 153 167 79 61 245
layer_07.bin,none,7,1,199 147 29 100 36 219 184 79
layer_08.bin,none,6,2,164 56 107 234 191 57 52 136
layer_09.bin,none,7,1,29 94 95 197 44 8 164 223
layer_10.bin,none,5,3,198 169 247 63 216 130 40 234
layer_11.bin,none,7,1,189 111 136 170 238 194 145 103
layer_12.bin,none,6,2,74 210 128 26 115 160 63 208
layer_13.bin,none,6,2,154 47 43 147 224 61 134 138
layer_14.bin,none,8,0,50 137 52 51 224 160 124 171
layer_15.bin,none,5,3,148 181 220 81 4 210 162 200
layer_16.bin,none,7,1,51 5 170 212 71 26 196 233
layer_17.bin,none,6,2,35 115 250 64 87 119 255 242
layer_18.bin,none,7,1,192 13 57 197 205 126 134 50
layer_19.bin,none,7,1,36 4 252 26 249 39 75 20
layer_20.bin,none,5,3,56 191 83 107 234 115 136 52
layer_21.bin,none,5,3,44 197 95 29 164 209 72 131
layer_22.bin,none,5,3,198 122 63 169 124 234 130 168
layer_23.bin,none,4,4,136 189 111 206 108 128 194 251
layer_24.bin,none,4,4,242 74 160 26 63 1 115 221
layer_25.bin,none,4,4,47 147 130 154 43 134 61 152
layer_26.bin,none,5,3,137 50 160 171 52 148 124 20
layer_27.bin,none,3,5,165 181 85 200 177 229 168 154
layer_28.bin,none,4,4,130 152 170 133 88 229 92 236
layer_29.bin,none,5,3,64 20 119 87 250 76 35 248
layer_30.bin,none,4,4,134 192 13 179 43 201 24 60
layer_31.bin,none,6,2,162 35 75 20 36 89 246 205
layer_32.bin,none,4,4,98 112 160 178 24 117 213 38
layer_33.bin,none,4,4,127 0 39 126 236 195 227 113
layer_34.bin,none,3,5,51 84 96 1 108 26 228 43
layer_35.bin,none,3,5,203 102 57 33 209 170 81 107
layer_36.bin,none,3,5,165 75 122 226 3 7 240 161
layer_37.bin,none,3,5,72 165 8 182 194 65 152 180
layer_38.bin,none,4,4,209 173 176 191 103 233 112 206
layer_39.bin,none,4,4,162 97 228 154 2 105 227 93
layer_00.bin,none,3,5,66 92 186 144 147 106 188 155
layer_01.bin,none,3,5,112 97 211 124 195 19 189 224
layer_02.bin,none,2,6,219 92 158 60 10 150 255 217
layer_03.bin,none,6,2,25 159 199 225 155 202 177 228
layer_04.bin,none,5,3,98 192 154 94 54 118 88 71
layer_05.bin,none,6,2,158 194 115 165 161 151 147 2
layer_06.bin,none,5,3,196 183 79 138 52 92 68 54
layer_07.bin,none,5,3,76 35 147 171 36 184 181 101
layer_08.bin,none,7,1,164 234 191 107 52 159 180 110
layer_09.bin,none,8,0,198 95 47 197 156 120 8 44
layer_10.bin,none,7,1,161 247 9 234 198 91 171 185
layer_11.bin,none,6,2,153 3 27 195 98 101 111 107
layer_12.bin,none,7,1,74 1 128 39 191 15 221 208
layer_13.bin,none,6,2,154 47 6 147 134 66 127 224
layer_14.bin,none,7,1,137 51 52 106 160 224 50 159
layer_15.bin,none,5,3,148 229 248 181 58 87 200 204
layer_16.bin,none,6,2,130 252 28 170 51 233 133 46
layer_17.bin,none,7,1,35 64 115 87 20 242 76 226
layer_18.bin,none,6,2,126 192 13 134 2 179 163 226
layer_19.bin,none,6,2,36 162 20 228 26 75 51 30
layer_20.bin,none,6,2,191 159 23 107 4 56 234 164
layer_21.bin,none,8,0,95 44 156 47 197 198 72 209
layer_22.bin,none,6,2,161 9 124 63 185 247 0 122
layer_23.bin,none,3,5,3 153 27 111 204 145 66 195
layer_24.bin,none,5,3,39 1 221 191 208 126 225 239
layer_25.bin,none,6,2,47 6 20 130 224 168 154 190
layer_26.bin,none,6,2,137 160 52 215 106 223 167 51
layer_27.bin,none,4,4,248 85 218 210 181 233 250 121
layer_28.bin,none,5,3,130 152 170 51 230 252 80 54
layer_29.bin,none,7,1,64 20 242 115 236 142 200 96
layer_30.bin,none,4,4,192 69 13 106 159 2 177 234
layer_31.bin,none,6,2,35 162 51 30 75 31 42 125
layer_32.bin,none,7,1,146 195 178 68 117 66 86 194
layer_33.bin,none,6,2,75 127 37 97 189 49 181 6
layer_34.bin,none,7,1,51 212 255 187 63 21 108 19
layer_35.bin,none,4,4,49 136 43 155 6 8 240 10
layer_36.bin,none,6,2,234 73 106 0 235 45 7 167
layer_37.bin,none,6,2,145 55 165 109 250 163 180 73
layer_38.bin,none,7,1,209 173 87 120 254 123 131 88
layer_39.bin,none,5,3,23 127 241 174 16 98 90 108
layer_00.bin,none,2,6,117 185 18 11 186 147 187 121
layer_01.bin,none,3,5,98 40 234 13 16 183 48 96
layer_02.bin,none,4,4,158 120 139 253 123 39 252 84
layer_03.bin,none,7,1,25 159 225 157 199 8 188 154
layer_04.bin,none,4,4,98 192 154 123 8 139 55 2
layer_05.bin,none,4,4,213 31 250 165 114 2 81 254
layer_06.bin,none,6,2,157 196 79 39 114 3 232 92
layer_07.bin,none,5,3,76 61 19 147 35 171 140 36
layer_08.bin,none,6,2,164 191 107 159 157 56 52 80
layer_09.bin,none,6,2,47 95 198 156 206 197 19 5
layer_10.bin,none,4,4,234 163 3 63 247 17 220 251
layer_11.bin,none,5,3,111 3 156 130 27 145 158 98
layer_12.bin,none,7,1,191 39 1 128 208 239 194 47
layer_13.bin,none,5,3,47 154 6 42 39 168 127 142
layer_14.bin,none,7,1,52 255 160 60 138 240 137 51
layer_15.bin,none,6,2,230 220 110 161 181 151 175 148
layer_16.bin,none,7,1,214 26 121 71 51 73 74 130
layer_17.bin,none,8,0,31 123 115 229 35 202 242 168
layer_18.bin,none,7,1,150 106 16 192 13 205 41 11
layer_19.bin,none,6,2,4 8 132 223 14 245 137 131
layer_20.bin,none,7,1,189 46 136 82 37 107 224 97
layer_21.bin,none,7,1,61 8 108 111 72 223 95 65
layer_22.bin,none,4,4,119 160 26 122 67 213 115 80
layer_23.bin,none,5,3,80 100 111 250 28 61 157 158
layer_24.bin,none,4,4,170 66 126 129 71 62 92 36
layer_25.bin,none,7,1,39 47 110 211 7 79 246 70
layer_26.bin,none,7,1,138 76 255 46 5 240 252 192
layer_27.bin,none,5,3,230 161 80 177 225 49 3 26
layer_28.bin,none,5,3,214 74 130 121 26 10 228 81
layer_29.bin,none,4,4,150 123 115 73 31 155 246 245
layer_30.bin,none,7,1,180 106 150 13 110 32 60 94
layer_31.bin,none,4,4,154 35 36 162 255 214 244 153
layer_32.bin,none,4,4,116 66 37 58 178 27 17 229
layer_33.bin,none,3,5,63 127 182 23 49 176 214 117
layer_34.bin,none,4,4,58 51 12 177 245 206 63 108
layer_35.bin,none,3,5,34 95 155 40 240 65 48 217
layer_36.bin,none,1,7,138 253 224 57 54 199 126 66
layer_37.bin,none,2,6,164 145 244 49 119 149 226 95
layer_38.bin,none,4,4,209 136 43 18 173 254 37 142
layer_39.bin,none,4,4,228 151 23 27 108 235 97 127
layer_00.bin,none,1,7,69 250 102 228 10 14 194 98
layer_01.bin,none,6,2,234 98 166 205 112 40 13 179
layer_02.bin,none,7,1,120 158 39 139 142 253 252 56
layer_03.bin,none,6,2,25 159 225 199 188 95 157 218
layer_04.bin,none,6,2,192 98 154 180 123 215 195 43
layer_05.bin,none,7,1,213 31 67 250 254 165 155 158
layer_06.bin,none,7,1,157 52 135 196 79 171 114 39
layer_07.bin,none,7,1,76 61 35 171 147 36 184 169
layer_08.bin,none,7,1,191 164 107 4 159 52 110 220
layer_09.bin,none,6,2,47 198 240 95 156 245 73 197
layer_10.bin,none,8,0,251 247 234 17 171 220 91 40
layer_11.bin,none,6,2,11 156 49 98 3 101 111 158
layer_12.bin,none,5,3,39 1 191 128 157 225 65 198
layer_13.bin,none,8,0,47 154 168 127 42 142 66 6
layer_14.bin,none,7,1,106 51 137 52 159 231 160 189
layer_15.bin,none,4,4,148 116 204 229 250 174 154 20
layer_16.bin,none,7,1,252 170 28 130 152 46 166 0
layer_17.bin,none,7,1,35 64 20 226 242 115 197 150
layer_18.bin,none,6,2,126 72 192 13 237 177 69 2
layer_19.bin,none,7,1,54 36 228 30 162 75 173 26
layer_20.bin,none,4,4,191 157 159 80 72 56 110 238
layer_21.bin,none,7,1,240 44 47 95 198 197 156 73
layer_22.bin,none,4,4,124 251 17 187 220 3 210 182
layer_23.bin,none,3,5,156 3 11 49 249 247 111 50
layer_24.bin,none,7,1,39 1 225 208 126 216 33 239
layer_25.bin,none,5,3,47 224 168 66 130 99 127 206
layer_26.bin,none,5,3,160 106 137 54 159 167 52 231
layer_27.bin,none,4,4,218 85 250 111 204 54 71 254
layer_28.bin,none,4,4,130 152 178 12 252 170 201 113
layer_29.bin,none,5,3,177 64 242 20 200 99 230 127
layer_30.bin,none,6,2,192 69 13 237 234 184 67 177
layer_31.bin,none,5,3,54 35 162 30 42 81 201 51
layer_32.bin,none,6,2,116 75 174 178 66 117 133 68
layer_33.bin,none,4,4,182 127 206 59 63 236 18 108
layer_34.bin,none,4,4,205 51 206 131 108 69 222 46
layer_35.bin,none,5,3,34 240 40 155 133 86 209 10
layer_36.bin,none,2,6,168 112 171 138 186 61 101 75
layer_37.bin,none,5,3,95 198 55 165 25 3 152 36
layer_38.bin,none,4,4,209 173 31 121 192 179 123 254
layer_39.bin,none,5,3,23 27 98 108 253 21 178 225
layer_00.bin,none,1,7,218 136 1 212 65 3 69 33
layer_01.bin,none,4,4,157 234 79 98 230 153 227 41
layer_02.bin,none,5,3,45 158 72 192 203 131 120 83
layer_03.bin,none,4,4,25 159 213 199 15 118 148 0
layer_04.bin,none,7,1,192 215 154 123 98 219 180 43
layer_05.bin,none,6,2,213 31 250 165 59 158 151 148
layer_06.bin,none,7,1,157 39 79 196 52 232 135 84
layer_07.bin,none,8,0,76 61 35 147 171 66 36 169
layer_08.bin,none,7,1,157 164 107 191 110 135 123 56
layer_09.bin,none,7,1,160 47 198 95 197 120 73 44
layer_10.bin,none,3,5,98 251 234 12 247 139 111 244
layer_11.bin,none,5,3,111 158 199 3 54 101 98 169
layer_12.bin,none,5,3,39 157 33 208 225 166 207 249
layer_13.bin,none,4,4,42 47 37 154 113 214 99 190
layer_14.bin,none,6,2,52 160 106 131 51 137 150 224
layer_15.bin,none,3,5,116 51 148 177 110 218 175 41
layer_16.bin,none,6,2,170 252 26 152 246 51 0 12
layer_17.bin,none,6,2,162 35 20 242 115 64 28 216
layer_18.bin,none,6,2,72 192 19 97 226 126 13 221
layer_19.bin,none,7,1,54 173 26 162 75 190 36 35
layer_20.bin,none,8,0,157 191 136 110 56 80 72 3
layer_21.bin,none,5,3,160 44 197 95 47 208 198 20
layer_22.bin,none,6,2,98 251 124 63 234 122 244 40
layer_23.bin,none,3,5,156 158 199 111 169 3 54 175
layer_24.bin,none,6,2,39 33 225 1 101 221 208 201
layer_25.bin,none,5,3,47 42 94 130 224 37 168 74
layer_26.bin,none,6,2,160 52 150 106 137 54 26 143
layer_27.bin,none,6,2,51 85 116 218 111 210 177 54
layer_28.bin,none,8,0,130 201 152 170 26 12 51 113
layer_29.bin,none,7,1,162 177 28 20 242 99 64 142
layer_30.bin,none,3,5,192 19 72 13 97 106 41 233
layer_31.bin,none,7,1,35 162 242 135 14 190 30 8
layer_32.bin,none,8,0,178 116 197 206 117 66 27 75
layer_33.bin,none,7,1,206 59 152 18 127 182 246 40
layer_34.bin,none,5,3,241 183 51 152 11 206 141 202
layer_35.bin,none,6,2,12 6 76 229 10 214 244 83
layer_36.bin,none,5,3,251 104 116 129 239 210 127 145
layer_37.bin,none,6,2,248 63 225 55 57 3 147 117
layer_38.bin,none,7,1,209 20 124 84 86 254 79 173
layer_39.bin,none,6,2,62 55 242 181 13 61 97 188
layer_00.bin,none,3,5,199 134 175 124 161 31 76 151
layer_01.bin,none,4,4,101 41 234 116 22 6 245 143
layer_02.bin,none,4,4,71 158 120 96 3 45 98 180
layer_03.bin,none,7,1,213 72 25 207 15 159 225 199
layer_04.bin,none,7,1,154 192 44 10 215 195 219 132
layer_05.bin,none,8,0,250 115 236 165 151 158 62 213
layer_06.bin,none,7,1,39 157 79 84 232 196 100 86
layer_07.bin,none,7,1,76 199 79 223 35 9 147 100
layer_08.bin,none,8,0,136 220 107 164 56 191 189 159
layer_09.bin,none,7,1,8 197 95 0 44 61 198 108
layer_10.bin,none,7,1,234 9 19 247 220 98 242 12
layer_11.bin,none,6,2,111 85 3 158 59 225 101 198
layer_12.bin,none,7,1,157 39 208 3 35 170 239 191
layer_13.bin,none,7,1,47 37 154 137 39 113 6 219
layer_14.bin,none,7,1,52 252 160 138 60 183 167 131
layer_15.bin,none,8,0,177 233 110 181 230 33 161 175
layer_16.bin,none,8,0,26 170 73 51 190 214 71 152
layer_17.bin,none,8,0,115 35 164 20 229 162 242 31
layer_18.bin,none,7,1,192 72 97 250 150 226 108 13
layer_19.bin,none,5,3,85 26 70 4 132 14 173 190
layer_20.bin,none,8,0,159 56 107 191 46 189 136 157
layer_21.bin,none,6,2,44 95 0 197 151 208 108 131
layer_22.bin,none,7,1,234 122 124 98 242 19 251 80
layer_23.bin,none,7,1,85 158 111 59 3 194 218 220
layer_24.bin,none,4,4,39 157 1 201 55 238 73 33
layer_25.bin,none,8,0,47 37 130 42 155 154 168 137
layer_26.bin,none,6,2,52 160 137 26 60 83 155 167
layer_27.bin,none,7,1,177 33 233 85 28 230 210 54
layer_28.bin,none,7,1,130 190 170 26 51 152 250 214
layer_29.bin,none,7,1,162 164 20 64 21 115 221 99
layer_30.bin,none,8,0,192 250 19 97 13 151 63 72
layer_31.bin,none,6,2,35 162 30 183 70 242 190 14
layer_32.bin,none,6,2,123 76 179 117 140 27 247 208
layer_33.bin,none,6,2,95 234 75 59 127 11 56 104
layer_34.bin,none,8,0,72 183 240 44 51 238 222 202
layer_35.bin,none,7,1,191 102 185 12 78 148 74 6
layer_36.bin,none,2,6,142 165 119 227 47 149 169 85
layer_37.bin,none,7,1,109 3 55 165 113 16 166 78
layer_38.bin,none,5,3,209 173 169 96 119 254 134 158
layer_39.bin,none,6,2,98 158 239 122 165 97 90 253
layer_00.bin,none,1,7,93 226 80 96 146 194 11 198
layer_01.bin,none,5,3,234 16 195 143 107 182 94 222
layer_02.bin,none,6,2,71 253 158 96 180 249 7 254
layer_03.bin,none,4,4,188 221 15 75 72 228 134 170
layer_04.bin,none,4,4,119 154 20 60 192 105 33 123
layer_05.bin,none,7,1,61 250 151 194 165 213 62 170
layer_06.bin,none,6,2,39 16 90 157 79 196 232 84
layer_07.bin,none,7,1,199 79 76 147 101 61 35 171
layer_08.bin,none,6,2,107 112 157 164 159 191 56 103
layer_09.bin,none,8,0,120 206 95 197 0 151 47 44
layer_10.bin,none,6,2,234 229 80 163 19 40 220 171
layer_11.bin,none,6,2,18 158 111 3 85 130 101 142
layer_12.bin,none,5,3,106 157 67 39 128 216 247 191
layer_13.bin,none,7,1,200 47 154 37 6 137 168 42
layer_14.bin,none,6,2,26 52 150 160 51 47 138 224
layer_15.bin,none,7,1,233 148 241 181 33 177 161 110
layer_16.bin,none,4,4,149 26 51 152 49 210 170 147
layer_17.bin,none,6,2,115 35 229 64 242 88 155 31
layer_18.bin,none,6,2,192 221 13 72 6 63 150 106
layer_19.bin,none,7,1,51 14 162 4 132 233 190 36
layer_20.bin,none,7,1,112 157 159 107 136 189 191 46
layer_21.bin,none,5,3,206 0 108 159 72 197 78 61
layer_22.bin,none,4,4,80 229 211 124 163 210 220 26
layer_23.bin,none,2,6,158 18 75 111 142 66 233 88
layer_24.bin,none,4,4,39 106 1 73 174 67 170 94
layer_25.bin,none,7,1,47 211 200 37 137 39 74 168
layer_26.bin,none,4,4,26 160 83 81 209 150 91 200
layer_27.bin,none,4,4,89 241 34 233 254 85 56 168
layer_28.bin,none,6,2,130 149 210 201 214 51 26 218
layer_29.bin,none,4,4,91 243 202 155 236 64 246 102
layer_30.bin,none,7,1,6 97 13 192 106 38 150 41
layer_31.bin,none,6,2,35 162 51 14 242 233 190 234
layer_32.bin,none,6,2,89 17 199 117 27 194 66 178
layer_33.bin,none,6,2,214 23 94 127 195 206 59 68
layer_34.bin,none,6,2,182 187 54 51 108 87 19 202
layer_35.bin,none,7,1,12 6 155 102 65 201 217 137
layer_36.bin,none,7,1,253 165 116 119 61 0 104 226
layer_37.bin,none,5,3,164 165 225 55 212 63 186 66
layer_38.bin,none,5,3,209 136 254 173 22 252 112 192
layer_39.bin,none,8,0,16 97 145 18 23 61 181 22
layer_00.bin,none,3,5,40 212 65 218 207 147 136 157
layer_01.bin,none,1,7,131 253 98 166 190 89 154 35
layer_02.bin,none,7,1,253 211 180 246 158 249 96 45
layer_03.bin,none,6,2,15 132 228 95 188 25 118 184
layer_04.bin,none,5,3,133 180 138 154 105 219 123 2
layer_05.bin,none,7,1,31 151 23 250 252 213 236 61
layer_06.bin,none,6,2,39 241 129 79 157 16 135 114
layer_07.bin,none,6,2,61 199 108 171 76 169 116 159
layer_08.bin,none,8,0,157 107 112 135 247 159 191 103
layer_09.bin,none,7,1,240 95 206 198 22 47 197 148
layer_10.bin,none,6,2,220 251 46 234 98 124 247 111
layer_11.bin,none,5,3,158 93 201 111 54 156 49 85
layer_12.bin,none,6,2,242 39 138 33 157 207 208 203
layer_13.bin,none,7,1,37 47 164 99 100 130 211 154
layer_14.bin,none,4,4,52 83 160 106 252 40 38 68
layer_15.bin,none,8,0,177 116 4 233 33 41 79 241
layer_16.bin,none,7,1,26 12 252 170 51 71 201 49
layer_17.bin,none,7,1,20 115 162 216 242 35 64 177
layer_18.bin,none,8,0,97 192 19 72 226 126 130 13
layer_19.bin,none,6,2,190 225 206 249 26 75 173 162
layer_20.bin,none,8,0,157 107 191 56 189 159 175 112
layer_21.bin,none,6,2,44 240 208 206 95 197 160 148
layer_22.bin,none,7,1,220 122 251 124 234 154 26 98
layer_23.bin,none,4,4,158 93 201 111 64 54 156 194
layer_24.bin,none,5,3,242 39 33 148 131 238 55 1
layer_25.bin,none,6,2,47 37 164 130 84 236 200 42
layer_26.bin,none,7,1,83 160 137 209 52 19 54 252
layer_27.bin,none,7,1,177 116 241 111 51 233 56 85
layer_28.bin,none,6,2,201 130 149 12 26 185 51 216
layer_29.bin,none,6,2,216 162 20 177 64 155 104 115
layer_30.bin,none,6,2,97 13 151 192 19 144 50 104
layer_31.bin,none,5,3,35 162 14 190 72 225 97 8
layer_32.bin,none,6,2,116 205 117 179 197 133 182 27
layer_33.bin,none,8,0,206 18 182 59 195 104 127 246
layer_34.bin,none,6,2,205 11 202 87 44 51 152 141
layer_35.bin,none,7,1,12 102 6 217 244 7 155 66
layer_36.bin,none,8,0,251 115 129 116 104 171 199 165
layer_37.bin,none,6,2,225 55 14 213 109 27 69 175
layer_38.bin,none,8,0,209 124 79 254 173 42 157 114
layer_39.bin,none,8,0,62 154 181 239 242 97 231 13
layer_00.bin,none,1,7,123 249 196 229 216 105 7 104
layer_01.bin,none,3,5,11 231 225 27 155 244 205 150
layer_02.bin,none,4,4,72 158 109 179 247 117 17 96
layer_03.bin,none,4,4,133 37 187 25 199 235 225 231
layer_04.bin,none,4,4,154 142 108 13 222 15 167 102
layer_05.bin,none,6,2,104 186 151 193 236 158 41 224
layer_06.bin,none,7,1,79 39 157 167 153 196 241 232
layer_07.bin,none,8,0,76 147 199 29 35 79 36 171
layer_08.bin,none,8,0,107 56 234 164 191 136 52 72
layer_09.bin,none,7,1,29 94 95 197 47 164 44 8
layer_10.bin,none,7,1,169 234 98 198 130 251 247 220
layer_11.bin,none,6,2,189 111 158 3 145 54 85 225
layer_12.bin,none,8,0,39 74 26 63 157 128 33 208
layer_13.bin,none,8,0,47 37 43 154 6 130 147 113
layer_14.bin,none,7,1,52 137 224 124 160 51 106 155
layer_15.bin,none,7,1,177 181 81 148 162 4 233 220
layer_16.bin,none,7,1,5 170 196 26 252 51 152 73
layer_17.bin,none,6,2,162 115 20 250 64 35 242 61
layer_18.bin,none,6,2,57 192 97 197 13 50 19 179
layer_19.bin,none,6,2,26 130 36 132 20 190 75 109
layer_20.bin,none,7,1,56 191 234 115 83 107 116 180
layer_21.bin,none,7,1,44 29 160 95 197 208 164 131
layer_22.bin,none,6,2,198 98 169 251 122 234 80 124
layer_23.bin,none,4,4,158 189 111 199 169 206 3 54
layer_24.bin,none,8,0,74 39 63 26 33 160 242 1
layer_25.bin,none,7,1,47 37 43 130 147 134 61 94
layer_26.bin,none,6,2,137 20 52 26 171 160 124 148
layer_27.bin,none,4,4,165 177 181 85 58 87 200 228
layer_28.bin,none,5,3,130 170 133 43 12 5 152 252
layer_29.bin,none,3,5,64 20 250 87 124 76 162 37
layer_30.bin,none,3,5,44 179 192 134 197 13 43 161
layer_31.bin,none,5,3,20 35 162 109 75 36 205 4
layer_32.bin,none,4,4,112 98 160 178 117 53 68 10
layer_33.bin,none,5,3,127 39 126 236 195 0 43 137
layer_34.bin,none,3,5,84 51 96 114 1 26 69 108
layer_35.bin,none,4,4,203 102 33 217 209 152 57 137
layer_36.bin,none,3,5,165 235 69 127 7 3 85 151
layer_37.bin,none,4,4,165 72 152 8 61 123 4 63
layer_38.bin,none,5,3,209 103 173 112 206 233 31 62
layer_39.bin,none,5,3,97 162 154 228 98 169 128 93
layer_00.bin,none,0,8,103 201 130 137 16 248 213 71
layer_01.bin,none,4,4,250 112 172 103 224 129 205 110
layer_02.bin,none,3,5,158 10 100 109 179 219 145 88
layer_03.bin,none,5,3,225 25 130 199 37 244 174 118
layer_04.bin,none,7,1,222 108 15 142 154 102 95 163
layer_05.bin,none,5,3,158 151 193 65 41 127 205 43
layer_06.bin,none,7,1,153 138 79 196 167 157 60 54
layer_07.bin,none,7,1,184 147 36 117 76 35 116 78
layer_08.bin,none,8,0,164 191 180 107 52 56 234 57
layer_09.bin,none,5,3,95 2 8 164 198 197 239 203
layer_10.bin,none,7,1,198 169 247 234 130 125 65 91
layer_11.bin,none,4,4,189 128 111 206 160 108 3 204
layer_12.bin,none,7,1,39 74 26 63 93 65 221 60
layer_13.bin,none,7,1,47 147 43 134 154 66 224 32
layer_14.bin,none,8,0,137 52 51 50 106 124 160 224
layer_15.bin,none,6,2,165 148 81 162 229 58 200 87
layer_16.bin,none,6,2,252 130 170 5 28 51 43 80
layer_17.bin,none,6,2,64 250 115 35 87 20 0 76
layer_18.bin,none,7,1,57 192 197 134 13 43 126 179
layer_19.bin,none,7,1,26 36 20 116 109 162 75 30
layer_20.bin,none,7,1,191 56 239 116 107 175 234 115
layer_21.bin,none,6,2,2 44 95 164 197 47 72 203
layer_22.bin,none,5,3,198 169 234 36 65 124 125 243
layer_23.bin,none,5,3,206 108 128 189 162 111 196 107
layer_24.bin,none,7,1,74 221 93 26 63 242 68 160
layer_25.bin,none,6,2,182 47 134 130 147 234 5 43
layer_26.bin,none,7,1,137 103 148 20 229 160 124 51
layer_27.bin,none,4,4,165 229 87 181 58 185 162 217
layer_28.bin,none,5,3,229 130 252 163 28 80 92 208
layer_29.bin,none,5,3,248 87 64 22 0 20 124 198
layer_30.bin,none,3,5,134 43 161 163 201 213 172 3
layer_31.bin,none,4,4,36 204 75 20 246 116 162 121
layer_32.bin,none,5,3,112 160 250 53 38 119 15 252
layer_33.bin,none,5,3,127 43 164 0 93 39 9 44
layer_34.bin,none,4,4,63 85 26 92 133 105 113 186
layer_35.bin,none,3,5,43 174 42 72 203 18 124 241
layer_36.bin,none,4,4,45 212 20 75 56 73 221 161
layer_37.bin,none,3,5,72 24 69 71 116 8 206 39
layer_38.bin,none,6,2,120 209 103 125 144 151 193 249
layer_39.bin,none,2,6,162 238 98 107 174 42 21 114
layer_00.bin,none,1,7,81 235 115 47 158 177 141 253
layer_01.bin,none,4,4,82 172 112 119 137 94 250 224
layer_02.bin,none,3,5,158 179 217 41 153 1 233 171
layer_03.bin,none,4,4,216 12 130 124 183 244 77 246
layer_04.bin,none,1,7,154 58 150 236 66 21 87 249
layer_05.bin,none,3,5,177 135 120 45 162 105 163 131
layer_06.bin,none,7,1,86 48 104 32 5 222 95 171
layer_07.bin,none,6,2,199 9 255 96 212 100 230 140
layer_08.bin,none,7,1,189 46 136 63 121 231 106 107
layer_09.bin,none,7,1,65 61 75 108 134 111 18 187
layer_10.bin,none,5,3,119 146 26 181 67 205 239 77
layer_11.bin,none,7,1,100 111 37 158 42 6 217 198
layer_12.bin,none,4,4,208 50 170 27 66 36 200 72
layer_13.bin,none,7,1,39 211 47 13 110 185 0 19
layer_14.bin,none,7,1,138 5 252 255 76 146 237 152
layer_15.bin,none,7,1,151 79 161 230 222 177 72 3
layer_16.bin,none,7,1,214 71 51 59 121 219 169 26
layer_17.bin,none,6,2,225 60 31 123 164 202 115 220
layer_18.bin,none,8,0,150 66 106 219 16 13 101 237
layer_19.bin,none,7,1,48 247 8 209 245 173 67 132
layer_20.bin,none,6,2,189 46 136 56 79 70 82 248
layer_21.bin,none,7,1,61 8 95 111 134 72 108 75
layer_22.bin,none,6,2,119 160 26 146 122 77 239 19
layer_23.bin,none,8,0,100 80 111 157 158 37 146 6
layer_24.bin,none,6,2,50 170 66 174 139 203 239 104
layer_25.bin,none,7,1,39 211 0 47 13 110 234 7
layer_26.bin,none,5,3,252 76 138 105 46 192 78 5
layer_27.bin,none,5,3,230 151 161 177 79 80 166 26
layer_28.bin,none,5,3,214 74 169 130 223 222 248 81
layer_29.bin,none,5,3,60 150 31 123 117 113 221 240
layer_30.bin,none,6,2,150 106 13 122 180 111 231 104
layer_31.bin,none,8,0,67 94 198 70 8 245 14 161
layer_32.bin,none,5,3,33 182 176 64 117 115 252 154
layer_33.bin,none,3,5,192 246 195 5 220 140 254 208
layer_34.bin,none,3,5,16 87 248 47 108 146 137 59
layer_35.bin,none,5,3,201 12 6 217 96 40 73 79
layer_36.bin,none,5,3,104 116 58 127 34 216 82 204
layer_37.bin,none,4,4,225 87 165 209 42 102 152 4
layer_38.bin,none,5,3,103 112 191 196 61 36 206 233
layer_39.bin,none,2,6,120 97 101 225 137 228 136 141
layer_00.bin,none,0,8,193 54 44 156 21 38 53 176
layer_01.bin,none,4,4,172 147 205 224 129 250 148 138
layer_02.bin,none,8,0,41 153 217 158 233 171 1 179
layer_03.bin,none,4,4,216 244 12 107 49 204 246 86
layer_04.bin,none,4,4,97 20 23 150 87 195 127 184
layer_05.bin,none,5,3,177 162 45 105 198 197 21 215
layer_06.bin,none,7,1,86 48 189 254 104 5 95 171
layer_07.bin,none,6,2,255 199 219 182 113 230 9 152
layer_08.bin,none,5,3,189 136 46 82 231 144 156 9
layer_09.bin,none,7,1,65 61 108 111 242 223 80 75
layer_10.bin,none,4,4,119 181 8 146 176 239 225 59
layer_11.bin,none,6,2,42 100 198 157 111 135 12 56
layer_12.bin,none,6,2,170 66 71 208 36 129 72 200
layer_13.bin,none,5,3,39 110 7 79 249 112 186 241
layer_14.bin,none,6,2,138 255 152 5 182 237 135 192
layer_15.bin,none,6,2,161 166 230 151 222 3 80 26
layer_16.bin,none,6,2,214 74 121 73 26 51 228 129
layer_17.bin,none,6,2,31 123 102 202 53 74 220 136
layer_18.bin,none,5,3,150 106 101 231 144 122 13 17
layer_19.bin,none,6,2,8 245 196 132 137 223 100 14
layer_20.bin,none,7,1,46 189 136 56 79 82 215 70
layer_21.bin,none,7,1,61 111 108 8 242 52 75 134
layer_22.bin,none,5,3,160 119 97 26 213 69 115 53
layer_23.bin,none,6,2,80 100 250 198 111 4 157 146
layer_24.bin,none,6,2,66 170 104 184 53 126 71 129
layer_25.bin,none,6,2,39 110 249 7 135 64 212 246
layer_26.bin,none,6,2,76 5 138 111 46 105 252 152
layer_27.bin,none,5,3,166 80 151 230 161 42 222 126
layer_28.bin,none,6,2,214 74 73 129 81 121 130 222
layer_29.bin,none,4,4,150 31 215 123 220 224 60 36
layer_30.bin,none,6,2,150 122 106 13 180 183 104 52
layer_31.bin,none,4,4,67 156 196 8 160 198 245 197
layer_32.bin,none,6,2,33 182 176 43 117 115 52 252
layer_33.bin,none,5,3,192 195 77 1 254 246 158 140
layer_34.bin,none,6,2,16 87 20 59 204 47 108 160
layer_35.bin,none,4,4,201 12 6 1 154 40 255 17
layer_36.bin,none,5,3,104 116 58 127 225 169 204 177
layer_37.bin,none,5,3,225 87 165 42 210 247 102 221
layer_38.bin,none,6,2,103 206 196 157 191 112 115 223
layer_39.bin,none,4,4,42 97 120 101 201 142 136 255
layer_00.bin,none,2,6,156 48 131 103 176 149 30 236
layer_01.bin,none,7,1,172 127 112 214 147 129 94 250
layer_02.bin,none,6,2,158 153 41 179 49 219 11 217
layer_03.bin,none,3,5,199 25 69 126 6 225 224 99
layer_04.bin,none,5,3,154 163 153 90 195 108 235 233
layer_05.bin,none,3,5,65 158 127 205 43 251 188 218
layer_06.bin,none,4,4,138 143 203 22 79 169 60 196
layer_07.bin,none,5,3,36 184 35 147 125 117 123 78
layer_08.bin,none,7,1,164 191 224 180 4 52 56 243
layer_09.bin,none,5,3,255 2 18 95 8 59 36 197
layer_10.bin,none,6,2,65 198 243 247 185 157 125 234
layer_11.bin,none,3,5,160 206 128 108 204 106 150 89
layer_12.bin,none,4,4,221 60 39 74 220 93 145 209
layer_13.bin,none,7,1,47 134 182 154 202 66 89 147
layer_14.bin,none,6,2,137 52 51 148 32 189 160 103
layer_15.bin,none,8,0,165 148 58 229 242 87 162 204
layer_16.bin,none,7,1,229 130 252 51 43 170 28 233
layer_17.bin,none,7,1,64 35 115 248 87 0 20 242
layer_18.bin,none,6,2,192 197 134 43 13 2 204 115
layer_19.bin,none,6,2,20 26 75 109 36 39 4 167
layer_20.bin,none,7,1,56 239 115 116 191 247 72 175
layer_21.bin,none,7,1,2 197 203 47 8 22 95 164
layer_22.bin,none,5,3,243 36 198 65 234 196 63 150
layer_23.bin,none,5,3,128 206 107 111 108 160 74 9
layer_24.bin,none,4,4,221 220 68 145 93 164 62 1
layer_25.bin,none,4,4,182 134 202 130 138 32 212 28
layer_26.bin,none,7,1,137 52 105 103 51 32 167 229
layer_27.bin,none,5,3,165 181 87 58 162 177 183 172
layer_28.bin,none,5,3,229 80 170 130 205 43 26 95
layer_29.bin,none,7,1,60 248 87 0 35 124 20 250
layer_30.bin,none,5,3,197 13 106 134 205 150 192 226
layer_31.bin,none,4,4,4 205 20 109 75 252 116 135
layer_32.bin,none,3,5,186 77 119 90 192 134 112 178
layer_33.bin,none,3,5,127 238 183 39 93 246 86 129
layer_34.bin,none,4,4,1 85 26 96 207 180 87 16
layer_35.bin,none,6,2,57 6 42 12 160 61 97 145
layer_36.bin,none,2,6,98 70 120 104 248 171 210 181
layer_37.bin,none,5,3,182 58 165 72 190 104 69 61
layer_38.bin,none,6,2,209 103 196 206 35 233 148 191
layer_39.bin,none,4,4,162 238 174 10 154 97 228 73
layer_00.bin,none,2,6,206 140 81 95 200 67 30 115
layer_01.bin,none,8,0,224 250 11 112 172 94 19 129
layer_02.bin,none,5,3,158 167 153 179 93 41 109 10
layer_03.bin,none,4,4,117 214 25 225 37 230 233 6
layer_04.bin,none,7,1,108 154 15 163 195 87 142 58
layer_05.bin,none,7,1,158 127 65 151 135 188 43 205
layer_06.bin,none,6,2,79 138 196 143 176 22 157 226
layer_07.bin,none,7,1,36 35 147 184 199 123 191 165
layer_08.bin,none,7,1,164 191 56 239 52 180 107 220
layer_09.bin,none,5,3,203 95 197 2 44 8 116 122
layer_10.bin,none,2,6,63 234 43 240 133 115 14 80
layer_11.bin,none,4,4,111 42 158 239 160 25 78 75
layer_12.bin,none,5,3,53 230 170 39 172 174 208 239
layer_13.bin,none,7,1,39 47 234 154 37 110 88 79
layer_14.bin,none,7,1,138 52 255 252 5 192 105 152
layer_15.bin,none,8,0,166 161 230 80 151 222 26 3
layer_16.bin,none,7,1,214 73 51 26 83 121 71 169
layer_17.bin,none,7,1,31 102 123 115 60 229 220 101
layer_18.bin,none,7,1,150 122 97 106 16 13 231 192
layer_19.bin,none,6,2,8 245 132 161 209 118 14 4
layer_20.bin,none,6,2,189 46 56 136 0 215 82 163
layer_21.bin,none,7,1,65 242 8 134 80 52 111 108
layer_22.bin,none,5,3,26 160 119 67 122 79 239 176
layer_23.bin,none,6,2,100 80 111 6 158 198 217 184
layer_24.bin,none,6,2,170 129 66 53 203 135 83 36
layer_25.bin,none,5,3,39 110 128 246 112 213 211 62
layer_26.bin,none,6,2,252 46 192 152 146 76 78 237
layer_27.bin,none,5,3,230 166 151 42 161 177 191 220
layer_28.bin,none,4,4,74 214 73 130 129 194 83 121
layer_29.bin,none,8,0,31 150 123 113 224 60 73 240
layer_30.bin,none,6,2,150 122 106 231 13 180 182 110
layer_31.bin,none,6,2,67 8 160 161 245 94 125 81
layer_32.bin,none,5,3,33 182 176 64 117 66 241 227
layer_33.bin,none,2,6,192 195 246 185 158 7 142 220
layer_34.bin,none,3,5,16 87 146 47 248 168 41 160
layer_35.bin,none,6,2,201 217 6 12 123 255 96 155
layer_36.bin,none,7,1,104 116 58 210 40 139 98 127
layer_37.bin,none,4,4,225 87 104 228 131 140 102 79
layer_38.bin,none,7,1,103 209 27 191 206 62 112 157
layer_39.bin,none,6,2,162 42 97 154 174 201 247 101
layer_00.bin,none,0,8,77 37 184 173 138 238 26 75
layer_01.bin,none,8,0,214 112 224 172 147 250 129 19
layer_02.bin,none,8,0,153 219 217 49 11 158 167 41
layer_03.bin,none,6,2,6 61 25 224 159 69 225 87
layer_04.bin,none,5,3,163 233 200 108 195 154 153 129
layer_05.bin,none,7,1,65 158 71 188 127 86 43 110
layer_06.bin,none,7,1,143 138 203 169 22 133 60 226
layer_07.bin,none,6,2,184 35 125 208 65 117 229 36
layer_08.bin,none,4,4,224 141 191 20 173 4 29 243
layer_09.bin,none,4,4,20 2 8 255 36 198 59 171
layer_10.bin,none,6,2,65 243 185 157 247 125 198 150
layer_11.bin,none,5,3,89 150 128 160 206 204 108 228
layer_12.bin,none,4,4,145 60 221 192 220 209 199 39
layer_13.bin,none,6,2,89 202 182 66 243 44 134 32
layer_14.bin,none,6,2,189 28 103 137 125 88 32 51
layer_15.bin,none,5,3,229 185 165 58 244 149 242 148
layer_16.bin,none,5,3,163 60 75 28 38 35 252 245
layer_17.bin,none,4,4,208 248 22 5 87 64 211 35
layer_18.bin,none,5,3,213 43 134 2 201 203 197 124
layer_19.bin,none,3,5,36 121 195 167 201 20 56 125
layer_20.bin,none,5,3,224 175 191 141 173 23 238 237
layer_21.bin,none,2,6,18 2 170 95 255 200 243 171
layer_22.bin,none,4,4,185 243 65 48 125 247 35 176
layer_23.bin,none,3,5,150 16 239 160 128 206 89 143
layer_24.bin,none,2,6,60 145 0 221 199 85 193 53
layer_25.bin,none,5,3,89 182 243 202 185 134 212 44
layer_26.bin,none,5,3,103 12 28 229 137 88 236 41
layer_27.bin,none,5,3,229 185 165 242 183 46 58 153
layer_28.bin,none,4,4,163 229 75 205 92 57 60 28
layer_29.bin,none,3,5,22 248 241 87 15 46 208 167
layer_30.bin,none,5,3,126 134 43 15 201 203 161 213
layer_31.bin,none,5,3,36 121 201 26 20 167 75 154
layer_32.bin,none,6,2,112 250 53 2 160 252 150 95
layer_33.bin,none,2,6,127 92 164 52 9 43 83 184
layer_34.bin,none,6,2,63 26 186 85 1 113 105 92
layer_35.bin,none,5,3,43 42 72 57 84 86 22 160
layer_36.bin,none,2,6,14 45 83 201 75 120 20 221
layer_37.bin,none,4,4,72 138 23 206 39 182 190 71
layer_38.bin,none,6,2,209 103 120 249 151 248 104 193
layer_39.bin,none,4,4,238 162 10 222 228 114 7 103
layer_00.bin,none,3,5,81 140 115 206 95 235 208 86
layer_01.bin,none,8,0,112 224 94 250 172 19 147 129
layer_02.bin,none,5,3,41 153 29 106 129 179 217 11
layer_03.bin,none,6,2,230 117 26 233 25 199 37 225
layer_04.bin,none,7,1,154 58 108 165 195 54 222 235
layer_05.bin,none,6,2,158 65 127 43 188 205 88 79
layer_06.bin,none,8,0,138 143 60 79 22 196 65 153
layer_07.bin,none,7,1,117 35 65 70 36 123 184 76
layer_08.bin,none,5,3,104 175 107 239 180 191 164 116
layer_09.bin,none,7,1,8 2 203 36 116 191 95 197
layer_10.bin,none,7,1,198 247 65 185 243 125 157 36
layer_11.bin,none,6,2,108 206 160 128 111 62 204 86
layer_12.bin,none,8,0,221 74 93 220 39 208 65 60
layer_13.bin,none,6,2,138 134 47 182 154 108 147 202
layer_14.bin,none,7,1,137 148 52 32 160 64 50 51
layer_15.bin,none,7,1,165 148 58 229 162 87 242 232
layer_16.bin,none,8,0,229 43 252 28 130 51 170 75
layer_17.bin,none,8,0,64 248 87 35 115 0 20 250
layer_18.bin,none,8,0,197 134 192 43 126 2 213 13
layer_19.bin,none,7,1,36 20 116 109 75 167 121 26
layer_20.bin,none,6,2,175 191 239 56 99 116 107 104
layer_21.bin,none,4,4,2 203 95 116 191 44 169 72
layer_22.bin,none,5,3,36 65 243 198 125 150 231 115
layer_23.bin,none,5,3,108 206 162 160 128 51 239 9
layer_24.bin,none,5,3,102 68 221 254 93 100 145 164
layer_25.bin,none,6,2,234 78 182 134 5 202 70 89
layer_26.bin,none,7,1,229 137 103 12 88 32 52 41
layer_27.bin,none,8,0,183 229 165 153 87 242 185 58
layer_28.bin,none,7,1,229 163 205 35 28 130 75 92
layer_29.bin,none,7,1,248 22 241 64 87 211 124 0
layer_30.bin,none,7,1,134 126 213 43 197 203 161 201
layer_31.bin,none,8,0,36 75 116 20 121 204 167 26
layer_32.bin,none,7,1,112 252 119 2 90 53 160 250
layer_33.bin,none,5,3,127 92 93 43 39 210 72 52
layer_34.bin,none,7,1,85 26 105 1 92 63 86 113
layer_35.bin,none,8,0,42 72 57 84 18 112 86 203
layer_36.bin,none,7,1,75 20 14 201 221 120 70 83
layer_37.bin,none,7,1,23 39 138 182 104 72 89 190
layer_38.bin,none,7,1,249 209 151 27 193 179 104 176
layer_39.bin,none,3,5,38 205 110 69 222 12 73 154
layer_00.bin,none,4,4,106 66 238 43 218 212 200 147
layer_01.bin,none,6,2,112 19 224 86 250 147 242 129
layer_02.bin,none,6,2,11 49 217 188 133 60 219 106
layer_03.bin,none,4,4,214 19 159 25 199 202 223 60
layer_04.bin,none,7,1,154 88 195 54 192 74 98 233
layer_05.bin,none,5,3,158 110 147 178 44 127 218 205
layer_06.bin,none,7,1,143 138 65 79 196 22 68 36
layer_07.bin,none,7,1,36 35 229 14 184 191 147 78
layer_08.bin,none,5,3,4 180 77 191 164 56 99 61
layer_09.bin,none,6,2,59 2 197 8 255 171 161 200
layer_10.bin,none,7,1,65 247 196 185 243 157 125 198
layer_11.bin,none,6,2,160 206 27 128 107 239 108 47
layer_12.bin,none,6,2,60 145 221 199 193 220 39 223
layer_13.bin,none,7,1,89 182 134 154 202 66 44 47
layer_14.bin,none,8,0,137 32 103 189 125 64 88 148
layer_15.bin,none,8,0,165 185 229 58 242 87 148 162
layer_16.bin,none,7,1,163 252 28 60 229 144 130 75
layer_17.bin,none,8,0,248 64 35 87 241 0 22 20
layer_18.bin,none,7,1,155 197 134 43 203 213 126 13
layer_19.bin,none,6,2,225 20 207 121 109 30 56 195
layer_20.bin,none,7,1,56 237 224 239 116 191 99 141
layer_21.bin,none,5,3,2 156 197 95 255 239 47 148
layer_22.bin,none,7,1,243 176 247 65 36 125 185 196
layer_23.bin,none,7,1,206 160 128 27 9 239 51 107
layer_24.bin,none,6,2,60 221 145 254 23 0 199 164
layer_25.bin,none,6,2,89 78 182 134 202 138 44 255
layer_26.bin,none,7,1,88 103 137 12 189 71 229 51
layer_27.bin,none,7,1,165 229 204 58 242 87 185 183
layer_28.bin,none,7,1,229 163 152 205 252 75 150 28
layer_29.bin,none,7,1,248 22 241 87 20 15 0 16
layer_30.bin,none,6,2,126 134 155 161 43 163 195 213
layer_31.bin,none,6,2,36 207 75 20 225 121 201 26
layer_32.bin,none,6,2,192 112 252 160 53 185 237 68
layer_33.bin,none,7,1,127 43 72 9 16 92 164 39
layer_34.bin,none,6,2,63 9 105 85 186 86 133 92
layer_35.bin,none,7,1,22 84 43 72 135 42 18 112
layer_36.bin,none,8,0,45 221 14 73 212 201 75 83
layer_37.bin,none,6,2,72 88 56 165 138 23 219 206
layer_38.bin,none,6,2,120 195 209 193 190 104 125 43
layer_39.bin,none,2,6,162 107 211 45 10 106 185 114
layer_00.bin,none,1,7,210 93 228 14 84 57 102 88
layer_01.bin,none,6,2,195 182 251 29 3 33 100 224
layer_02.bin,none,7,1,49 217 11 133 64 153 60 106
layer_03.bin,none,3,5,214 19 246 70 225 219 20 116
layer_04.bin,none,6,2,195 74 154 79 88 54 58 229
layer_05.bin,none,6,2,158 147 110 88 71 205 44 11
layer_06.bin,none,6,2,143 138 65 226 137 97 36 133
layer_07.bin,none,7,1,35 203 229 78 184 191 65 14
layer_08.bin,none,5,3,173 4 180 61 84 191 56 20
layer_09.bin,none,8,0,59 171 200 156 255 197 2 198
layer_10.bin,none,6,2,65 196 185 243 247 133 177 157
layer_11.bin,none,5,3,160 27 239 89 78 107 150 168
layer_12.bin,none,5,3,193 16 199 60 145 99 0 221
layer_13.bin,none,5,3,89 44 243 182 146 3 202 171
layer_14.bin,none,3,5,230 71 191 103 177 236 41 57
layer_15.bin,none,3,5,153 183 229 191 83 196 82 108
layer_16.bin,none,5,3,163 75 88 126 144 39 166 245
layer_17.bin,none,3,5,248 167 208 86 15 241 33 111
layer_18.bin,none,6,2,217 155 201 126 172 100 134 44
layer_19.bin,none,6,2,221 173 201 207 154 41 204 195
layer_20.bin,none,7,1,17 223 237 11 127 217 18 175
layer_21.bin,none,3,5,18 246 194 156 45 210 122 201
layer_22.bin,none,3,5,48 243 95 203 249 133 65 80
layer_23.bin,none,5,3,89 150 160 239 226 88 16 171
layer_24.bin,none,5,3,0 60 167 76 16 99 199 254
layer_25.bin,none,4,4,89 44 243 78 146 57 205 84
layer_26.bin,none,5,3,230 71 229 12 88 177 81 236
layer_27.bin,none,3,5,183 137 53 153 225 150 117 187
layer_28.bin,none,4,4,126 166 163 205 75 245 88 93
layer_29.bin,none,5,3,248 241 15 167 72 247 22 125
layer_30.bin,none,6,2,126 174 155 161 201 134 94 31
layer_31.bin,none,5,3,41 207 201 36 194 75 221 19
layer_32.bin,none,6,2,150 38 160 68 112 52 95 71
layer_33.bin,none,7,1,9 72 127 0 71 43 164 32
layer_34.bin,none,7,1,63 105 9 113 199 92 204 85
layer_35.bin,none,6,2,43 22 174 135 124 72 112 119
layer_36.bin,none,7,1,75 221 110 45 201 14 186 73
layer_37.bin,none,6,2,72 23 245 165 55 219 130 8
layer_38.bin,none,7,1,120 209 173 193 103 249 88 91
layer_39.bin,none,8,0,162 107 222 106 103 166 10 45
layer_00.bin,none,3,5,136 180 14 78 241 238 56 68
layer_01.bin,none,5,3,94 127 234 147 107 172 102 16
layer_02.bin,none,5,3,217 153 41 1 172 179 237 106
layer_03.bin,none,4,4,246 216 12 255 225 124 45 204
layer_04.bin,none,4,4,154 127 79 195 253 58 150 23
layer_05.bin,none,4,4,158 120 79 163 198 177 45 215
layer_06.bin,none,4,4,86 171 254 48 177 21 109 104
layer_07.bin,none,6,2,182 255 199 152 140 219 100 154
layer_08.bin,none,8,0,189 136 46 231 56 224 63 106
layer_09.bin,none,8,0,8 223 61 65 108 187 44 75
layer_10.bin,none,4,4,119 146 176 8 59 243 235 225
layer_11.bin,none,6,2,12 204 42 198 100 111 56 9
layer_12.bin,none,5,3,208 170 207 245 200 50 124 168
layer_13.bin,none,5,3,39 110 79 47 186 126 225 118
layer_14.bin,none,6,2,5 105 255 138 160 240 47 80
layer_15.bin,none,5,3,230 220 210 161 85 4 49 224
layer_16.bin,none,7,1,214 51 74 121 95 59 26 233
layer_17.bin,none,7,1,123 35 242 115 211 70 53 31
layer_18.bin,none,8,0,106 150 16 13 114 192 86 165
layer_19.bin,none,6,2,14 8 131 39 108 252 35 168
layer_20.bin,none,7,1,136 189 82 46 56 97 247 96
layer_21.bin,none,7,1,223 8 61 65 159 197 22 5
layer_22.bin,none,6,2,160 8 119 31 63 115 158 176
layer_23.bin,none,7,1,80 250 100 61 176 157 51 198
layer_24.bin,none,5,3,170 222 135 124 174 66 132 104
layer_25.bin,none,6,2,39 110 28 79 137 118 62 7
layer_26.bin,none,6,2,138 240 255 80 5 169 105 246
layer_27.bin,none,5,3,230 161 49 177 224 110 210 83
layer_28.bin,none,8,0,214 74 121 26 55 20 248 81
layer_29.bin,none,8,0,150 123 242 31 42 35 248 246
layer_30.bin,none,4,4,106 150 41 86 165 13 52 11
layer_31.bin,none,7,1,8 131 14 108 94 245 160 67
layer_32.bin,none,4,4,33 182 81 101 117 222 252 183
layer_33.bin,none,6,2,192 246 142 181 75 62 63 39
layer_34.bin,none,4,4,16 87 248 141 173 177 160 20
layer_35.bin,none,2,6,12 6 83 180 78 71 73 110
layer_36.bin,none,5,3,110 210 104 245 99 40 57 116
layer_37.bin,none,4,4,165 225 55 202 112 8 92 105
layer_38.bin,none,6,2,120 103 209 173 233 191 17 245
layer_39.bin,none,1,7,120 10 223 109 255 249 47 67
layer_00.bin,none,3,5,134 36 124 151 175 199 188 231
layer_01.bin,none,2,6,113 245 254 101 118 33 7 22
layer_02.bin,none,3,5,64 237 153 150 117 182 106 94
layer_03.bin,none,5,3,25 199 159 87 202 219 246 124
layer_04.bin,none,5,3,24 154 192 253 89 127 79 210
layer_05.bin,none,4,4,158 155 110 251 190 86 178 218
layer_06.bin,none,5,3,143 138 226 98 112 144 65 171
layer_07.bin,none,5,3,35 155 191 229 208 184 111 221
layer_08.bin,none,6,2,224 98 61 20 92 173 191 175
layer_09.bin,none,6,2,59 20 198 200 243 255 8 171
layer_10.bin,none,6,2,133 185 80 196 243 65 177 95
layer_11.bin,none,4,4,78 160 213 89 239 75 150 73
layer_12.bin,none,5,3,76 99 16 193 88 232 199 145
layer_13.bin,none,3,5,44 89 141 149 132 243 84 171
layer_14.bin,none,4,4,71 189 0 166 103 125 123 26
layer_15.bin,none,3,5,229 225 69 42 149 83 150 228
layer_16.bin,none,6,2,245 163 247 144 205 203 75 60
layer_17.bin,none,6,2,248 241 86 15 96 125 208 33
layer_18.bin,none,7,1,126 94 201 199 155 213 75 174
layer_19.bin,none,6,2,207 44 41 173 221 201 194 204
layer_20.bin,none,6,2,17 92 223 175 18 50 224 127
layer_21.bin,none,4,4,232 155 136 171 255 209 18 122
layer_22.bin,none,6,2,95 133 247 48 203 80 185 129
layer_23.bin,none,4,4,78 239 16 213 150 73 89 160
layer_24.bin,none,5,3,167 76 99 254 104 60 16 145
layer_25.bin,none,6,2,89 44 78 227 132 135 242 149
layer_26.bin,none,7,1,71 12 166 189 137 103 88 97
layer_27.bin,none,6,2,225 137 183 228 229 83 53 153
layer_28.bin,none,5,3,247 205 163 152 14 126 166 144
layer_29.bin,none,8,0,241 248 15 22 125 247 25 167
layer_30.bin,none,7,1,126 94 161 174 134 43 51 155
layer_31.bin,none,7,1,75 44 201 207 94 36 41 121
layer_32.bin,none,5,3,112 150 38 35 250 68 128 15
layer_33.bin,none,6,2,9 72 127 241 164 219 231 195
layer_34.bin,none,5,3,105 63 234 186 219 85 204 250
layer_35.bin,none,6,2,43 174 135 112 72 84 133 185
layer_36.bin,none,8,0,221 212 201 75 125 186 73 45
layer_37.bin,none,7,1,219 55 206 23 72 130 202 126
layer_38.bin,none,8,0,120 173 209 0 87 193 132 104
layer_39.bin,none,3,5,106 107 235 206 10 222 45 87
layer_00.bin,none,6,2,199 175 13 204 151 134 124 74
layer_01.bin,none,3,5,16 234 253 49 254 162 209 10
layer_02.bin,none,3,5,108 173 252 123 19 106 153 120
layer_03.bin,none,4,4,236 188 166 79 199 25 159 105
layer_04.bin,none,4,4,195 253 154 213 89 165 92 229
layer_05.bin,none,7,1,158 110 81 251 86 88 155 71
layer_06.bin,none,8,0,143 138 65 79 226 112 254 196
layer_07.bin,none,8,0,35 229 191 184 208 65 36 171
layer_08.bin,none,7,1,224 61 20 173 98 92 50 175
layer_09.bin,none,7,1,59 200 8 20 243 255 198 221
layer_10.bin,none,7,1,133 196 185 80 162 247 177 243
layer_11.bin,none,7,1,78 239 160 89 192 150 213 75
layer_12.bin,none,6,2,16 99 76 193 199 153 60 100
layer_13.bin,none,7,1,89 44 149 3 171 182 251 141
layer_14.bin,none,7,1,0 97 12 71 166 88 189 103
layer_15.bin,none,6,2,229 42 150 244 70 83 153 225
layer_16.bin,none,6,2,205 60 163 203 14 88 57 75
layer_17.bin,none,7,1,248 86 208 15 125 22 183 241
layer_18.bin,none,6,2,199 126 155 174 94 195 44 99
layer_19.bin,none,6,2,207 201 194 19 195 121 239 41
layer_20.bin,none,6,2,50 8 92 235 224 217 175 172
layer_21.bin,none,3,5,232 58 55 171 200 127 243 209
layer_22.bin,none,8,0,247 133 95 185 65 182 48 243
layer_23.bin,none,8,0,160 78 239 16 150 92 89 226
layer_24.bin,none,6,2,167 76 145 23 199 254 16 193
layer_25.bin,none,5,3,44 89 78 242 149 138 26 255
layer_26.bin,none,8,0,97 71 12 166 137 193 103 88
layer_27.bin,none,6,2,229 165 242 108 58 204 42 149
layer_28.bin,none,7,1,205 57 152 252 229 88 163 60
layer_29.bin,none,8,0,125 241 15 247 20 248 25 22
layer_30.bin,none,7,1,126 94 155 134 161 44 174 43
layer_31.bin,none,8,0,75 41 201 207 36 20 194 26
layer_32.bin,none,7,1,15 150 112 52 38 35 53 128
layer_33.bin,none,7,1,72 9 127 164 184 0 231 95
layer_34.bin,none,7,1,63 105 231 85 204 26 234 113
layer_35.bin,none,8,0,43 84 135 102 112 42 72 191
layer_36.bin,none,7,1,73 221 201 45 75 212 103 125
layer_37.bin,none,6,2,72 219 55 205 206 184 109 23
layer_38.bin,none,6,2,0 120 209 173 193 151 108 35
layer_39.bin,none,5,3,107 106 222 206 179 10 7 66
layer_00.bin,none,1,7,101 35 197 242 79 108 11 135
layer_01.bin,none,3,5,27 146 155 97 11 231 16 118
layer_02.bin,none,3,5,117 90 20 75 149 253 109 252
layer_03.bin,none,7,1,236 225 37 119 199 25 211 117
layer_04.bin,none,8,0,154 195 142 108 222 102 89 105
layer_05.bin,none,7,1,158 205 110 43 236 188 127 44
layer_06.bin,none,7,1,65 143 79 138 196 133 36 254
layer_07.bin,none,8,0,35 76 36 147 229 199 65 79
layer_08.bin,none,6,2,116 239 107 56 110 4 164 84
layer_09.bin,none,8,0,197 203 8 47 44 29 2 59
layer_10.bin,none,8,0,234 247 196 185 243 198 65 63
layer_11.bin,none,8,0,239 160 111 42 128 107 78 206
layer_12.bin,none,7,1,39 208 220 60 145 3 221 134
layer_13.bin,none,8,0,154 138 66 47 134 182 39 202
layer_14.bin,none,8,0,52 137 106 51 167 160 47 64
layer_15.bin,none,8,0,165 148 162 4 87 177 233 181
layer_16.bin,none,7,1,170 51 252 26 229 152 233 150
layer_17.bin,none,8,0,115 35 242 64 20 60 28 248
layer_18.bin,none,7,1,192 226 13 197 2 205 134 204
layer_19.bin,none,7,1,4 75 20 26 36 86 252 39
layer_20.bin,none,8,0,56 247 107 191 116 115 136 239
layer_21.bin,none,8,0,197 203 2 22 208 44 194 131
layer_22.bin,none,6,2,234 63 160 196 122 80 243 150
layer_23.bin,none,7,1,80 111 108 107 128 160 88 126
layer_24.bin,none,6,2,220 39 142 174 221 16 104 1
layer_25.bin,none,5,3,130 13 202 138 234 32 221 28
layer_26.bin,none,8,0,137 52 229 106 12 155 41 167
layer_27.bin,none,6,2,165 177 181 183 83 217 4 69
layer_28.bin,none,8,0,229 130 170 92 205 80 75 252
layer_29.bin,none,8,0,248 150 20 22 35 242 64 241
layer_30.bin,none,8,0,134 126 44 155 94 197 13 161
layer_31.bin,none,8,0,75 36 154 207 204 20 201 26
layer_32.bin,none,6,2,112 53 38 160 15 252 127 98
layer_33.bin,none,8,0,127 164 9 231 184 0 39 32
layer_34.bin,none,6,2,85 26 105 116 1 63 231 133
layer_35.bin,none,8,0,84 112 42 174 86 72 135 102
layer_36.bin,none,7,1,221 73 75 201 45 83 20 22
layer_37.bin,none,7,1,72 138 205 182 219 65 23 206
layer_38.bin,none,6,2,209 103 120 249 91 176 17 236
layer_39.bin,none,6,2,238 162 229 222 168 107 42 10
layer_00.bin,none,3,5,132 81 158 115 177 235 182 47
layer_01.bin,none,6,2,217 155 11 182 233 146 250 118
layer_02.bin,none,4,4,121 167 43 153 123 217 20 255
layer_03.bin,none,6,2,119 117 236 41 225 37 190 214
layer_04.bin,none,7,1,154 54 58 195 222 142 236 102
layer_05.bin,none,7,1,110 158 43 135 188 79 65 205
layer_06.bin,none,8,0,65 138 143 36 196 79 153 254
layer_07.bin,none,6,2,35 117 23 229 147 14 191 36
layer_08.bin,none,7,1,116 239 4 164 110 180 104 99
layer_09.bin,none,6,2,2 239 197 8 59 36 203 191
layer_10.bin,none,8,0,247 185 65 243 196 125 198 25
layer_11.bin,none,8,0,160 206 128 108 107 111 12 239
layer_12.bin,none,8,0,60 145 93 199 220 221 74 193
layer_13.bin,none,8,0,154 134 182 138 89 202 44 66
layer_14.bin,none,8,0,137 52 32 64 148 51 189 125
layer_15.bin,none,8,0,148 242 58 87 165 162 229 185
layer_16.bin,none,8,0,51 252 229 28 170 43 152 150
layer_17.bin,none,7,1,64 87 35 0 198 248 20 115
layer_18.bin,none,7,1,134 13 197 43 192 2 226 163
layer_19.bin,none,6,2,20 36 116 195 109 75 121 56
layer_20.bin,none,7,1,56 175 116 191 239 4 180 237
layer_21.bin,none,5,3,2 197 239 169 8 203 95 63
layer_22.bin,none,8,0,65 243 176 125 247 150 36 185
layer_23.bin,none,7,1,160 9 206 128 254 108 239 88
layer_24.bin,none,8,0,145 221 164 235 93 68 254 53
layer_25.bin,none,7,1,154 182 134 138 78 89 185 243
layer_26.bin,none,8,0,88 229 137 103 32 52 12 47
layer_27.bin,none,7,1,87 165 58 242 174 181 185 153
layer_28.bin,none,6,2,229 150 163 75 205 43 18 80
layer_29.bin,none,8,0,87 0 248 124 241 22 64 167
layer_30.bin,none,5,3,134 161 163 43 195 226 213 13
layer_31.bin,none,7,1,20 75 36 116 109 26 167 121
layer_32.bin,none,7,1,252 112 119 90 53 160 33 150
layer_33.bin,none,6,2,127 210 43 184 93 92 39 129
layer_34.bin,none,7,1,85 26 1 231 133 82 92 186
layer_35.bin,none,8,0,84 57 86 42 72 174 135 203
layer_36.bin,none,7,1,75 83 221 20 201 45 73 70
layer_37.bin,none,7,1,182 138 104 72 23 88 39 206
layer_38.bin,none,8,0,209 120 27 151 103 249 193 125
layer_39.bin,none,6,2,162 42 10 164 174 222 127 205
layer_00.bin,none,4,4,238 252 43 25 95 205 147 112
layer_01.bin,none,7,1,217 250 224 140 182 146 112 147
layer_02.bin,none,8,0,49 217 11 20 167 106 153 121
layer_03.bin,none,6,2,117 236 119 38 130 41 225 199
layer_04.bin,none,7,1,54 195 58 154 235 89 213 224
layer_05.bin,none,8,0,110 158 188 43 205 71 79 65
layer_06.bin,none,7,1,65 138 143 79 97 196 36 133
layer_07.bin,none,7,1,229 35 117 142 203 191 184 23
layer_08.bin,none,8,0,116 104 239 173 110 61 99 98
layer_09.bin,none,7,1,59 171 2 197 200 255 8 104
layer_10.bin,none,7,1,65 196 247 185 157 243 125 173
layer_11.bin,none,6,2,160 78 72 107 128 206 39 239
layer_12.bin,none,6,2,193 199 60 220 145 221 104 249
layer_13.bin,none,8,0,44 182 149 154 134 89 202 32
layer_14.bin,none,8,0,125 137 103 189 51 32 0 52
layer_15.bin,none,7,1,165 58 162 148 229 232 185 242
layer_16.bin,none,6,2,245 252 28 35 205 134 75 60
layer_17.bin,none,7,1,87 5 15 20 64 241 0 35
layer_18.bin,none,7,1,155 134 226 43 197 203 124 13
layer_19.bin,none,6,2,30 20 109 201 226 167 195 86
layer_20.bin,none,5,3,239 127 237 224 99 207 175 61
layer_21.bin,none,7,1,191 127 2 197 47 155 239 255
layer_22.bin,none,7,1,247 65 157 125 243 185 196 48
layer_23.bin,none,6,2,128 160 206 239 72 39 89 111
layer_24.bin,none,7,1,145 1 93 60 220 199 208 192
layer_25.bin,none,8,0,182 44 134 138 89 149 154 32
layer_26.bin,none,7,1,88 229 137 86 51 103 189 12
layer_27.bin,none,6,2,165 58 242 162 181 204 172 87
layer_28.bin,none,7,1,252 43 152 170 229 35 150 163
layer_29.bin,none,7,1,241 5 20 87 0 15 22 142
layer_30.bin,none,7,1,226 43 163 155 134 161 170 197
layer_31.bin,none,8,0,20 167 75 30 36 121 116 109
layer_32.bin,none,7,1,112 223 119 90 192 150 178 252
layer_33.bin,none,6,2,231 72 9 16 83 127 129 32
layer_34.bin,none,6,2,186 241 1 85 21 26 63 251
layer_35.bin,none,7,1,135 84 42 22 72 160 174 57
layer_36.bin,none,6,2,45 248 221 83 70 98 198 56
layer_37.bin,none,2,6,72 62 48 143 58 229 88 151
layer_38.bin,none,4,4,120 209 104 23 147 166 176 223
layer_39.bin,none,3,5,238 127 106 206 140 175 105 37
layer_00.bin,none,4,4,43 209 206 95 30 104 147 105
layer_01.bin,none,7,1,155 11 217 146 118 47 62 224
layer_02.bin,none,7,1,52 49 20 167 43 217 106 153
layer_03.bin,none,6,2,117 226 236 199 119 225 233 25
layer_04.bin,none,6,2,154 58 54 5 195 20 144 87
layer_05.bin,none,5,3,177 162 45 158 181 92 131 105
layer_06.bin,none,6,2,86 104 233 5 211 157 254 48
layer_07.bin,none,8,0,199 9 255 100 219 230 109 152
layer_08.bin,none,6,2,189 136 46 63 56 35 156 144
layer_09.bin,none,7,1,203 65 8 108 44 0 242 134
layer_10.bin,none,7,1,26 119 240 239 8 181 59 146
layer_11.bin,none,7,1,111 100 42 198 12 239 6 254
layer_12.bin,none,6,2,208 170 235 66 3 124 53 139
layer_13.bin,none,5,3,39 110 128 185 213 62 112 198
layer_14.bin,none,8,0,252 138 5 152 105 52 192 237
layer_15.bin,none,6,2,151 161 166 230 177 222 80 155
layer_16.bin,none,7,1,214 51 26 169 73 74 121 83
layer_17.bin,none,8,0,31 60 53 102 115 28 220 123
layer_18.bin,none,7,1,150 106 192 226 13 101 119 231
layer_19.bin,none,6,2,4 245 8 161 14 132 209 197
layer_20.bin,none,7,1,189 46 56 136 82 0 9 215
layer_21.bin,none,8,0,65 242 8 134 111 108 80 61
layer_22.bin,none,6,2,119 160 26 67 239 205 122 115
layer_23.bin,none,6,2,80 100 111 149 158 51 6 253
layer_24.bin,none,7,1,170 66 129 53 83 124 135 16
layer_25.bin,none,6,2,39 128 110 211 213 192 62 246
layer_26.bin,none,7,1,252 76 138 237 192 146 152 46
layer_27.bin,none,5,3,230 151 161 177 150 220 191 26
layer_28.bin,none,7,1,74 214 169 26 121 130 246 223
layer_29.bin,none,7,1,31 60 150 123 224 113 202 240
layer_30.bin,none,6,2,150 106 13 110 192 52 180 94
layer_31.bin,none,7,1,8 160 245 198 161 239 94 70
layer_32.bin,none,7,1,33 182 64 176 178 117 252 183
layer_33.bin,none,4,4,192 195 246 62 91 7 208 158
layer_34.bin,none,5,3,16 87 245 248 59 168 108 165
layer_35.bin,none,4,4,201 12 6 37 217 161 123 182
layer_36.bin,none,5,3,104 116 58 210 40 139 110 177
layer_37.bin,none,3,5,225 87 121 130 228 202 123 207
layer_38.bin,none,4,4,103 191 73 67 112 245 82 206
layer_39.bin,none,5,3,97 238 127 225 22 192 228 223
layer_00.bin,none,5,3,32 206 238 95 168 30 181 200
layer_01.bin,none,4,4,140 182 201 192 86 19 146 250
layer_02.bin,none,7,1,49 52 20 11 153 218 167 253
layer_03.bin,none,7,1,199 225 118 113 214 117 129 25
layer_04.bin,none,6,2,154 54 129 233 88 195 163 205
layer_05.bin,none,7,1,158 65 110 188 79 205 43 198
layer_06.bin,none,7,1,143 138 254 65 22 196 177 226
layer_07.bin,none,8,0,191 35 199 36 76 117 147 116
layer_08.bin,none,8,0,56 164 136 123 189 116 57 224
layer_09.bin,none,7,1,8 197 212 198 44 95 255 200
layer_10.bin,none,5,3,247 243 176 25 188 185 150 65
layer_11.bin,none,7,1,204 9 12 160 128 206 198 108
layer_12.bin,none,7,1,208 39 221 170 245 200 207 145
layer_13.bin,none,5,3,39 154 118 202 47 143 127 110
layer_14.bin,none,7,1,106 160 137 52 60 105 159 148
layer_15.bin,none,7,1,148 4 85 165 210 121 230 220
layer_16.bin,none,5,3,229 51 110 40 233 74 92 252
layer_17.bin,none,7,1,211 242 35 64 115 229 28 36
layer_18.bin,none,5,3,192 106 2 86 13 127 115 104
layer_19.bin,none,6,2,75 132 77 14 36 173 228 56
layer_20.bin,none,8,0,136 56 189 46 191 224 72 82
layer_21.bin,none,5,3,8 212 197 194 117 209 201 223
layer_22.bin,none,5,3,160 188 63 119 176 115 11 42
layer_23.bin,none,6,2,80 9 250 162 204 112 51 108
layer_24.bin,none,6,2,170 163 124 100 16 192 62 254
layer_25.bin,none,5,3,39 234 110 95 118 212 119 70
layer_26.bin,none,5,3,60 138 106 27 105 159 229 5
layer_27.bin,none,4,4,230 210 110 62 174 121 228 220
layer_28.bin,none,7,1,74 214 75 121 110 248 80 150
layer_29.bin,none,6,2,242 150 211 237 124 248 35 28
layer_30.bin,none,5,3,106 86 150 13 104 191 31 27
layer_31.bin,none,5,3,14 7 204 36 77 11 8 160
layer_32.bin,none,5,3,33 252 117 175 8 30 178 101
layer_33.bin,none,6,2,192 246 142 40 39 241 35 155
layer_34.bin,none,5,3,16 141 107 87 149 245 248 173
layer_35.bin,none,3,5,12 6 159 10 206 7 71 146
layer_36.bin,none,5,3,127 235 245 198 204 210 40 110
layer_37.bin,none,4,4,105 159 165 225 112 130 55 111
layer_38.bin,none,5,3,103 191 143 206 245 112 35 218
layer_39.bin,none,6,2,238 120 42 97 22 223 249 60
layer_00.bin,none,6,2,238 200 112 95 88 43 173 140
layer_01.bin,none,4,4,233 155 181 128 140 118 33 47
layer_02.bin,none,8,0,49 52 20 218 72 11 253 217
layer_03.bin,none,5,3,119 106 113 117 236 41 226 214
layer_04.bin,none,5,3,165 195 154 5 235 54 171 193
layer_05.bin,none,5,3,158 110 188 160 215 43 230 198
layer_06.bin,none,4,4,143 65 138 7 97 193 36 98
layer_07.bin,none,7,1,142 35 76 191 203 117 111 65
layer_08.bin,none,7,1,116 104 239 110 237 173 175 61
layer_09.bin,none,8,0,197 8 200 198 2 47 255 59
layer_10.bin,none,4,4,196 215 247 243 10 115 80 126
layer_11.bin,none,5,3,239 160 249 78 88 111 181 42
layer_12.bin,none,6,2,39 193 62 199 16 104 60 145
layer_13.bin,none,6,2,44 154 149 182 138 66 78 189
layer_14.bin,none,7,1,52 106 137 159 167 60 125 131
layer_15.bin,none,7,1,148 165 4 162 85 62 110 228
layer_16.bin,none,7,1,170 252 51 92 229 75 0 26
layer_17.bin,none,7,1,64 242 115 20 211 35 99 36
layer_18.bin,none,7,1,192 2 177 13 115 203 44 134
layer_19.bin,none,6,2,228 4 75 86 77 39 173 79
layer_20.bin,none,7,1,56 80 136 116 191 11 107 217
layer_21.bin,none,7,1,47 197 73 127 194 8 72 117
layer_22.bin,none,4,4,234 160 206 192 199 11 80 43
layer_23.bin,none,6,2,80 3 111 239 51 196 75 88
layer_24.bin,none,8,0,39 174 100 225 16 167 199 254
layer_25.bin,none,2,6,204 127 234 66 5 78 175 57
layer_26.bin,none,6,2,106 167 52 60 236 229 159 131
layer_27.bin,none,5,3,228 62 210 177 247 217 250 254
layer_28.bin,none,6,2,74 170 75 80 252 210 182 166
layer_29.bin,none,3,5,242 150 248 134 106 158 127 36
layer_30.bin,none,5,3,155 94 44 134 193 75 2 174
layer_31.bin,none,5,3,204 238 36 154 246 221 207 148
layer_32.bin,none,4,4,127 160 15 178 63 227 33 60
layer_33.bin,none,5,3,9 32 241 74 231 16 35 138
layer_34.bin,none,4,4,105 116 85 21 63 32 82 251
layer_35.bin,none,4,4,174 135 86 183 10 130 128 199
layer_36.bin,none,5,3,75 198 221 70 144 165 68 112
layer_37.bin,none,1,7,104 48 58 163 143 194 28 205
layer_38.bin,none,4,4,27 148 151 92 101 84 209 47
layer_39.bin,none,2,6,110 248 243 12 38 78 69 106
layer_00.bin,none,1,7,120 78 16 177 236 254 148 217
layer_01.bin,none,2,6,32 185 1 167 124 144 245 19
layer_02.bin,none,5,3,49 60 188 228 11 92 217 153
layer_03.bin,none,6,2,25 199 41 159 16 225 204 255
layer_04.bin,none,4,4,176 154 232 50 89 141 195 192
layer_05.bin,none,1,7,215 143 25 234 57 247 200 21
layer_06.bin,none,1,7,254 211 225 190 139 21 248 111
layer_07.bin,none,3,5,148 241 230 194 94 255 173 213
layer_08.bin,none,5,3,189 46 136 82 91 225 231 26
layer_09.bin,none,5,3,196 139 108 234 65 61 242 162
layer_10.bin,none,3,5,59 128 119 181 239 225 97 170
layer_11.bin,none,5,3,198 100 135 157 42 131 231 240
layer_12.bin,none,5,3,170 66 57 230 71 208 222 139
layer_13.bin,none,5,3,39 249 7 110 36 186 79 238
layer_14.bin,none,5,3,76 255 152 138 5 80 96 11
layer_15.bin,none,7,1,230 197 222 161 3 151 80 17
layer_16.bin,none,6,2,214 74 121 33 59 122 95 99
layer_17.bin,none,4,4,31 123 238 23 18 245 53 202
layer_18.bin,none,5,3,150 106 16 41 232 231 157 114
layer_19.bin,none,8,0,8 245 108 132 43 14 173 223
layer_20.bin,none,6,2,189 46 136 82 9 66 68 206
layer_21.bin,none,7,1,61 111 223 108 65 75 72 52
layer_22.bin,none,4,4,119 160 53 205 115 5 213 128
layer_23.bin,none,5,3,80 100 157 176 198 102 215 152
layer_24.bin,none,7,1,66 170 222 62 71 124 104 167
layer_25.bin,none,6,2,39 7 110 146 70 246 249 79
layer_26.bin,none,5,3,76 96 5 138 46 255 123 246
layer_27.bin,none,3,5,161 230 222 17 3 80 99 187
layer_28.bin,none,7,1,214 74 121 248 66 55 81 210
layer_29.bin,none,4,4,150 246 123 127 198 171 245 168
layer_30.bin,none,6,2,180 172 94 150 60 104 61 106
layer_31.bin,none,5,3,154 36 244 204 191 148 255 160
layer_32.bin,none,3,5,58 127 248 229 19 52 232 129
layer_33.bin,none,7,1,231 176 9 32 74 241 131 39
layer_34.bin,none,4,4,63 15 105 249 80 32 177 164
layer_35.bin,none,5,3,8 43 106 95 174 135 86 180
layer_36.bin,none,2,6,21 228 17 138 55 75 126 252
layer_37.bin,none,4,4,244 214 205 92 144 119 62 110
layer_38.bin,none,3,5,43 120 177 195 197 47 141 63
layer_39.bin,none,4,4,37 127 5 175 107 209 134 66
layer_00.bin,none,1,7,241 52 210 50 156 54 220 17
layer_01.bin,none,7,1,195 185 32 97 144 95 182 198
layer_02.bin,none,4,4,191 55 78 49 253 123 92 7
layer_03.bin,none,6,2,204 25 159 199 207 58 155 225
layer_04.bin,none,5,3,154 54 94 98 192 88 93 250
layer_05.bin,none,6,2,115 110 158 2 136 155 251 165
layer_06.bin,none,4,4,14 79 92 138 143 65 43 156
layer_07.bin,none,4,4,35 171 76 229 32 228 111 181
layer_08.bin,none,7,1,61 224 110 116 220 4 173 178
layer_09.bin,none,5,3,198 197 104 98 200 5 59 41
layer_10.bin,none,5,3,196 185 122 199 157 247 207 9
layer_11.bin,none,6,2,239 153 3 78 181 160 107 54
layer_12.bin,none,5,3,193 16 60 39 232 49 199 134
layer_13.bin,none,6,2,154 44 243 149 64 3 89 20
layer_14.bin,none,6,2,229 125 189 52 47 167 137 93
layer_15.bin,none,4,4,248 162 165 54 229 250 58 123
layer_16.bin,none,7,1,205 252 134 245 28 75 170 163
layer_17.bin,none,5,3,15 248 158 241 142 236 78 20
layer_18.bin,none,5,3,155 226 203 124 69 100 201 141
layer_19.bin,none,6,2,75 201 221 226 60 30 228 86
layer_20.bin,none,5,3,224 110 237 116 61 173 23 220
layer_21.bin,none,6,2,198 156 171 47 197 155 224 243
layer_22.bin,none,5,3,215 247 157 48 185 9 122 249
layer_23.bin,none,4,4,239 153 111 181 107 3 137 78
layer_24.bin,none,6,2,208 145 1 193 16 254 60 106
layer_25.bin,none,6,2,138 78 127 154 32 255 44 243
layer_26.bin,none,6,2,229 28 137 106 88 52 57 47
layer_27.bin,none,4,4,248 242 204 58 162 153 54 149
layer_28.bin,none,7,1,230 252 152 205 163 170 51 150
layer_29.bin,none,5,3,241 15 158 20 142 201 230 236
layer_30.bin,none,7,1,203 155 226 161 134 177 43 69
layer_31.bin,none,5,3,201 36 60 30 75 221 226 121
layer_32.bin,none,3,5,150 146 19 195 199 35 120 128
layer_33.bin,none,6,2,74 72 181 75 37 97 16 9
layer_34.bin,none,3,5,251 63 5 255 105 212 141 33
layer_35.bin,none,6,2,43 10 174 86 136 49 135 104
layer_36.bin,none,1,7,198 214 234 176 194 8 112 106
layer_37.bin,none,5,3,48 28 58 205 105 130 159 21
layer_38.bin,none,7,1,120 87 92 47 35 88 104 209
layer_39.bin,none,5,3,23 106 189 16 68 2 222 223
layer_00.bin,none,0,8,107 181 82 251 39 99 68 83
layer_01.bin,none,2,6,234 209 183 16 40 166 96 222
layer_02.bin,none,5,3,191 253 106 55 20 9 209 1
layer_03.bin,none,0,8,191 255 192 9 100 150 217 134
layer_04.bin,none,6,2,154 123 195 23 98 156 89 92
layer_05.bin,none,6,2,174 158 19 250 110 79 198 205
layer_06.bin,none,4,4,149 79 230 177 56 14 226 156
layer_07.bin,none,5,3,35 195 76 204 32 111 25 65
layer_08.bin,none,5,3,110 61 224 237 173 107 68 249
layer_09.bin,none,7,1,198 47 197 8 200 171 255 72
layer_10.bin,none,5,3,68 80 122 196 243 211 215 234
layer_11.bin,none,7,1,64 160 181 204 239 12 42 78
layer_12.bin,none,4,4,83 124 68 39 193 77 251 88
layer_13.bin,none,3,5,164 44 221 5 114 39 52 171
layer_14.bin,none,6,2,52 106 229 216 131 160 31 71
layer_15.bin,none,4,4,72 210 110 82 93 4 131 69
layer_16.bin,none,7,1,74 170 26 252 49 51 95 175
layer_17.bin,none,6,2,242 115 64 28 171 112 26 127
layer_18.bin,none,6,2,192 13 2 169 24 115 155 226
layer_19.bin,none,5,3,150 229 75 228 252 4 10 86
layer_20.bin,none,5,3,136 191 168 72 199 195 80 107
layer_21.bin,none,5,3,209 208 12 197 47 88 122 20
layer_22.bin,none,4,4,63 160 234 192 78 136 168 126
layer_23.bin,none,4,4,111 80 205 173 3 121 34 107
layer_24.bin,none,4,4,39 238 142 38 68 237 225 193
layer_25.bin,none,4,4,13 37 130 28 231 146 58 35
layer_26.bin,none,4,4,106 52 59 229 155 163 201 77
layer_27.bin,none,2,6,177 1 126 83 122 34 131 2
layer_28.bin,none,7,1,26 210 213 74 170 14 130 252
layer_29.bin,none,5,3,150 28 26 242 112 134 158 248
layer_30.bin,none,4,4,155 61 134 2 24 55 44 203
layer_31.bin,none,5,3,237 221 36 154 75 201 86 150
layer_32.bin,none,6,2,224 150 197 178 160 206 251 35
layer_33.bin,none,5,3,201 179 156 16 72 40 74 32
layer_34.bin,none,5,3,251 49 217 105 213 141 63 177
layer_35.bin,none,8,0,224 10 86 174 244 104 135 229
layer_36.bin,none,7,1,198 255 24 214 75 129 194 73
layer_37.bin,none,7,1,28 50 48 58 205 219 105 14
layer_38.bin,none,7,1,120 146 47 92 209 79 104 84
layer_39.bin,none,4,4,85 10 189 177 78 2 106 3
layer_00.bin,none,3,5,199 109 175 24 151 191 31 192
layer_01.bin,none,2,6,236 226 120 22 190 49 92 245
layer_02.bin,none,4,4,3 221 193 77 253 106 185 120
layer_03.bin,none,5,3,25 159 191 192 19 199 184 79
layer_04.bin,none,6,2,192 154 243 146 51 123 233 54
layer_05.bin,none,8,0,165 158 155 251 19 218 86 250
layer_06.bin,none,8,0,149 56 226 177 79 14 171 196
layer_07.bin,none,8,0,35 32 229 76 171 36 14 184
layer_08.bin,none,7,1,224 61 220 110 94 98 191 173
layer_09.bin,none,7,1,198 8 197 47 161 189 20 59
layer_10.bin,none,5,3,242 196 234 122 111 187 247 177
layer_11.bin,none,5,3,106 3 160 93 85 107 204 47
layer_12.bin,none,6,2,193 60 39 199 208 145 175 104
layer_13.bin,none,5,3,44 20 125 66 127 154 151 78
layer_14.bin,none,6,2,189 28 229 125 61 71 52 32
layer_15.bin,none,5,3,148 250 242 165 243 45 4 204
layer_16.bin,none,7,1,252 144 245 150 46 28 203 190
layer_17.bin,none,4,4,248 201 15 241 64 104 17 108
layer_18.bin,none,5,3,155 203 93 13 177 126 2 193
layer_19.bin,none,6,2,75 201 30 226 56 225 86 194
layer_20.bin,none,6,2,237 224 185 191 56 110 61 223
layer_21.bin,none,7,1,155 194 198 47 209 171 197 26
layer_22.bin,none,3,5,91 247 187 122 242 44 29 182
layer_23.bin,none,4,4,181 93 106 85 24 107 239 162
layer_24.bin,none,7,1,199 254 175 145 193 216 167 100
layer_25.bin,none,4,4,44 20 78 255 127 32 243 230
layer_26.bin,none,7,1,28 12 137 189 71 229 52 106
layer_27.bin,none,7,1,242 204 153 165 54 162 217 250
layer_28.bin,none,8,0,252 152 88 150 213 170 14 130
layer_29.bin,none,6,2,241 158 20 15 201 62 248 242
layer_30.bin,none,8,0,155 197 203 134 250 226 161 201
layer_31.bin,none,8,0,75 201 221 36 20 26 204 121
layer_32.bin,none,6,2,19 123 109 235 120 15 192 150
layer_33.bin,none,6,2,72 181 74 189 139 95 56 84
layer_34.bin,none,5,3,105 191 94 1 251 63 48 195
layer_35.bin,none,7,1,43 180 185 174 136 86 97 77
layer_36.bin,none,6,2,125 75 106 19 73 186 212 102
layer_37.bin,none,4,4,205 63 229 130 61 24 160 175
layer_38.bin,none,7,1,0 120 193 87 62 104 35 140
layer_39.bin,none,4,4,106 235 10 197 107 98 80 179
layer_00.bin,none,0,8,35 101 79 197 34 179 48 242
layer_01.bin,none,5,3,155 107 97 62 146 16 233 11
layer_02.bin,none,3,5,90 210 39 106 164 17 31 43
layer_03.bin,none,4,4,37 230 199 236 26 166 211 186
layer_04.bin,none,6,2,102 15 241 154 222 54 142 200
layer_05.bin,none,6,2,158 165 236 188 43 250 69 222
layer_06.bin,none,7,1,14 79 157 156 138 196 84 149
layer_07.bin,none,7,1,171 229 23 35 14 184 76 36
layer_08.bin,none,8,0,110 116 61 173 237 4 239 57
layer_09.bin,none,8,0,197 203 198 29 59 2 47 171
layer_10.bin,none,7,1,247 196 185 157 122 198 211 243
layer_11.bin,none,8,0,107 111 160 128 42 239 78 206
layer_12.bin,none,7,1,193 60 199 220 39 254 128 104
layer_13.bin,none,7,1,154 44 134 182 32 20 74 202
layer_14.bin,none,8,0,125 137 189 47 51 229 103 32
layer_15.bin,none,8,0,148 243 165 242 58 204 162 4
layer_16.bin,none,6,2,134 28 252 51 60 202 35 174
layer_17.bin,none,8,0,198 87 250 0 248 241 15 20
layer_18.bin,none,7,1,155 197 134 226 13 43 93 170
layer_19.bin,none,7,1,20 109 56 195 36 30 24 167
layer_20.bin,none,8,0,237 239 99 224 110 116 4 56
layer_21.bin,none,7,1,47 203 197 2 171 155 26 55
layer_22.bin,none,7,1,247 198 125 176 243 157 185 65
layer_23.bin,none,7,1,128 107 111 206 106 160 16 47
layer_24.bin,none,6,2,145 199 235 254 220 193 85 60
layer_25.bin,none,6,2,134 182 32 44 20 185 154 171
layer_26.bin,none,7,1,137 229 88 86 103 12 52 47
layer_27.bin,none,7,1,165 172 58 162 87 181 242 204
layer_28.bin,none,8,0,150 163 152 252 229 43 205 75
layer_29.bin,none,6,2,87 0 15 241 20 250 248 5
layer_30.bin,none,7,1,155 197 163 43 161 226 134 170
layer_31.bin,none,6,2,36 20 75 109 205 4 26 167
layer_32.bin,none,5,3,192 90 252 53 98 134 112 77
layer_33.bin,none,5,3,126 83 127 72 92 129 32 16
layer_34.bin,none,5,3,26 1 85 116 96 91 51 133
layer_35.bin,none,7,1,72 174 84 57 42 135 86 160
layer_36.bin,none,6,2,75 221 45 83 212 222 2 201
layer_37.bin,none,6,2,72 65 88 205 200 182 61 219
layer_38.bin,none,6,2,193 140 209 91 104 73 151 120
layer_39.bin,none,6,2,228 162 10 80 166 222 167 173
layer_00.bin,none,4,4,141 235 115 81 208 192 253 221
layer_01.bin,none,5,3,62 217 155 182 146 70 152 11
layer_02.bin,none,6,2,95 106 217 109 153 43 10 167
layer_03.bin,none,6,2,219 117 119 158 236 37 199 230
layer_04.bin,none,7,1,54 102 95 165 142 222 154 15
layer_05.bin,none,7,1,43 135 158 188 90 65 110 205
layer_06.bin,none,8,0,138 14 79 196 133 65 143 157
layer_07.bin,none,8,0,229 117 23 35 78 184 14 191
layer_08.bin,none,8,0,116 104 239 110 99 173 57 61
layer_09.bin,none,7,1,116 171 191 59 2 8 197 255
layer_10.bin,none,7,1,65 247 185 125 196 243 157 88
layer_11.bin,none,8,0,160 128 206 108 107 150 78 239
layer_12.bin,none,8,0,145 93 199 254 60 220 193 104
layer_13.bin,none,8,0,154 44 182 89 66 134 202 32
layer_14.bin,none,8,0,125 189 137 47 88 103 32 51
layer_15.bin,none,7,1,148 242 243 58 165 204 229 174
layer_16.bin,none,7,1,134 51 60 28 252 202 35 238
layer_17.bin,none,7,1,198 87 0 250 211 35 241 16
layer_18.bin,none,6,2,134 155 13 163 197 43 226 33
layer_19.bin,none,7,1,20 116 36 109 56 121 167 195
layer_20.bin,none,6,2,237 239 116 99 4 56 164 137
layer_21.bin,none,4,4,197 116 2 191 161 255 169 239
layer_22.bin,none,8,0,176 125 247 243 65 185 150 36
layer_23.bin,none,5,3,206 9 16 160 128 193 86 254
layer_24.bin,none,6,2,235 145 85 93 151 254 74 52
layer_25.bin,none,7,1,154 182 134 44 185 32 89 99
layer_26.bin,none,7,1,88 137 47 103 17 86 52 229
layer_27.bin,none,6,2,181 87 165 242 58 4 172 31
layer_28.bin,none,7,1,150 75 43 152 229 238 252 170
layer_29.bin,none,6,2,0 87 16 250 76 124 5 20
layer_30.bin,none,7,1,163 195 43 134 161 13 226 197
layer_31.bin,none,8,0,20 36 116 75 109 154 121 167
layer_32.bin,none,7,1,112 252 119 90 53 223 33 150
layer_33.bin,none,7,1,184 210 93 16 92 43 129 127
layer_34.bin,none,6,2,85 26 82 1 133 92 231 86
layer_35.bin,none,7,1,42 84 57 135 72 204 160 174
layer_36.bin,none,6,2,83 222 221 75 192 20 22 45
layer_37.bin,none,7,1,138 182 88 72 39 229 104 211
layer_38.bin,none,6,2,151 120 64 193 209 27 168 125
layer_39.bin,none,3,5,186 154 162 190 205 106 38 19
layer_00.bin,none,2,6,38 167 238 54 193 112 94 44
layer_01.bin,none,5,3,140 62 217 182 122 146 103 152
layer_02.bin,none,5,3,217 121 11 106 153 127 167 8
layer_03.bin,none,3,5,91 128 34 35 199 129 26 117
layer_04.bin,none,4,4,205 54 163 129 58 6 90 154
layer_05.bin,none,6,2,65 218 152 205 182 188 222 71
layer_06.bin,none,6,2,31 65 138 14 22 122 79 196
layer_07.bin,none,7,1,229 32 49 14 117 35 123 36
layer_08.bin,none,8,0,180 99 224 4 110 164 239 116
layer_09.bin,none,7,1,116 59 239 255 197 2 191 161
layer_10.bin,none,8,0,125 247 196 65 157 243 185 88
layer_11.bin,none,5,3,160 19 206 39 128 108 150 192
layer_12.bin,none,6,2,134 145 151 221 60 93 193 220
layer_13.bin,none,7,1,78 182 44 103 74 154 66 134
layer_14.bin,none,8,0,189 137 125 28 103 47 64 32
layer_15.bin,none,7,1,148 242 165 87 58 185 174 46
layer_16.bin,none,7,1,60 252 134 61 28 51 43 238
layer_17.bin,none,6,2,198 87 5 0 241 64 35 37
layer_18.bin,none,7,1,134 163 43 197 13 155 170 203
layer_19.bin,none,7,1,116 166 20 36 121 109 195 56
layer_20.bin,none,8,0,237 239 99 56 224 191 4 137
layer_21.bin,none,8,0,116 239 191 2 197 47 255 161
layer_22.bin,none,7,1,125 247 243 65 157 176 120 185
layer_23.bin,none,7,1,128 19 206 86 107 9 160 111
layer_24.bin,none,8,0,145 151 85 93 220 235 193 100
layer_25.bin,none,7,1,103 182 134 185 32 138 154 78
layer_26.bin,none,6,2,88 137 103 86 57 149 226 52
layer_27.bin,none,8,0,165 172 162 87 58 242 31 181
layer_28.bin,none,6,2,43 150 152 229 252 111 61 75
layer_29.bin,none,8,0,5 87 0 20 171 250 241 248
layer_30.bin,none,8,0,155 197 163 170 43 226 134 201
layer_31.bin,none,7,1,116 20 167 166 109 36 75 26
layer_32.bin,none,8,0,90 119 223 252 178 53 192 112
layer_33.bin,none,7,1,83 32 93 129 16 220 184 92
layer_34.bin,none,7,1,186 1 26 85 82 132 51 113
layer_35.bin,none,8,0,42 57 72 84 160 174 135 225
layer_36.bin,none,4,4,83 75 70 23 221 120 25 105
layer_37.bin,none,4,4,24 58 229 182 25 115 88 62
layer_38.bin,none,5,3,151 252 104 140 180 254 117 193
layer_39.bin,none,5,3,162 106 2 22 235 65 91 80
layer_00.bin,none,6,2,238 140 112 43 200 95 173 58
layer_01.bin,none,7,1,217 146 140 62 70 155 182 152
layer_02.bin,none,8,0,217 11 121 106 72 43 167 49
layer_03.bin,none,8,0,236 117 26 199 230 226 233 225
layer_04.bin,none,4,4,54 58 205 24 45 165 153 245
layer_05.bin,none,7,1,90 188 43 65 205 135 158 182
layer_06.bin,none,7,1,65 14 138 157 122 22 31 182
layer_07.bin,none,6,2,229 117 70 49 23 78 184 226
layer_08.bin,none,6,2,173 110 239 35 116 179 99 104
layer_09.bin,none,6,2,171 191 255 197 180 198 113 116
layer_10.bin,none,6,2,125 157 88 39 247 196 65 238
layer_11.bin,none,6,2,19 39 181 111 239 160 47 224
layer_12.bin,none,7,1,193 220 16 151 0 199 60 145
layer_13.bin,none,8,0,44 103 149 112 138 134 182 154
layer_14.bin,none,7,1,52 86 125 47 229 71 189 51
layer_15.bin,none,6,2,46 162 165 172 148 36 166 204
layer_16.bin,none,6,2,252 181 170 231 205 134 75 150
layer_17.bin,none,7,1,5 241 20 226 87 15 248 79
layer_18.bin,none,7,1,197 126 170 155 226 203 192 93
layer_19.bin,none,6,2,75 109 51 167 56 204 229 30
layer_20.bin,none,6,2,239 110 237 191 80 179 35 116
layer_21.bin,none,8,0,116 191 203 47 171 210 209 198
layer_22.bin,none,5,3,247 157 236 88 65 36 125 238
layer_23.bin,none,3,5,181 39 111 106 239 107 47 188
layer_24.bin,none,6,2,220 145 93 193 142 16 154 254
layer_25.bin,none,4,4,138 32 112 134 206 127 3 6
layer_26.bin,none,7,1,118 86 137 106 52 54 88 51
layer_27.bin,none,6,2,162 172 165 228 46 54 72 181
layer_28.bin,none,8,0,43 152 170 150 252 111 51 80
layer_29.bin,none,7,1,5 20 242 87 248 230 250 142
layer_30.bin,none,7,1,155 170 197 226 192 2 135 163
layer_31.bin,none,4,4,167 30 226 109 228 96 20 42
layer_32.bin,none,7,1,223 178 119 90 206 158 192 149
layer_33.bin,none,7,1,83 32 16 40 74 190 220 129
layer_34.bin,none,7,1,116 1 186 21 141 251 252 51
layer_35.bin,none,5,3,244 10 76 224 214 35 229 183
layer_36.bin,none,4,4,70 129 198 248 181 239 68 203
layer_37.bin,none,8,0,58 48 229 57 115 182 143 105
layer_38.bin,none,4,4,148 92 151 84 101 97 71 180
layer_39.bin,none,3,5,2 38 248 78 189 243 69 188
layer_00.bin,none,6,2,200 88 67 238 140 95 112 43
layer_01.bin,none,6,2,140 192 70 181 146 47 152 118
layer_02.bin,none,7,1,49 153 11 72 8 43 20 188
layer_03.bin,none,6,2,106 236 226 117 233 224 199 41
layer_04.bin,none,7,1,193 235 54 165 58 45 90 24
layer_05.bin,none,6,2,110 135 47 188 43 158 230 65
layer_06.bin,none,5,3,65 14 237 122 143 173 193 138
layer_07.bin,none,6,2,176 47 229 117 78 184 123 180
layer_08.bin,none,7,1,116 239 179 237 104 175 185 110
layer_09.bin,none,4,4,69 180 122 169 171 84 113 152
layer_10.bin,none,5,3,76 157 88 126 247 177 212 238
layer_11.bin,none,7,1,239 39 181 111 78 143 160 224
layer_12.bin,none,5,3,16 0 169 62 220 232 53 199
layer_13.bin,none,7,1,44 3 251 103 149 112 138 221
layer_14.bin,none,6,2,52 71 229 106 88 125 244 35
layer_15.bin,none,5,3,46 165 162 228 183 72 117 70
layer_16.bin,none,4,4,243 39 252 92 170 61 144 174
layer_17.bin,none,6,2,242 64 5 20 115 248 127 243
layer_18.bin,none,5,3,192 226 131 2 13 111 170 169
layer_19.bin,none,6,2,75 229 86 26 10 72 173 56
layer_20.bin,none,7,1,237 191 247 80 72 104 175 17
layer_21.bin,none,6,2,69 113 210 194 47 209 122 198
layer_22.bin,none,3,5,126 157 215 76 238 115 255 6
layer_23.bin,none,8,0,181 88 162 39 111 176 51 204
layer_24.bin,none,6,2,39 142 220 16 145 112 174 70
layer_25.bin,none,4,4,138 13 206 204 221 130 251 3
layer_26.bin,none,6,2,106 52 229 118 110 86 88 215
layer_27.bin,none,6,2,228 46 233 172 183 217 34 122
layer_28.bin,none,6,2,39 61 152 252 160 170 111 20
layer_29.bin,none,8,0,242 5 158 248 20 28 60 26
layer_30.bin,none,6,2,170 192 226 155 44 2 223 111
layer_31.bin,none,7,1,166 167 30 226 26 89 42 135
layer_32.bin,none,6,2,223 60 178 206 158 119 50 252
layer_33.bin,none,7,1,74 83 40 16 229 32 190 220
layer_34.bin,none,8,0,82 116 1 141 213 186 251 21
layer_35.bin,none,8,0,244 224 214 10 76 229 35 183
layer_36.bin,none,6,2,129 70 239 198 255 24 203 57
layer_37.bin,none,8,0,104 58 57 48 147 105 14 182
layer_38.bin,none,8,0,27 92 148 79 151 84 97 254
layer_39.bin,none,6,2,110 243 38 78 12 242 188 69
layer_00.bin,none,5,3,199 175 124 151 222 31 70 225
layer_01.bin,none,4,4,124 245 118 211 25 11 205 170
layer_02.bin,none,6,2,3 188 193 49 60 77 11 71
layer_03.bin,none,6,2,25 159 11 199 197 118 39 177
layer_04.bin,none,7,1,192 154 200 54 88 250 51 233
layer_05.bin,none,7,1,165 236 115 155 251 158 136 218
layer_06.bin,none,7,1,14 161 209 171 157 36 79 149
layer_07.bin,none,7,1,35 76 32 171 169 229 36 65
layer_08.bin,none,6,2,220 110 61 224 191 94 72 178
layer_09.bin,none,5,3,8 198 47 197 212 54 79 20
layer_10.bin,none,5,3,157 165 122 187 242 232 196 234
layer_11.bin,none,6,2,85 111 194 3 59 218 239 121
layer_12.bin,none,6,2,16 39 208 193 3 104 194 192
layer_13.bin,none,6,2,44 127 125 149 20 3 154 143
layer_14.bin,none,7,1,106 53 131 52 159 71 125 28
layer_15.bin,none,5,3,204 162 233 54 213 148 62 174
layer_16.bin,none,7,1,190 252 170 144 92 134 46 181
layer_17.bin,none,6,2,242 20 158 248 241 78 149 104
layer_18.bin,none,8,0,130 250 2 192 126 201 177 197
layer_19.bin,none,5,3,75 56 99 77 30 228 85 51
layer_20.bin,none,7,1,80 110 191 35 61 238 3 4
layer_21.bin,none,6,2,198 47 212 156 197 8 5 59
layer_22.bin,none,5,3,157 187 242 247 88 9 122 165
layer_23.bin,none,7,1,85 107 181 111 194 106 204 99
layer_24.bin,none,6,2,3 220 145 39 16 225 210 224
layer_25.bin,none,6,2,202 112 185 127 20 67 204 32
layer_26.bin,none,7,1,86 53 118 106 52 159 54 137
layer_27.bin,none,5,3,172 217 162 177 121 155 204 160
layer_28.bin,none,7,1,152 111 170 26 80 190 110 150
layer_29.bin,none,7,1,242 20 248 28 200 21 241 35
layer_30.bin,none,8,0,197 192 250 13 155 106 226 2
layer_31.bin,none,6,2,167 135 229 30 14 51 36 228
layer_32.bin,none,5,3,123 178 19 85 2 235 50 244
layer_33.bin,none,7,1,95 74 220 139 39 205 83 16
layer_34.bin,none,5,3,1 191 72 141 108 185 230 51
layer_35.bin,none,7,1,43 97 191 12 76 10 6 66
layer_36.bin,none,3,5,98 166 136 34 70 129 124 119
layer_37.bin,none,7,1,58 229 115 225 87 66 147 57
layer_38.bin,none,6,2,92 0 84 148 4 114 157 160
layer_39.bin,none,5,3,189 197 242 61 147 129 188 182
layer_00.bin,none,2,6,79 35 101 34 197 179 30 140
layer_01.bin,none,6,2,47 97 107 155 146 70 16 62
layer_02.bin,none,5,3,36 43 39 109 253 90 97 210
layer_03.bin,none,8,0,226 26 211 230 236 233 129 37
layer_04.bin,none,6,2,200 54 15 241 61 105 90 102
layer_05.bin,none,5,3,43 158 188 236 90 220 69 165
layer_06.bin,none,6,2,182 14 133 157 36 79 196 230
layer_07.bin,none,6,2,36 35 76 229 204 237 23 147
layer_08.bin,none,8,0,239 110 35 237 57 179 61 159
layer_09.bin,none,7,1,203 180 198 197 47 169 8 69
layer_10.bin,none,5,3,88 157 247 126 167 196 213 152
layer_11.bin,none,4,4,239 81 107 213 39 106 188 111
layer_12.bin,none,5,3,16 100 193 39 220 144 104 62
layer_13.bin,none,6,2,112 2 138 3 44 171 204 202
layer_14.bin,none,5,3,71 229 52 8 223 0 57 87
layer_15.bin,none,5,3,213 172 36 46 187 162 165 228
layer_16.bin,none,6,2,92 243 134 174 149 252 245 205
layer_17.bin,none,5,3,242 248 5 127 33 221 198 64
layer_18.bin,none,7,1,170 192 197 13 126 52 201 2
layer_19.bin,none,6,2,229 51 75 167 233 14 56 35
layer_20.bin,none,6,2,247 237 239 191 179 104 72 11
layer_21.bin,none,5,3,180 203 113 120 22 69 72 232
layer_22.bin,none,6,2,126 88 247 115 203 249 157 238
layer_23.bin,none,5,3,39 181 204 107 188 14 82 28
layer_24.bin,none,3,5,70 16 106 154 251 39 145 253
layer_25.bin,none,8,0,13 138 112 202 206 39 204 130
layer_26.bin,none,8,0,118 229 54 159 155 138 71 252
layer_27.bin,none,6,2,172 177 241 46 233 228 187 230
layer_28.bin,none,4,4,165 149 61 26 92 214 108 96
layer_29.bin,none,7,1,242 5 248 35 102 28 60 31
layer_30.bin,none,7,1,13 170 192 106 150 97 52 169
layer_31.bin,none,6,2,229 14 135 51 167 8 188 233
layer_32.bin,none,6,2,158 98 178 194 149 206 124 182
layer_33.bin,none,5,3,126 190 246 136 220 39 137 40
layer_34.bin,none,6,2,116 176 87 1 141 51 107 248
layer_35.bin,none,8,0,12 97 224 6 244 214 76 66
layer_36.bin,none,8,0,70 104 239 129 34 166 136 116
layer_37.bin,none,6,2,58 225 147 57 115 87 112 209
layer_38.bin,none,7,1,92 148 84 114 4 157 79 171
layer_39.bin,none,6,2,189 2 242 38 61 36 213 147
layer_00.bin,none,6,2,41 222 2 28 81 62 177 86
layer_01.bin,none,7,1,3 251 71 153 95 245 69 100
layer_02.bin,none,5,3,216 193 139 148 188 63 79 158
layer_03.bin,none,6,2,36 243 207 197 156 61 215 154
layer_04.bin,none,7,1,149 216 51 137 207 178 41 233
layer_05.bin,none,7,1,77 177 16 38 105 45 131 133
layer_06.bin,none,7,1,86 48 5 171 95 29 104 168
layer_07.bin,none,6,2,6 9 120 252 109 212 199 255
layer_08.bin,none,7,1,63 189 136 46 106 231 82 36
layer_09.bin,none,7,1,44 75 65 61 8 134 108 128
layer_10.bin,none,6,2,146 119 117 26 233 181 239 70
layer_11.bin,none,6,2,100 37 231 157 217 237 12 70
layer_12.bin,none,6,2,208 50 170 166 66 200 36 27
layer_13.bin,none,6,2,185 39 13 211 0 19 126 110
layer_14.bin,none,7,1,252 5 138 255 17 76 195 105
layer_15.bin,none,5,3,151 79 230 161 160 222 130 155
layer_16.bin,none,6,2,214 169 51 59 102 234 82 71
layer_17.bin,none,5,3,60 225 49 31 136 158 35 123
layer_18.bin,none,7,1,66 150 116 13 219 106 94 194
layer_19.bin,none,5,3,48 247 67 94 161 81 209 8
layer_20.bin,none,5,3,189 56 136 46 106 163 108 97
layer_21.bin,none,6,2,32 8 61 134 75 223 159 196
layer_22.bin,none,5,3,233 119 146 122 26 117 2 194
layer_23.bin,none,6,2,100 37 70 146 217 14 99 38
layer_24.bin,none,5,3,50 170 166 135 201 139 66 200
layer_25.bin,none,7,1,39 0 211 13 88 203 20 128
layer_26.bin,none,5,3,252 196 17 192 195 76 78 240
layer_27.bin,none,4,4,79 35 130 230 151 161 112 160
layer_28.bin,none,6,2,214 59 56 243 234 53 130 138
layer_29.bin,none,5,3,225 4 60 31 35 242 113 170
layer_30.bin,none,6,2,66 150 13 143 116 141 106 52
layer_31.bin,none,5,3,247 229 149 67 191 99 8 198
layer_32.bin,none,5,3,28 57 19 14 144 120 182 173
layer_33.bin,none,4,4,246 162 133 5 103 250 68 54
layer_34.bin,none,6,2,5 166 109 143 11 18 227 87
layer_35.bin,none,7,1,97 6 12 136 117 106 201 114
layer_36.bin,none,6,2,48 148 44 73 116 37 16 104
layer_37.bin,none,5,3,225 126 207 109 162 25 66 244
layer_38.bin,none,3,5,185 242 93 46 31 254 17 180
layer_39.bin,none,5,3,129 167 108 97 77 197 253 67
layer_00.bin,none,2,6,11 128 51 135 187 22 79 61
layer_01.bin,none,0,8,123 10 232 169 43 39 151 44
layer_02.bin,none,2,6,207 235 158 164 40 38 242 35
layer_03.bin,none,3,5,146 2 177 199 58 202 12 218
layer_04.bin,none,6,2,123 240 67 14 154 4 129 155
layer_05.bin,none,5,3,67 235 170 23 151 250 198 254
layer_06.bin,none,6,2,156 246 48 129 86 196 49 3
layer_07.bin,none,6,2,199 44 100 66 253 36 230 116
layer_08.bin,none,7,1,247 33 107 56 38 189 136 57
layer_09.bin,none,8,0,132 22 240 44 223 197 86 8
layer_10.bin,none,4,4,137 70 26 194 28 63 77 59
layer_11.bin,none,5,3,111 36 174 14 54 107 99 202
layer_12.bin,none,8,0,242 208 39 203 160 3 166 50
layer_13.bin,none,8,0,33 13 37 47 137 20 130 185
layer_14.bin,none,7,1,52 146 147 252 5 160 131 2
layer_15.bin,none,6,2,177 213 155 4 240 233 41 210
layer_16.bin,none,7,1,26 243 71 156 51 152 252 170
layer_17.bin,none,6,2,242 18 60 110 115 35 20 148
layer_18.bin,none,7,1,192 128 97 13 226 52 126 10
layer_19.bin,none,6,2,229 75 12 35 48 26 28 14
layer_20.bin,none,7,1,247 33 107 56 191 72 254 179
layer_21.bin,none,5,3,132 22 208 240 8 83 177 195
layer_22.bin,none,4,4,28 122 77 115 78 137 70 26
layer_23.bin,none,5,3,36 14 111 204 107 54 19 99
layer_24.bin,none,4,4,242 39 50 238 16 48 102 148
layer_25.bin,none,5,3,13 37 104 130 210 33 202 20
layer_26.bin,none,5,3,162 229 252 185 52 107 105 155
layer_27.bin,none,2,6,127 156 27 83 55 34 177 175
layer_28.bin,none,4,4,243 63 175 165 156 134 143 59
layer_29.bin,none,6,2,18 110 242 35 119 248 60 198
layer_30.bin,none,7,1,128 13 52 192 34 104 234 66
layer_31.bin,none,5,3,12 229 36 10 142 35 67 89
layer_32.bin,none,2,6,238 158 101 52 133 24 149 219
layer_33.bin,none,3,5,41 17 182 4 90 137 39 136
layer_34.bin,none,4,4,15 97 42 34 108 177 169 120
layer_35.bin,none,7,1,97 6 217 106 40 69 95 155
layer_36.bin,none,2,6,59 126 252 165 136 199 116 47
layer_37.bin,none,5,3,61 13 92 3 109 160 58 207
layer_38.bin,none,5,3,93 157 92 241 17 252 99 31
layer_39.bin,none,4,4,231 113 97 189 151 27 129 108
layer_00.bin,none,3,5,98 10 210 140 14 23 69 104
layer_01.bin,none,3,5,39 60 246 137 199 151 123 227
layer_02.bin,none,3,5,246 16 177 35 209 76 45 237
layer_03.bin,none,2,6,146 252 72 48 9 183 246 212
layer_04.bin,none,6,2,240 242 67 227 123 20 14 23
layer_05.bin,none,5,3,177 198 131 230 151 181 231 103
layer_06.bin,none,6,2,86 124 95 254 225 222 230 48
layer_07.bin,none,6,2,199 230 9 100 253 66 244 89
layer_08.bin,none,6,2,189 46 136 62 144 58 106 37
layer_09.bin,none,7,1,108 61 223 65 157 111 75 242
layer_10.bin,none,7,1,119 26 181 235 239 146 205 158
layer_11.bin,none,6,2,100 42 198 157 12 111 135 240
layer_12.bin,none,7,1,170 208 66 71 50 36 168 135
layer_13.bin,none,6,2,39 110 7 185 79 21 128 186
layer_14.bin,none,7,1,138 255 76 5 240 152 193 80
layer_15.bin,none,7,1,3 161 230 222 151 197 216 210
layer_16.bin,none,5,3,214 74 121 26 71 42 118 2
layer_17.bin,none,4,4,123 31 53 202 239 113 12 82
layer_18.bin,none,6,2,150 106 16 101 231 114 232 228
layer_19.bin,none,6,2,245 223 43 131 100 108 8 213
layer_20.bin,none,4,4,136 46 189 7 58 70 96 66
layer_21.bin,none,5,3,61 108 111 223 8 173 214 186
layer_22.bin,none,6,2,160 53 63 57 235 117 115 26
layer_23.bin,none,6,2,80 170 100 250 217 104 61 176
layer_24.bin,none,3,5,170 66 217 135 201 231 36 80
layer_25.bin,none,5,3,39 7 249 79 110 75 217 246
layer_26.bin,none,6,2,76 255 138 192 240 96 5 245
layer_27.bin,none,5,3,161 222 3 230 80 197 78 144
layer_28.bin,none,4,4,214 74 121 222 81 241 204 42
layer_29.bin,none,4,4,150 53 123 31 246 239 215 207
layer_30.bin,none,3,5,150 106 61 110 231 144 88 228
layer_31.bin,none,5,3,43 245 198 255 67 214 238 8
layer_32.bin,none,4,4,33 252 182 54 176 156 241 43
layer_33.bin,none,5,3,192 195 246 21 5 160 91 64
layer_34.bin,none,4,4,16 87 248 70 59 235 108 167
layer_35.bin,none,5,3,12 6 97 201 37 40 151 128
layer_36.bin,none,5,3,104 116 34 110 58 82 225 92
layer_37.bin,none,5,3,225 87 210 105 11 140 130 112
layer_38.bin,none,7,1,92 157 114 93 241 4 151 167
layer_39.bin,none,5,3,2 189 97 213 113 61 134 25
layer_00.bin,none,6,2,41 2 28 86 78 217 32 177
layer_01.bin,none,2,6,91 173 187 191 98 204 245 167
layer_02.bin,none,5,3,76 139 61 228 112 16 246 147
layer_03.bin,none,5,3,156 154 249 216 207 194 124 115
layer_04.bin,none,6,2,155 203 251 207 41 162 225 137
layer_05.bin,none,7,1,177 170 105 151 248 131 213 92
layer_06.bin,none,7,1,86 175 95 5 222 23 104 19
layer_07.bin,none,7,1,9 230 66 100 32 169 199 51
layer_08.bin,none,5,3,38 189 136 7 46 107 59 49
layer_09.bin,none,6,2,157 75 44 223 61 48 242 17
layer_10.bin,none,7,1,119 109 117 26 239 233 232 235
layer_11.bin,none,5,3,100 217 198 216 79 125 70 6
layer_12.bin,none,6,2,32 50 170 208 166 217 115 47
layer_13.bin,none,7,1,13 39 21 20 185 128 192 211
layer_14.bin,none,7,1,171 252 146 39 255 5 152 192
layer_15.bin,none,5,3,79 151 161 230 130 37 173 216
layer_16.bin,none,4,4,214 219 51 71 169 120 255 11
layer_17.bin,none,6,2,60 31 115 119 113 225 35 216
layer_18.bin,none,6,2,66 150 94 13 67 106 101 88
layer_19.bin,none,4,4,48 249 67 139 206 170 161 242
layer_20.bin,none,5,3,189 47 38 7 82 136 46 105
layer_21.bin,none,5,3,44 65 8 223 0 196 56 182
layer_22.bin,none,5,3,109 26 233 119 122 69 28 80
layer_23.bin,none,6,2,37 100 70 136 204 133 146 14
layer_24.bin,none,6,2,50 242 131 115 112 238 239 170
layer_25.bin,none,5,3,20 13 0 128 39 114 240 192
layer_26.bin,none,4,4,171 92 252 144 196 41 116 192
layer_27.bin,none,4,4,79 35 97 112 178 179 156 230
layer_28.bin,none,3,5,10 59 243 214 105 36 204 134
layer_29.bin,none,5,3,126 119 31 68 35 53 113 170
layer_30.bin,none,6,2,150 13 143 18 66 130 52 209
layer_31.bin,none,5,3,55 249 10 36 99 35 89 83
layer_32.bin,none,5,3,19 139 173 58 38 92 115 28
layer_33.bin,none,6,2,182 161 246 137 195 176 185 140
layer_34.bin,none,4,4,15 166 249 87 80 169 108 137
layer_35.bin,none,6,2,106 12 6 201 95 217 161 64
layer_36.bin,none,7,1,252 116 21 104 148 58 73 172
layer_37.bin,none,7,1,92 225 87 113 69 115 144 214
layer_38.bin,none,3,5,52 135 132 149 157 114 32 177
layer_39.bin,none,6,2,77 46 97 243 114 218 90 235
layer_00.bin,none,5,3,50 241 78 135 68 194 72 67
layer_01.bin,none,5,3,37 251 3 71 1 100 252 91
layer_02.bin,none,5,3,134 147 246 225 148 228 54 97
layer_03.bin,none,5,3,156 16 249 154 207 250 210 114
layer_04.bin,none,4,4,155 64 203 97 168 217 221 216
layer_05.bin,none,3,5,21 162 177 25 244 200 131 215
layer_06.bin,none,4,4,86 127 211 225 139 175 254 18
layer_07.bin,none,6,2,9 255 230 244 189 8 100 148
layer_08.bin,none,5,3,189 46 136 144 53 62 70 59
layer_09.bin,none,6,2,242 108 157 61 223 80 196 111
layer_10.bin,none,6,2,119 239 181 109 235 15 146 53
layer_11.bin,none,7,1,100 135 42 6 157 240 198 12
layer_12.bin,none,6,2,170 66 129 139 172 50 36 153
layer_13.bin,none,6,2,39 128 185 110 213 249 62 186
layer_14.bin,none,8,0,152 192 138 252 76 255 237 5
layer_15.bin,none,7,1,230 151 161 222 3 197 216 112
layer_16.bin,none,5,3,169 214 74 45 122 31 121 59
layer_17.bin,none,5,3,31 60 123 28 53 114 168 240
layer_18.bin,none,6,2,150 106 101 214 231 219 228 104
layer_19.bin,none,7,1,8 223 161 245 211 242 170 43
layer_20.bin,none,6,2,189 46 136 7 0 9 66 39
layer_21.bin,none,7,1,196 231 80 65 157 242 223 134
layer_22.bin,none,6,2,31 160 239 26 153 119 53 15
layer_23.bin,none,5,3,80 100 216 170 127 8 217 6
layer_24.bin,none,6,2,170 139 129 135 217 83 172 66
layer_25.bin,none,6,2,39 128 79 246 88 62 216 213
layer_26.bin,none,6,2,192 101 76 255 252 237 152 228
layer_27.bin,none,5,3,230 151 197 161 186 19 222 140
layer_28.bin,none,5,3,214 74 169 107 31 204 55 84
layer_29.bin,none,5,3,150 31 74 123 246 168 37 53
layer_30.bin,none,4,4,172 61 180 150 18 3 156 42
layer_31.bin,none,6,2,154 10 238 161 36 55 244 37
layer_32.bin,none,5,3,248 58 229 78 139 38 180 120
layer_33.bin,none,3,5,167 195 176 227 27 53 90 133
layer_34.bin,none,6,2,15 80 249 245 108 143 83 215
layer_35.bin,none,3,5,106 121 77 180 8 176 241 170
layer_36.bin,none,4,4,21 228 17 148 252 138 126 54
layer_37.bin,none,4,4,244 214 92 110 69 243 176 137
layer_38.bin,none,3,5,43 141 177 24 144 129 63 254
layer_39.bin,none,4,4,37 5 209 97 83 90 127 22
layer_00.bin,none,5,3,241 15 54 240 98 50 210 17
layer_01.bin,none,7,1,195 3 251 71 100 95 37 202
layer_02.bin,none,6,2,134 147 246 222 225 148 54 61
layer_03.bin,none,7,1,197 156 207 115 16 243 36 209
layer_04.bin,none,7,1,155 221 251 216 203 207 51 244
layer_05.bin,none,7,1,77 177 92 133 170 105 16 33
layer_06.bin,none,6,2,86 175 32 18 48 104 189 29
layer_07.bin,none,5,3,6 9 88 252 230 148 13 144
layer_08.bin,none,5,3,63 189 136 47 46 49 106 44
layer_09.bin,none,6,2,75 44 128 134 8 65 32 223
layer_10.bin,none,8,0,119 146 117 109 233 26 239 232
layer_11.bin,none,5,3,100 79 217 170 164 37 137 167
layer_12.bin,none,7,1,50 208 170 166 217 32 66 135
layer_13.bin,none,6,2,185 39 195 13 88 0 128 198
layer_14.bin,none,7,1,252 255 192 76 152 138 5 228
layer_15.bin,none,5,3,230 151 178 161 197 144 160 222
layer_16.bin,none,7,1,169 214 51 234 59 82 138 102
layer_17.bin,none,5,3,60 31 114 49 28 36 113 175
layer_18.bin,none,6,2,150 66 132 214 137 221 231 94
layer_19.bin,none,7,1,48 161 247 67 249 242 43 255
layer_20.bin,none,6,2,189 136 47 46 9 153 56 216
layer_21.bin,none,7,1,8 196 134 87 223 157 61 52
layer_22.bin,none,6,2,31 117 57 26 239 52 232 146
layer_23.bin,none,7,1,100 80 79 217 38 127 170 146
layer_24.bin,none,6,2,50 170 139 135 200 172 142 252
layer_25.bin,none,7,1,39 88 13 0 115 62 128 246
layer_26.bin,none,6,2,252 192 76 200 152 101 138 30
layer_27.bin,none,5,3,230 178 151 177 179 35 216 156
layer_28.bin,none,6,2,214 26 59 234 169 225 204 114
layer_29.bin,none,6,2,31 119 60 28 4 165 242 159
layer_30.bin,none,7,1,66 150 116 104 13 143 111 60
layer_31.bin,none,5,3,249 36 247 229 37 191 214 24
layer_32.bin,none,6,2,14 28 30 248 78 139 173 182
layer_33.bin,none,5,3,167 103 246 195 250 53 54 178
layer_34.bin,none,8,0,5 245 143 18 227 249 87 15
layer_35.bin,none,8,0,136 106 12 241 97 6 201 121
layer_36.bin,none,7,1,148 21 17 165 252 199 112 65
layer_37.bin,none,4,4,214 36 243 244 53 152 160 180
layer_38.bin,none,4,4,87 156 149 62 191 222 231 180
layer_39.bin,none,5,3,251 97 235 209 67 107 106 109
layer_00.bin,none,5,3,98 240 69 80 209 17 5 140
layer_01.bin,none,7,1,3 251 71 47 134 69 91 195
layer_02.bin,none,8,0,134 147 246 225 148 54 63 222
layer_03.bin,none,6,2,243 36 156 66 207 210 209 140
layer_04.bin,none,8,0,155 203 149 221 244 251 51 207
layer_05.bin,none,8,0,77 177 133 38 92 16 151 105
layer_06.bin,none,6,2,86 171 227 5 175 29 195 95
layer_07.bin,none,6,2,6 230 199 166 9 191 169 77
layer_08.bin,none,6,2,189 63 136 46 231 78 95 7
layer_09.bin,none,8,0,8 44 223 75 65 128 32 134
layer_10.bin,none,8,0,119 146 26 233 235 117 232 239
layer_11.bin,none,7,1,100 136 37 217 111 198 70 231
layer_12.bin,none,8,0,208 170 50 217 32 166 242 66
layer_13.bin,none,7,1,39 13 185 21 110 192 128 47
layer_14.bin,none,7,1,255 171 146 5 252 39 76 152
layer_15.bin,none,8,0,79 151 161 230 197 3 222 210
layer_16.bin,none,8,0,214 51 82 59 219 71 121 234
layer_17.bin,none,6,2,60 119 31 123 53 214 21 35
layer_18.bin,none,8,0,66 150 106 116 219 13 101 94
layer_19.bin,none,6,2,48 249 247 8 94 14 47 223
layer_20.bin,none,6,2,189 56 46 136 82 105 9 249
layer_21.bin,none,8,0,65 8 223 32 44 75 61 242
layer_22.bin,none,6,2,119 26 122 146 233 158 67 19
layer_23.bin,none,7,1,100 136 37 70 14 157 158 198
layer_24.bin,none,7,1,50 242 170 115 166 217 100 135
layer_25.bin,none,7,1,39 13 0 101 192 128 137 91
layer_26.bin,none,8,0,171 252 92 5 192 160 237 240
layer_27.bin,none,6,2,79 177 230 161 35 131 151 220
layer_28.bin,none,5,3,59 214 243 56 138 102 53 26
layer_29.bin,none,7,1,119 242 31 4 35 60 113 136
layer_30.bin,none,8,0,66 150 116 192 13 52 151 106
layer_31.bin,none,8,0,249 229 247 8 191 14 214 36
layer_32.bin,none,6,2,14 182 19 173 30 133 230 120
layer_33.bin,none,7,1,5 167 103 246 136 195 133 161
layer_34.bin,none,7,1,5 87 18 143 227 11 109 245
layer_35.bin,none,7,1,12 6 97 102 201 203 217 122
layer_36.bin,none,7,1,48 148 44 104 116 73 112 171
layer_37.bin,none,7,1,162 242 225 207 69 160 130 126
layer_38.bin,none,5,3,185 242 62 254 191 180 42 111
layer_39.bin,none,6,2,97 77 107 167 219 22 235 198
layer_00.bin,none,6,2,28 74 175 70 222 124 199 13
layer_01.bin,none,4,4,44 206 69 174 235 10 245 80
layer_02.bin,none,5,3,112 54 134 225 161 205 148 192
layer_03.bin,none,6,2,14 194 156 197 216 12 36 138
layer_04.bin,none,6,2,44 221 137 51 207 41 148 175
layer_05.bin,none,5,3,177 77 105 45 228 248 13 235
layer_06.bin,none,8,0,86 48 54 168 5 171 227 246
layer_07.bin,none,5,3,230 199 120 38 6 9 182 255
layer_08.bin,none,8,0,63 189 136 46 106 82 231 144
layer_09.bin,none,8,0,65 44 61 75 8 111 223 108
layer_10.bin,none,7,1,146 119 181 232 53 8 205 107
layer_11.bin,none,8,0,100 157 59 37 231 198 222 220
layer_12.bin,none,8,0,208 170 50 66 71 239 200 222
layer_13.bin,none,7,1,39 19 13 185 110 47 74 186
layer_14.bin,none,7,1,76 252 5 138 255 105 182 195
layer_15.bin,none,8,0,161 230 151 222 177 4 197 220
layer_16.bin,none,7,1,214 59 102 53 121 82 51 26
layer_17.bin,none,7,1,19 60 31 21 35 123 25 214
layer_18.bin,none,6,2,219 150 106 13 101 41 104 116
layer_19.bin,none,7,1,247 48 14 8 35 245 209 249
layer_20.bin,none,7,1,189 46 56 136 82 9 150 97
layer_21.bin,none,8,0,8 72 65 61 75 111 134 108
layer_22.bin,none,8,0,119 146 122 11 53 242 109 137
layer_23.bin,none,6,2,100 157 70 218 222 231 158 164
layer_24.bin,none,6,2,50 170 62 166 66 8 104 20
layer_25.bin,none,6,2,39 13 0 234 101 71 161 110
layer_26.bin,none,6,2,252 196 76 5 138 46 105 119
layer_27.bin,none,6,2,35 161 230 177 28 220 151 112
layer_28.bin,none,8,0,214 59 53 243 26 248 130 102
layer_29.bin,none,7,1,19 119 60 35 242 31 9 136
layer_30.bin,none,6,2,150 219 192 13 151 52 106 63
layer_31.bin,none,7,1,229 249 247 35 36 239 14 8
layer_32.bin,none,6,2,85 173 14 140 104 179 117 230
layer_33.bin,none,7,1,102 246 136 56 39 74 137 195
layer_34.bin,none,7,1,191 166 195 18 143 48 87 245
layer_35.bin,none,6,2,97 117 12 185 6 155 58 231
layer_36.bin,none,5,3,37 44 125 112 215 171 5 61
layer_37.bin,none,5,3,207 152 25 165 80 166 36 109
layer_38.bin,none,7,1,254 193 132 191 99 140 111 62
layer_39.bin,none,4,4,44 97 99 235 120 164 26 22
layer_00.bin,none,2,6,13 159 204 199 116 220 20 174
layer_01.bin,none,4,4,49 104 141 174 245 114 246 69
layer_02.bin,none,4,4,38 210 71 245 122 57 225 145
layer_03.bin,none,2,6,21 51 7 239 12 143 119 121
layer_04.bin,none,8,0,44 148 221 41 51 137 207 43
layer_05.bin,none,8,0,177 77 105 16 170 131 38 45
layer_06.bin,none,7,1,86 39 57 54 48 156 161 8
layer_07.bin,none,7,1,199 223 230 38 224 169 100 9
layer_08.bin,none,8,0,189 136 63 46 56 106 82 107
layer_09.bin,none,8,0,44 65 8 75 61 223 108 242
layer_10.bin,none,6,2,19 119 242 146 232 137 26 18
layer_11.bin,none,6,2,220 111 100 218 85 14 194 158
layer_12.bin,none,7,1,208 242 170 50 203 3 239 245
layer_13.bin,none,7,1,13 39 37 47 19 190 210 185
layer_14.bin,none,8,0,252 146 105 52 160 138 5 255
layer_15.bin,none,7,1,177 33 4 155 220 230 161 28
layer_16.bin,none,7,1,26 102 51 214 243 59 193 190
layer_17.bin,none,8,0,60 21 242 164 115 35 119 214
layer_18.bin,none,8,0,192 13 97 2 52 150 250 72
layer_19.bin,none,6,2,249 14 48 35 85 4 197 229
layer_20.bin,none,7,1,56 121 107 189 136 46 191 115
layer_21.bin,none,6,2,8 0 44 197 208 212 86 108
layer_22.bin,none,6,2,137 19 242 122 119 146 213 211
layer_23.bin,none,6,2,220 201 107 204 218 174 157 111
layer_24.bin,none,5,3,50 11 20 242 239 253 153 124
layer_25.bin,none,6,2,13 101 210 130 37 71 137 5
layer_26.bin,none,6,2,252 229 128 155 81 133 138 52
layer_27.bin,none,4,4,177 33 28 27 156 237 154 34
layer_28.bin,none,5,3,193 102 59 213 248 26 243 219
layer_29.bin,none,5,3,164 242 119 94 21 88 35 251
layer_30.bin,none,7,1,192 13 162 250 63 97 104 234
layer_31.bin,none,7,1,135 238 14 249 229 191 132 36
layer_32.bin,none,5,3,123 125 85 179 140 3 35 254
layer_33.bin,none,3,5,234 95 90 39 137 132 68 166
layer_34.bin,none,5,3,191 20 108 48 240 46 44 245
layer_35.bin,none,3,5,97 21 107 231 64 154 128 38
layer_36.bin,none,2,6,19 76 93 171 25 124 225 165
layer_37.bin,none,4,4,65 24 80 152 16 96 74 61
layer_38.bin,none,5,3,140 88 62 191 193 117 18 252
layer_39.bin,none,4,4,235 80 117 253 180 174 98 22
layer_00.bin,none,2,6,141 235 190 115 253 208 221 61
layer_01.bin,none,4,4,155 93 182 11 47 244 197 46
layer_02.bin,none,6,2,210 164 88 17 158 38 249 145
layer_03.bin,none,4,4,37 187 235 230 118 199 133 77
layer_04.bin,none,5,3,15 142 236 102 214 95 222 154
layer_05.bin,none,5,3,186 193 198 151 90 88 158 65
layer_06.bin,none,8,0,79 156 54 196 246 157 138 153
layer_07.bin,none,7,1,199 76 36 64 23 35 147 229
layer_08.bin,none,8,0,56 107 57 52 247 110 116 191
layer_09.bin,none,7,1,197 116 29 8 94 191 164 203
layer_10.bin,none,7,1,198 137 169 247 125 196 70 130
layer_11.bin,none,5,3,174 19 107 111 189 99 128 14
layer_12.bin,none,8,0,39 74 208 128 93 160 3 15
layer_13.bin,none,8,0,154 43 134 47 147 66 202 210
layer_14.bin,none,8,0,137 51 52 106 160 64 88 124
layer_15.bin,none,8,0,148 165 162 213 177 4 181 87
layer_16.bin,none,8,0,243 252 5 170 174 152 28 150
layer_17.bin,none,8,0,242 250 35 64 198 20 226 248
layer_18.bin,none,7,1,192 13 57 126 179 2 197 226
layer_19.bin,none,7,1,75 130 109 116 229 20 86 56
layer_20.bin,none,7,1,179 191 237 56 80 247 107 239
layer_21.bin,none,4,4,29 164 116 197 47 191 126 26
layer_22.bin,none,4,4,198 169 247 41 137 130 215 65
layer_23.bin,none,6,2,189 174 111 107 128 87 204 162
layer_24.bin,none,3,5,74 63 26 15 112 93 3 39
layer_25.bin,none,5,3,147 134 43 130 210 13 35 28
layer_26.bin,none,6,2,137 118 124 51 86 148 53 52
layer_27.bin,none,3,5,200 81 162 181 127 72 177 23
layer_28.bin,none,4,4,43 133 5 170 134 23 152 210
layer_29.bin,none,5,3,87 76 172 250 20 0 242 160
layer_30.bin,none,4,4,163 179 201 187 155 133 192 167
layer_31.bin,none,6,2,116 109 20 205 89 191 12 32
layer_32.bin,none,4,4,178 223 119 181 90 77 247 131
layer_33.bin,none,6,2,93 83 129 16 231 39 236 210
layer_34.bin,none,3,5,82 132 199 74 189 105 96 108
layer_35.bin,none,4,4,27 72 203 160 15 174 33 204
layer_36.bin,none,3,5,222 75 218 165 221 128 105 12
layer_37.bin,none,2,6,24 133 234 245 173 229 77 120
layer_38.bin,none,3,5,140 64 239 104 25 241 200 180
layer_39.bin,none,3,5,186 162 190 235 208 192 234 80
layer_00.bin,none,3,5,38 167 54 193 112 94 238 44
layer_01.bin,none,2,6,46 47 122 58 105 188 246 137
layer_02.bin,none,5,3,158 121 128 145 179 53 217 10
layer_03.bin,none,6,2,26 230 233 117 78 118 210 119
layer_04.bin,none,2,6,67 81 144 91 248 163 245 61
layer_05.bin,none,5,3,43 90 188 109 158 47 88 214
layer_06.bin,none,6,2,215 60 143 138 173 36 153 156
layer_07.bin,none,4,4,229 117 176 54 237 36 52 70
layer_08.bin,none,8,0,116 239 104 110 237 179 33 57
layer_09.bin,none,5,3,126 191 171 116 197 198 113 30
layer_10.bin,none,1,7,167 157 238 182 36 115 248 82
layer_11.bin,none,2,6,233 112 133 224 193 181 36 81
layer_12.bin,none,3,5,93 144 193 199 212 251 24 85
layer_13.bin,none,6,2,44 33 138 3 104 149 6 251
layer_14.bin,none,6,2,147 86 53 57 229 52 125 71
layer_15.bin,none,4,4,191 162 213 46 127 70 168 148
layer_16.bin,none,7,1,151 243 156 252 170 134 174 152
layer_17.bin,none,5,3,5 20 242 110 57 226 160 166
layer_18.bin,none,5,3,131 192 226 93 128 126 203 176
layer_19.bin,none,6,2,75 72 229 120 12 228 56 109
layer_20.bin,none,7,1,239 80 110 191 185 179 116 33
layer_21.bin,none,7,1,116 191 126 47 155 198 171 120
layer_22.bin,none,5,3,157 236 247 161 255 65 215 63
layer_23.bin,none,4,4,181 111 140 36 106 47 188 3
layer_24.bin,none,7,1,93 145 39 220 154 3 142 225
layer_25.bin,none,5,3,6 138 33 127 32 206 35 175
layer_26.bin,none,8,0,118 52 106 86 147 137 53 88
layer_27.bin,none,6,2,162 233 228 177 54 46 72 122
layer_28.bin,none,8,0,43 170 152 156 150 252 51 134
layer_29.bin,none,6,2,5 20 142 28 230 158 242 57
layer_30.bin,none,7,1,192 226 2 135 155 170 203 201
layer_31.bin,none,4,4,226 167 30 12 228 42 96 26
layer_32.bin,none,7,1,223 178 119 206 181 158 247 107
layer_33.bin,none,7,1,83 74 40 93 16 190 73 72
layer_34.bin,none,8,0,186 116 1 21 141 82 213 251
layer_35.bin,none,6,2,244 224 76 214 10 212 229 3
layer_36.bin,none,4,4,129 70 198 239 68 203 196 181
layer_37.bin,none,5,3,58 48 62 57 213 229 105 194
layer_38.bin,none,3,5,147 35 62 180 245 16 8 77
layer_39.bin,none,3,5,238 235 169 65 223 2 247 206
layer_00.bin,none,6,2,238 140 112 43 200 30 58 173
layer_01.bin,none,6,2,46 47 188 137 155 246 127 249
layer_02.bin,none,5,3,217 72 20 165 140 186 121 167
layer_03.bin,none,5,3,117 233 26 103 230 119 183 38
layer_04.bin,none,3,5,145 193 144 140 245 24 120 58
layer_05.bin,none,2,6,145 158 106 162 76 239 177 220
layer_06.bin,none,4,4,86 124 254 230 89 211 225 21
layer_07.bin,none,6,2,9 199 230 100 244 255 89 109
layer_08.bin,none,7,1,189 46 136 62 144 59 214 58
layer_09.bin,none,7,1,223 203 108 157 72 122 18 210
layer_10.bin,none,5,3,43 240 63 176 235 26 239 181
layer_11.bin,none,6,2,42 111 12 170 100 239 24 80
layer_12.bin,none,5,3,170 139 172 245 217 129 207 56
layer_13.bin,none,6,2,39 110 62 128 88 7 109 213
layer_14.bin,none,8,0,252 192 255 76 39 138 152 47
layer_15.bin,none,7,1,230 151 3 161 197 216 222 186
layer_16.bin,none,7,1,214 74 71 51 169 121 33 45
layer_17.bin,none,5,3,31 60 28 53 123 47 238 82
layer_18.bin,none,7,1,150 232 114 16 231 106 228 104
layer_19.bin,none,7,1,245 4 108 146 209 161 213 86
layer_20.bin,none,7,1,189 46 136 56 153 0 9 39
layer_21.bin,none,7,1,8 242 72 196 61 167 223 111
layer_22.bin,none,6,2,160 53 15 117 26 57 239 129
layer_23.bin,none,7,1,100 80 170 176 217 6 8 38
layer_24.bin,none,5,3,170 135 66 129 152 172 200 139
layer_25.bin,none,7,1,39 62 88 128 249 110 211 79
layer_26.bin,none,5,3,76 192 245 252 153 46 72 255
layer_27.bin,none,5,3,230 151 216 161 201 197 144 186
layer_28.bin,none,4,4,214 74 169 128 71 121 222 31
layer_29.bin,none,6,2,31 150 123 53 240 113 82 224
layer_30.bin,none,6,2,150 106 172 231 180 3 166 61
layer_31.bin,none,3,5,24 43 161 198 191 166 241 255
layer_32.bin,none,6,2,127 178 33 64 206 252 223 38
layer_33.bin,none,5,3,246 195 74 40 192 140 62 208
layer_34.bin,none,7,1,116 141 213 16 87 21 186 8
layer_35.bin,none,7,1,244 6 224 12 76 214 183 10
layer_36.bin,none,6,2,129 239 198 68 70 102 116 57
layer_37.bin,none,5,3,57 58 104 147 48 153 70 202
layer_38.bin,none,7,1,92 148 84 27 79 97 147 151
layer_39.bin,none,7,1,238 243 38 2 242 78 46 206
layer_00.bin,none,6,2,200 67 88 238 140 173 95 206
layer_01.bin,none,4,4,47 181 46 192 140 152 70 127
layer_02.bin,none,4,4,20 62 21 165 160 197 153 186
layer_03.bin,none,6,2,233 106 117 150 38 103 118 119
layer_04.bin,none,6,2,193 20 62 120 235 58 61 24
layer_05.bin,none,4,4,230 145 162 85 160 109 239 158
layer_06.bin,none,2,6,118 89 124 110 12 207 193 98
layer_07.bin,none,4,4,9 230 52 195 199 176 213 155
layer_08.bin,none,5,3,239 189 195 237 91 106 136 72
layer_09.bin,none,5,3,122 210 72 126 135 235 53 200
layer_10.bin,none,2,6,76 255 179 115 212 215 214 167
layer_11.bin,none,5,3,111 41 181 239 88 42 80 196
layer_12.bin,none,1,7,88 102 144 117 83 142 213 62
layer_13.bin,none,5,3,5 171 39 78 251 44 35 119
layer_14.bin,none,8,0,52 229 106 160 138 60 5 159
layer_15.bin,none,4,4,4 72 210 177 89 220 247 34
layer_16.bin,none,7,1,26 51 170 243 71 152 177 74
layer_17.bin,none,7,1,242 115 35 28 64 20 15 124
layer_18.bin,none,8,0,192 13 226 205 2 106 16 97
layer_19.bin,none,7,1,229 75 4 150 86 26 252 146
layer_20.bin,none,6,2,56 107 136 191 103 72 115 81
layer_21.bin,none,5,3,131 197 208 122 223 20 88 22
layer_22.bin,none,5,3,63 160 234 126 122 168 78 188
layer_23.bin,none,4,4,111 80 173 121 194 34 88 205
layer_24.bin,none,5,3,39 174 41 200 238 142 6 185
layer_25.bin,none,7,1,13 130 70 138 20 28 37 84
layer_26.bin,none,5,3,52 229 215 155 138 211 106 181
layer_27.bin,none,6,2,228 126 177 254 127 1 34 233
layer_28.bin,none,5,3,160 248 170 210 26 20 16 23
layer_29.bin,none,6,2,28 242 158 5 168 26 53 127
layer_30.bin,none,8,0,44 192 155 201 97 226 2 3
layer_31.bin,none,6,2,166 229 26 135 226 221 234 237
layer_32.bin,none,5,3,223 60 178 206 247 158 237 50
layer_33.bin,none,7,1,74 190 40 41 206 16 83 246
layer_34.bin,none,7,1,82 116 213 141 21 1 34 251
layer_35.bin,none,7,1,244 224 214 76 10 229 6 92
layer_36.bin,none,7,1,129 239 198 70 255 68 203 24
layer_37.bin,none,7,1,104 58 57 147 48 153 14 213
layer_38.bin,none,8,0,92 27 148 84 79 97 74 151
layer_39.bin,none,5,3,110 243 38 242 12 78 69 188
layer_00.bin,none,4,4,86 70 41 2 199 16 191 120
layer_01.bin,none,2,6,124 118 191 86 19 238 220 237
layer_02.bin,none,6,2,60 217 49 139 77 255 188 71
layer_03.bin,none,5,3,177 219 11 25 30 199 159 39
layer_04.bin,none,6,2,192 154 149 200 88 4 110 165
layer_05.bin,none,6,2,213 155 115 2 165 251 73 141
layer_06.bin,none,7,1,157 14 79 171 143 156 68 49
layer_07.bin,none,7,1,32 76 35 171 52 61 251 100
layer_08.bin,none,6,2,157 220 110 61 80 52 178 117
layer_09.bin,none,5,3,198 197 47 5 8 212 73 120
layer_10.bin,none,5,3,17 122 157 234 63 167 111 187
layer_11.bin,none,4,4,111 209 85 194 3 50 121 137
layer_12.bin,none,5,3,39 166 144 237 191 193 3 225
layer_13.bin,none,4,4,20 35 168 154 99 44 113 199
layer_14.bin,none,6,2,52 131 106 53 139 167 238 47
layer_15.bin,none,7,1,116 213 233 54 110 33 204 177
layer_16.bin,none,6,2,243 170 252 181 152 138 185 92
layer_17.bin,none,5,3,242 20 158 78 101 108 127 28
layer_18.bin,none,7,1,192 130 201 226 2 220 131 237
layer_19.bin,none,6,2,228 75 229 252 30 96 51 226
layer_20.bin,none,6,2,157 80 110 185 35 159 191 103
layer_21.bin,none,4,4,151 47 5 198 120 156 73 254
layer_22.bin,none,6,2,17 157 78 63 122 19 111 109
layer_23.bin,none,6,2,209 111 181 3 158 195 194 34
layer_24.bin,none,5,3,166 39 191 145 225 142 47 192
layer_25.bin,none,7,1,13 35 155 127 20 6 37 138
layer_26.bin,none,5,3,52 118 106 131 180 139 215 167
layer_27.bin,none,5,3,116 177 233 54 122 1 204 121
layer_28.bin,none,8,0,201 138 170 20 152 26 134 51
layer_29.bin,none,6,2,78 28 158 20 242 142 101 230
layer_30.bin,none,6,2,237 130 192 226 201 97 2 221
layer_31.bin,none,6,2,226 229 26 70 135 30 42 228
layer_32.bin,none,6,2,19 75 178 206 197 14 173 107
layer_33.bin,none,7,1,5 59 18 103 74 161 206 40
layer_34.bin,none,7,1,227 11 141 213 21 63 18 196
layer_35.bin,none,6,2,244 214 43 76 229 210 10 58
layer_36.bin,none,8,0,129 48 251 148 198 239 57 24
layer_37.bin,none,7,1,58 57 147 162 14 48 153 21
layer_38.bin,none,7,1,92 124 79 84 132 74 97 148
layer_39.bin,none,6,2,189 242 78 2 77 213 188 203
layer_00.bin,none,2,6,128 214 11 68 40 185 22 45
layer_01.bin,none,4,4,101 241 16 1 234 245 186 10
layer_02.bin,none,3,5,71 56 83 43 228 75 235 1
layer_03.bin,none,3,5,213 16 105 207 150 157 39 54
layer_04.bin,none,4,4,192 44 154 200 181 60 132 100
layer_05.bin,none,5,3,120 236 93 142 2 23 155 146
layer_06.bin,none,6,2,157 161 39 25 185 232 57 14
layer_07.bin,none,6,2,32 28 76 223 137 100 65 152
layer_08.bin,none,4,4,47 110 81 225 220 159 11 80
layer_09.bin,none,3,5,12 232 122 47 135 63 5 87
layer_10.bin,none,3,5,123 63 44 79 78 144 109 122
layer_11.bin,none,3,5,42 135 111 24 204 254 58 61
layer_12.bin,none,6,2,170 245 66 168 231 172 139 71
layer_13.bin,none,6,2,39 110 249 36 109 186 79 7
layer_14.bin,none,6,2,255 240 11 152 80 192 39 153
layer_15.bin,none,8,0,230 197 161 216 222 151 3 210
layer_16.bin,none,5,3,214 74 33 121 2 42 95 118
layer_17.bin,none,5,3,31 123 113 190 82 53 70 238
layer_18.bin,none,7,1,150 106 114 231 41 101 232 228
layer_19.bin,none,6,2,8 146 211 131 213 223 245 198
layer_20.bin,none,7,1,189 136 46 7 82 0 153 181
layer_21.bin,none,5,3,167 242 223 8 196 159 65 186
layer_22.bin,none,4,4,160 174 239 5 15 63 134 57
layer_23.bin,none,5,3,100 80 250 170 141 8 157 45
layer_24.bin,none,5,3,135 170 217 222 164 200 66 129
layer_25.bin,none,6,2,39 110 62 20 79 141 70 58
layer_26.bin,none,6,2,80 192 40 255 5 240 82 76
layer_27.bin,none,6,2,216 230 151 161 225 183 240 186
layer_28.bin,none,6,2,214 74 248 121 182 222 246 163
layer_29.bin,none,5,3,150 31 123 240 18 164 190 136
layer_30.bin,none,8,0,61 172 180 18 174 106 110 104
layer_31.bin,none,5,3,154 36 166 244 44 238 204 153
layer_32.bin,none,6,2,19 127 58 248 75 92 76 162
layer_33.bin,none,4,4,176 234 74 133 59 11 252 24
layer_34.bin,none,6,2,249 80 15 191 72 182 63 89
layer_35.bin,none,5,3,132 43 191 77 106 95 176 136
layer_36.bin,none,5,3,138 21 228 17 49 126 148 101
layer_37.bin,none,4,4,214 244 126 110 92 144 226 243
layer_38.bin,none,4,4,88 177 236 43 141 0 50 63
layer_39.bin,none,1,7,142 209 37 134 175 27 144 100
layer_00.bin,none,3,5,14 102 240 228 209 93 225 69
layer_01.bin,none,7,1,241 16 234 186 49 17 101 44
layer_02.bin,none,6,2,71 83 56 43 77 3 75 235
layer_03.bin,none,8,0,213 105 159 118 199 25 207 177
layer_04.bin,none,7,1,44 154 192 200 54 51 132 110
layer_05.bin,none,7,1,115 236 2 165 155 251 158 52
layer_06.bin,none,8,0,157 14 39 161 79 57 49 196
layer_07.bin,none,8,0,32 223 76 199 35 171 28 79
layer_08.bin,none,8,0,220 110 164 61 178 52 80 136
layer_09.bin,none,6,2,197 198 5 8 47 98 87 212
layer_10.bin,none,8,0,19 122 9 232 157 63 234 242
layer_11.bin,none,8,0,85 111 59 209 220 158 194 3
layer_12.bin,none,7,1,39 237 225 3 157 193 208 210
layer_13.bin,none,6,2,199 37 20 154 113 44 28 127
layer_14.bin,none,5,3,52 106 131 53 139 200 167 54
layer_15.bin,none,6,2,177 233 33 213 54 162 149 123
layer_16.bin,none,6,2,190 170 26 252 243 0 152 181
layer_17.bin,none,6,2,242 164 20 158 28 78 142 216
layer_18.bin,none,7,1,250 201 130 192 226 2 108 97
layer_19.bin,none,6,2,85 75 228 70 252 30 229 226
layer_20.bin,none,7,1,80 110 185 35 179 191 159 142
layer_21.bin,none,7,1,47 5 151 198 208 197 131 87
layer_22.bin,none,7,1,19 242 157 63 255 78 122 9
layer_23.bin,none,8,0,85 111 158 59 181 3 194 220
layer_24.bin,none,4,4,39 220 145 225 3 191 15 11
layer_25.bin,none,6,2,37 20 113 101 19 206 127 28
layer_26.bin,none,5,3,52 106 86 118 53 203 131 180
layer_27.bin,none,7,1,177 33 28 233 54 162 250 34
layer_28.bin,none,6,2,190 170 152 111 147 134 150 55
layer_29.bin,none,7,1,164 20 21 158 142 230 242 17
layer_30.bin,none,6,2,250 204 63 135 197 201 226 115
layer_31.bin,none,6,2,228 30 226 42 151 26 135 96
layer_32.bin,none,4,4,123 18 19 76 159 85 237 107
layer_33.bin,none,7,1,95 234 74 11 56 253 133 72
layer_34.bin,none,5,3,72 191 240 21 252 64 182 220
layer_35.bin,none,4,4,191 43 76 10 39 218 61 196
layer_36.bin,none,4,4,142 49 248 152 138 198 125 227
layer_37.bin,none,6,2,126 58 48 229 135 175 16 115
layer_38.bin,none,6,2,92 0 101 119 80 84 180 35
layer_39.bin,none,2,6,189 122 129 244 165 179 169 197
layer_00.bin,none,1,7,117 11 233 226 146 80 96 171
layer_01.bin,none,1,7,133 120 16 92 107 169 81 2
layer_02.bin,none,5,3,71 21 173 142 83 249 75 63
layer_03.bin,none,2,6,91 150 221 240 134 31 188 95
layer_04.bin,none,3,5,164 105 55 60 154 254 8 119
layer_05.bin,none,4,4,27 61 11 236 2 165 155 221
layer_06.bin,none,5,3,14 157 90 39 52 156 79 173
layer_07.bin,none,4,4,181 171 131 169 56 76 32 161
layer_08.bin,none,4,4,65 61 110 112 173 116 117 162
layer_09.bin,none,5,3,198 47 197 178 215 5 98 73
layer_10.bin,none,3,5,24 122 19 163 71 48 157 212
layer_11.bin,none,4,4,247 111 85 18 142 194 181 255
layer_12.bin,none,3,5,43 39 191 67 6 224 134 237
layer_13.bin,none,4,4,20 200 113 205 44 114 206 168
layer_14.bin,none,4,4,52 244 59 106 41 93 131 53
layer_15.bin,none,6,2,233 99 33 177 213 20 54 149
layer_16.bin,none,5,3,170 203 134 243 252 147 220 180
layer_17.bin,none,4,4,88 72 20 142 108 158 242 69
layer_18.bin,none,5,3,63 201 32 203 93 155 230 226
layer_19.bin,none,7,1,228 199 75 30 221 56 229 201
layer_20.bin,none,4,4,65 80 110 112 191 120 237 137
layer_21.bin,none,5,3,215 47 136 198 73 232 5 209
layer_22.bin,none,5,3,118 24 215 157 255 78 3 115
layer_23.bin,none,4,4,181 247 3 142 111 249 75 158
layer_24.bin,none,4,4,43 39 145 225 126 6 191 154
layer_25.bin,none,4,4,100 127 20 175 206 231 199 185
layer_26.bin,none,6,2,106 180 52 118 215 142 128 167
layer_27.bin,none,5,3,177 233 99 250 217 213 54 203
layer_28.bin,none,5,3,170 47 152 134 203 147 55 13
layer_29.bin,none,5,3,230 142 20 158 17 218 200 69
layer_30.bin,none,6,2,71 135 188 192 203 44 97 201
layer_31.bin,none,7,1,228 199 221 229 30 42 226 135
layer_32.bin,none,4,4,89 18 17 221 159 19 107 185
layer_33.bin,none,3,5,105 244 253 107 74 72 214 121
layer_34.bin,none,3,5,81 12 21 252 56 63 208 95
layer_35.bin,none,6,2,132 218 99 61 76 22 10 43
layer_36.bin,none,4,4,253 152 248 246 211 198 68 202
layer_37.bin,none,4,4,48 58 158 67 161 135 143 175
layer_38.bin,none,4,4,101 92 9 30 148 84 136 234
layer_39.bin,none,2,6,248 189 2 92 1 246 250 203
layer_00.bin,none,1,7,92 186 210 234 144 155 188 191
layer_01.bin,none,4,4,95 165 217 198 195 79 109 245
layer_02.bin,none,1,7,92 13 150 159 89 84 110 75
layer_03.bin,none,6,2,25 150 148 228 159 132 188 199
layer_04.bin,none,4,4,192 164 98 94 154 71 133 112
layer_05.bin,none,6,2,165 236 115 2 155 61 202 136
layer_06.bin,none,5,3,157 39 52 14 154 92 79 200
layer_07.bin,none,8,0,171 76 131 35 169 181 32 65
layer_08.bin,none,7,1,110 220 159 61 80 35 164 107
layer_09.bin,none,8,0,197 198 47 215 73 8 98 120
layer_10.bin,none,4,4,9 234 165 122 207 111 187 99
layer_11.bin,none,5,3,111 3 255 116 153 98 158 145
layer_12.bin,none,5,3,39 194 193 220 3 225 59 191
layer_13.bin,none,6,2,127 20 37 154 66 219 125 113
layer_14.bin,none,7,1,106 52 131 159 167 53 189 128
layer_15.bin,none,6,2,248 177 213 54 250 233 204 33
layer_16.bin,none,7,1,252 170 243 26 134 152 36 0
layer_17.bin,none,7,1,242 20 216 142 230 88 115 198
layer_18.bin,none,7,1,69 192 226 2 63 197 201 203
layer_19.bin,none,7,1,75 228 229 70 56 30 51 226
layer_20.bin,none,8,0,80 35 110 185 191 159 179 72
layer_21.bin,none,6,2,47 215 198 73 184 197 169 232
layer_22.bin,none,5,3,9 88 0 157 118 215 187 234
layer_23.bin,none,6,2,111 3 15 116 181 249 106 158
layer_24.bin,none,4,4,220 39 145 3 15 225 103 102
layer_25.bin,none,7,1,20 37 206 112 13 185 231 32
layer_26.bin,none,6,2,86 106 52 118 53 137 200 181
layer_27.bin,none,5,3,172 177 166 217 162 248 27 34
layer_28.bin,none,7,1,111 134 152 230 163 252 170 246
layer_29.bin,none,5,3,20 242 49 21 221 69 216 142
layer_30.bin,none,6,2,197 201 204 250 192 44 155 24
layer_31.bin,none,6,2,191 26 135 30 167 56 242 89
layer_32.bin,none,3,5,146 19 247 178 90 86 44 244
layer_33.bin,none,4,4,189 97 75 74 181 205 37 220
layer_34.bin,none,4,4,191 1 255 212 177 108 40 238
layer_35.bin,none,3,5,43 190 21 97 64 49 0 77
layer_36.bin,none,3,5,124 234 98 19 165 171 101 227
layer_37.bin,none,5,3,229 58 61 175 115 123 250 66
layer_38.bin,none,7,1,92 0 35 180 191 17 5 62
layer_39.bin,none,4,4,189 197 168 129 179 235 106 6
layer_00.bin,none,0,8,101 35 34 197 179 79 9 48
layer_01.bin,none,6,2,155 62 47 97 146 75 70 27
layer_02.bin,none,4,4,43 109 210 97 120 39 160 251
layer_03.bin,none,7,1,226 230 26 236 233 211 37 129
layer_04.bin,none,6,2,200 15 241 102 142 105 108 61
layer_05.bin,none,5,3,188 158 220 236 90 43 69 73
layer_06.bin,none,7,1,157 182 14 79 133 39 196 52
layer_07.bin,none,7,1,76 171 36 35 23 229 64 169
layer_08.bin,none,8,0,35 239 110 57 179 116 52 159
layer_09.bin,none,5,3,197 203 180 198 47 169 29 84
layer_10.bin,none,5,3,88 167 157 76 234 39 182 247
layer_11.bin,none,3,5,111 42 81 188 107 213 106 249
layer_12.bin,none,5,3,39 220 193 134 3 41 253 164
layer_13.bin,none,6,2,112 154 44 29 3 210 138 37
layer_14.bin,none,4,4,52 229 106 86 131 118 87 207
layer_15.bin,none,6,2,166 213 172 177 162 148 36 228
layer_16.bin,none,8,0,243 152 26 170 92 252 134 174
layer_17.bin,none,7,1,242 20 5 149 241 115 198 35
layer_18.bin,none,7,1,170 192 197 131 226 13 97 126
layer_19.bin,none,7,1,229 51 75 167 26 72 56 173
layer_20.bin,none,7,1,179 239 191 35 237 195 185 80
layer_21.bin,none,4,4,203 180 169 208 120 47 6 141
layer_22.bin,none,4,4,88 76 126 240 247 238 227 78
layer_23.bin,none,3,5,39 111 181 188 34 205 87 3
layer_24.bin,none,4,4,142 39 220 91 70 253 174 41
layer_25.bin,none,5,3,112 13 206 5 210 211 119 35
layer_26.bin,none,5,3,118 229 149 86 64 215 223 106
layer_27.bin,none,5,3,166 72 228 172 126 127 2 177
layer_28.bin,none,6,2,61 243 134 152 165 111 170 92
layer_29.bin,none,5,3,5 29 242 28 102 20 251 168
layer_30.bin,none,7,1,170 192 169 197 97 201 44 24
layer_31.bin,none,5,3,229 135 191 167 188 150 51 153
layer_32.bin,none,5,3,98 178 158 90 206 194 52 247
layer_33.bin,none,7,1,126 190 83 137 220 39 40 195
layer_34.bin,none,6,2,116 1 176 51 141 87 21 189
layer_35.bin,none,7,1,224 66 97 12 6 76 64 130
layer_36.bin,none,4,4,70 166 149 171 165 136 124 220
layer_37.bin,none,5,3,65 58 115 234 147 61 123 19
layer_38.bin,none,5,3,92 148 93 254 31 18 62 82
layer_39.bin,none,7,1,2 189 242 38 235 6 78 253
layer_00.bin,none,3,5,141 190 235 115 208 81 221 158
layer_01.bin,none,7,1,217 62 182 155 70 152 146 93
layer_02.bin,none,5,3,43 95 109 167 121 255 106 128
layer_03.bin,none,3,5,117 35 34 128 37 106 187 226
layer_04.bin,none,5,3,54 142 222 102 95 236 45 15
layer_05.bin,none,7,1,90 188 43 135 65 158 47 71
layer_06.bin,none,8,0,157 182 14 79 138 153 196 143
layer_07.bin,none,8,0,117 229 23 123 36 64 147 76
layer_08.bin,none,8,0,116 104 239 52 180 110 179 4
layer_09.bin,none,6,2,116 191 197 169 239 208 171 203
layer_10.bin,none,6,2,88 125 157 65 198 247 36 120
layer_11.bin,none,6,2,111 233 128 108 81 206 86 160
layer_12.bin,none,7,1,93 193 220 134 60 39 128 85
layer_13.bin,none,5,3,134 154 112 32 44 103 74 105
layer_14.bin,none,8,0,52 229 51 189 125 88 86 137
layer_15.bin,none,7,1,148 162 172 165 204 58 243 242
layer_16.bin,none,6,2,134 252 243 61 92 43 170 238
layer_17.bin,none,8,0,198 250 87 5 20 241 0 149
layer_18.bin,none,7,1,170 197 163 204 201 226 134 13
layer_19.bin,none,8,0,116 109 75 167 56 195 20 36
layer_20.bin,none,8,0,239 179 137 185 191 116 237 99
layer_21.bin,none,7,1,116 191 239 169 203 47 197 194
layer_22.bin,none,7,1,247 125 88 36 65 120 203 198
layer_23.bin,none,7,1,181 86 39 111 128 206 106 188
layer_24.bin,none,5,3,85 93 220 142 145 235 0 54
layer_25.bin,none,6,2,112 134 103 138 105 32 5 185
layer_26.bin,none,7,1,149 86 10 88 229 52 51 137
layer_27.bin,none,7,1,172 162 165 58 87 31 181 217
layer_28.bin,none,7,1,43 134 238 61 150 152 111 92
layer_29.bin,none,6,2,5 87 0 20 250 153 241 72
layer_30.bin,none,8,0,170 163 197 201 226 43 161 44
layer_31.bin,none,7,1,116 167 20 109 63 26 191 166
layer_32.bin,none,6,2,90 223 252 119 53 178 226 240
layer_33.bin,none,6,2,83 93 210 129 32 220 16 85
layer_34.bin,none,6,2,1 186 82 132 26 74 85 51
layer_35.bin,none,6,2,72 84 27 42 160 57 135 139
layer_36.bin,none,4,4,222 192 83 20 70 22 98 102
layer_37.bin,none,5,3,88 229 39 149 182 166 116 58
layer_38.bin,none,3,5,64 151 193 134 200 202 5 180
layer_39.bin,none,2,6,186 190 142 222 19 11 151 6
layer_00.bin,none,3,5,193 38 167 54 44 112 94 238
layer_01.bin,none,5,3,62 140 217 117 122 105 152 70
layer_02.bin,none,7,1,167 43 106 72 153 121 20 173
layer_03.bin,none,7,1,236 26 117 91 230 226 34 128
layer_04.bin,none,3,5,144 54 205 61 5 213 90 58
layer_05.bin,none,6,2,188 158 239 90 220 198 160 177
layer_06.bin,none,5,3,157 86 14 182 89 179 207 254
layer_07.bin,none,7,1,199 9 176 230 100 109 219 140
layer_08.bin,none,7,1,189 136 239 35 46 91 106 56
layer_09.bin,none,5,3,203 223 108 242 209 235 116 88
layer_10.bin,none,5,3,240 63 76 43 126 239 71 88
layer_11.bin,none,6,2,111 239 42 100 88 12 170 176
layer_12.bin,none,4,4,170 3 100 208 53 134 146 117
layer_13.bin,none,6,2,39 112 154 242 110 5 88 128
layer_14.bin,none,8,0,252 105 255 52 138 5 160 47
layer_15.bin,none,8,0,230 151 161 4 85 181 220 3
layer_16.bin,none,7,1,51 214 71 26 169 74 121 143
layer_17.bin,none,8,0,60 28 31 115 53 35 123 158
layer_18.bin,none,8,0,150 192 16 226 205 106 232 114
layer_19.bin,none,7,1,4 245 223 100 8 108 79 86
layer_20.bin,none,5,3,56 189 136 46 107 103 81 203
layer_21.bin,none,8,0,72 108 61 8 223 197 155 196
layer_22.bin,none,7,1,31 160 231 63 26 53 57 239
layer_23.bin,none,6,2,80 111 100 28 176 217 202 170
layer_24.bin,none,5,3,170 237 139 135 102 117 239 180
layer_25.bin,none,7,1,39 62 88 128 246 229 79 70
layer_26.bin,none,7,1,252 76 52 57 255 192 138 152
layer_27.bin,none,6,2,230 151 69 83 254 233 161 144
layer_28.bin,none,6,2,214 169 74 26 31 92 215 204
layer_29.bin,none,6,2,150 31 60 246 5 53 39 171
layer_30.bin,none,7,1,172 3 192 226 61 150 180 111
layer_31.bin,none,7,1,166 154 24 167 238 191 229 153
layer_32.bin,none,8,0,223 178 206 127 158 252 119 176
layer_33.bin,none,8,0,83 32 129 74 195 93 220 241
layer_34.bin,none,5,3,186 1 176 116 169 87 141 201
layer_35.bin,none,8,0,224 97 12 6 66 244 76 40
layer_36.bin,none,6,2,70 129 136 83 102 98 34 165
layer_37.bin,none,7,1,58 147 57 66 115 87 225 145
layer_38.bin,none,7,1,92 148 84 31 157 168 254 79
layer_39.bin,none,7,1,189 242 38 78 235 2 61 95
layer_00.bin,none,8,0,43 238 112 173 30 200 193 54
layer_01.bin,none,7,1,217 62 146 140 182 70 155 46
layer_02.bin,none,8,0,72 167 43 217 121 11 20 49
layer_03.bin,none,8,0,226 117 236 233 26 230 199 106
layer_04.bin,none,6,2,54 193 61 144 45 58 165 205
layer_05.bin,none,7,1,90 188 43 135 158 205 65 145
layer_06.bin,none,6,2,157 14 182 65 89 143 15 122
layer_07.bin,none,4,4,176 70 117 76 229 47 204 22
layer_08.bin,none,7,1,239 35 179 116 110 104 52 185
layer_09.bin,none,6,2,197 191 169 180 116 255 126 208
layer_10.bin,none,6,2,88 76 157 126 39 238 247 125
layer_11.bin,none,5,3,111 39 224 213 239 41 249 42
layer_12.bin,none,6,2,16 0 39 220 62 193 134 53
layer_13.bin,none,8,0,112 138 103 44 3 211 149 251
layer_14.bin,none,7,1,52 86 106 118 229 57 200 71
layer_15.bin,none,5,3,166 213 162 172 46 168 56 36
layer_16.bin,none,7,1,243 170 252 26 152 92 134 246
layer_17.bin,none,6,2,5 20 242 241 243 166 127 115
layer_18.bin,none,6,2,192 131 226 170 197 169 2 105
layer_19.bin,none,6,2,51 229 167 75 72 109 243 86
layer_20.bin,none,8,0,239 179 191 247 110 107 185 35
layer_21.bin,none,8,0,120 116 191 180 203 169 141 47
layer_22.bin,none,6,2,157 88 76 126 240 236 238 247
layer_23.bin,none,5,3,39 111 181 188 140 3 224 49
layer_24.bin,none,6,2,220 39 154 142 208 225 16 22
layer_25.bin,none,6,2,112 211 138 206 13 6 253 130
layer_26.bin,none,7,1,118 86 106 52 167 252 149 139
layer_27.bin,none,4,4,172 233 166 46 72 122 2 29
layer_28.bin,none,8,0,43 170 61 243 26 111 165 152
layer_29.bin,none,6,2,5 29 102 28 242 20 187 60
layer_30.bin,none,4,4,192 170 169 97 226 131 220 68
layer_31.bin,none,5,3,229 135 167 51 188 30 96 120
layer_32.bin,none,6,2,223 158 178 206 194 247 107 44
layer_33.bin,none,8,0,190 83 40 74 16 41 220 137
layer_34.bin,none,8,0,116 176 1 141 186 34 87 21
layer_35.bin,none,7,1,224 244 6 12 214 76 97 212
layer_36.bin,none,8,0,70 239 129 34 136 116 166 104
layer_37.bin,none,7,1,58 147 57 225 115 145 87 209
layer_38.bin,none,6,2,92 148 79 84 74 160 4 157
layer_39.bin,none,6,2,189 2 242 38 78 213 36 69
layer_00.bin,none,4,4,86 41 70 2 16 66 223 60
layer_01.bin,none,2,6,124 191 86 19 118 237 125 242
layer_02.bin,none,7,1,188 139 79 60 49 193 11 255
layer_03.bin,none,6,2,101 11 207 25 154 157 159 177
layer_04.bin,none,5,3,154 149 244 88 192 4 54 78
layer_05.bin,none,7,1,213 115 2 62 170 250 120 151
layer_06.bin,none,7,1,157 14 49 79 171 39 156 96
layer_07.bin,none,8,0,32 199 76 100 9 35 169 61
layer_08.bin,none,7,1,157 216 56 107 164 136 189 220
layer_09.bin,none,8,0,120 5 197 8 47 44 198 223
layer_10.bin,none,8,0,17 63 234 117 40 122 232 157
layer_11.bin,none,3,5,111 209 164 50 151 194 137 14
layer_12.bin,none,6,2,166 39 16 237 208 134 185 3
layer_13.bin,none,6,2,251 210 13 115 74 20 154 137
layer_14.bin,none,6,2,52 106 118 196 131 167 160 139
layer_15.bin,none,6,2,116 213 233 35 33 4 130 162
layer_16.bin,none,7,1,243 170 252 51 138 152 92 20
layer_17.bin,none,7,1,242 20 115 78 158 28 101 198
layer_18.bin,none,7,1,192 226 130 237 2 13 72 10
layer_19.bin,none,6,2,229 173 206 75 228 4 70 26
layer_20.bin,none,7,1,247 157 107 110 191 116 242 10
layer_21.bin,none,7,1,22 5 44 197 87 208 47 141
layer_22.bin,none,8,0,17 63 78 122 109 19 234 240
layer_23.bin,none,5,3,209 99 111 194 3 164 50 14
layer_24.bin,none,6,2,39 166 210 142 50 103 73 22
layer_25.bin,none,5,3,13 115 211 210 251 130 137 20
layer_26.bin,none,4,4,196 52 106 200 167 86 95 107
layer_27.bin,none,5,3,35 130 233 116 122 254 33 127
layer_28.bin,none,7,1,138 243 170 201 26 50 51 56
layer_29.bin,none,6,2,78 28 242 20 187 251 101 115
layer_30.bin,none,6,2,192 237 130 13 97 104 24 201
layer_31.bin,none,6,2,229 135 24 70 14 146 96 30
layer_32.bin,none,7,1,173 19 178 14 75 206 197 30
layer_33.bin,none,6,2,5 161 103 59 18 74 136 241
layer_34.bin,none,6,2,11 227 166 191 108 141 189 18
layer_35.bin,none,7,1,97 43 76 210 244 214 77 64
layer_36.bin,none,6,2,48 148 251 73 165 55 144 129
layer_37.bin,none,5,3,165 162 108 152 57 55 160 19
layer_38.bin,none,6,2,132 124 73 180 191 254 62 143
layer_39.bin,none,4,4,120 77 27 107 253 235 166 100
layer_00.bin,none,4,4,199 175 134 155 161 67 36 124
layer_01.bin,none,4,4,234 32 185 16 101 157 49 230
layer_02.bin,none,8,0,56 71 83 43 75 77 235 158
layer_03.bin,none,5,3,213 105 49 207 218 237 113 39
layer_04.bin,none,6,2,154 44 43 160 41 0 51 221
layer_05.bin,none,7,1,236 23 151 2 141 115 170 250
layer_06.bin,none,8,0,157 49 57 161 39 79 86 14
layer_07.bin,none,8,0,199 100 223 9 7 79 32 76
layer_08.bin,none,8,0,247 56 107 189 63 136 220 191
layer_09.bin,none,7,1,22 197 44 8 223 5 87 208
layer_10.bin,none,7,1,63 19 9 234 232 40 222 122
layer_11.bin,none,7,1,111 202 59 85 54 209 137 186
layer_12.bin,none,8,0,208 3 210 39 239 237 207 203
layer_13.bin,none,7,1,13 137 154 39 37 123 190 130
layer_14.bin,none,7,1,52 146 252 131 160 125 105 75
layer_15.bin,none,8,0,233 177 213 4 33 162 92 151
layer_16.bin,none,7,1,51 71 26 170 243 152 193 252
layer_17.bin,none,8,0,20 35 115 164 15 60 78 28
layer_18.bin,none,8,0,192 250 226 205 13 130 126 2
layer_19.bin,none,6,2,4 75 70 85 252 26 229 28
layer_20.bin,none,6,2,247 107 56 191 121 136 179 57
layer_21.bin,none,8,0,22 197 44 131 208 151 5 87
layer_22.bin,none,5,3,63 19 122 234 232 242 216 28
layer_23.bin,none,7,1,111 85 59 202 194 220 158 14
layer_24.bin,none,5,3,39 210 50 103 11 157 20 73
layer_25.bin,none,7,1,13 101 137 130 211 19 28 210
layer_26.bin,none,8,0,52 86 196 137 106 171 155 252
layer_27.bin,none,7,1,33 233 177 130 8 122 28 54
layer_28.bin,none,5,3,190 170 193 243 26 102 82 111
layer_29.bin,none,6,2,164 21 88 20 242 94 28 35
layer_30.bin,none,6,2,250 192 63 162 197 97 13 88
layer_31.bin,none,6,2,135 229 228 30 96 34 146 151
layer_32.bin,none,5,3,76 179 162 140 125 178 254 30
layer_33.bin,none,7,1,56 234 75 95 5 133 11 49
layer_34.bin,none,7,1,191 72 44 240 238 189 169 195
layer_35.bin,none,8,0,97 190 148 76 217 12 61 185
layer_36.bin,none,3,5,227 142 19 39 115 93 116 171
layer_37.bin,none,4,4,78 126 16 65 80 25 169 113
layer_38.bin,none,5,3,119 169 254 35 191 93 46 88
layer_39.bin,none,2,6,122 117 158 129 235 80 97 139
layer_00.bin,none,3,5,190 141 235 208 221 253 115 81
layer_01.bin,none,7,1,47 155 46 62 146 182 93 11
layer_02.bin,none,3,5,210 249 109 247 88 242 17 164
layer_03.bin,none,3,5,37 235 187 231 230 84 133 83
layer_04.bin,none,6,2,15 142 236 67 222 102 95 214
layer_05.bin,none,6,2,235 90 236 193 186 188 151 231
layer_06.bin,none,7,1,157 79 14 215 167 153 156 196
layer_07.bin,none,7,1,76 176 171 35 36 23 64 116
layer_08.bin,none,8,0,56 247 52 33 116 107 57 110
layer_09.bin,none,7,1,126 197 116 94 228 29 47 22
layer_10.bin,none,6,2,198 248 234 76 169 63 247 70
layer_11.bin,none,4,4,111 36 99 189 107 145 174 73
layer_12.bin,none,5,3,39 93 74 63 160 26 65 134
layer_13.bin,none,8,0,154 66 43 33 210 13 37 130
layer_14.bin,none,8,0,52 106 51 137 86 160 224 125
layer_15.bin,none,8,0,162 213 148 165 87 181 4 204
layer_16.bin,none,8,0,243 170 252 5 152 156 174 51
layer_17.bin,none,7,1,20 242 250 115 149 225 64 226
layer_18.bin,none,8,0,192 226 57 179 128 13 2 197
layer_19.bin,none,6,2,12 229 75 130 116 109 120 173
layer_20.bin,none,8,0,179 191 56 107 110 33 80 237
layer_21.bin,none,7,1,126 116 47 197 191 29 164 131
layer_22.bin,none,4,4,198 76 248 169 247 210 78 240
layer_23.bin,none,3,5,36 189 111 50 172 196 87 86
layer_24.bin,none,4,4,74 103 63 93 26 15 39 44
layer_25.bin,none,5,3,61 33 147 104 43 210 206 134
layer_26.bin,none,6,2,118 86 147 20 148 51 124 137
layer_27.bin,none,6,2,72 200 162 181 81 34 217 127
layer_28.bin,none,4,4,43 151 243 255 133 170 50 134
layer_29.bin,none,4,4,57 29 87 76 72 242 0 250
layer_30.bin,none,4,4,163 88 179 44 85 133 24 105
layer_31.bin,none,7,1,116 12 109 191 167 20 52 229
layer_32.bin,none,4,4,223 119 178 181 90 44 54 180
layer_33.bin,none,5,3,93 83 129 32 137 239 236 98
layer_34.bin,none,5,3,82 108 74 245 132 199 1 189
layer_35.bin,none,2,6,27 225 231 58 203 248 33 209
layer_36.bin,none,2,6,222 199 165 75 29 80 101 192
layer_37.bin,none,1,7,234 71 54 141 36 61 133 85
layer_38.bin,none,6,2,64 140 125 193 177 239 254 191
layer_39.bin,none,1,7,186 190 208 24 185 234 222 19
layer_00.bin,none,5,3,193 38 54 167 44 94 30 112
layer_01.bin,none,4,4,47 46 122 105 117 140 188 152
layer_02.bin,none,4,4,128 121 222 53 158 16 241 242
layer_03.bin,none,6,2,26 230 233 236 117 226 78 143
layer_04.bin,none,5,3,67 144 81 61 15 244 245 45
layer_05.bin,none,4,4,90 188 47 43 109 158 229 214
layer_06.bin,none,7,1,215 143 60 79 131 157 89 14
layer_07.bin,none,8,0,176 76 70 65 117 171 229 9
layer_08.bin,none,6,2,33 239 116 179 210 110 93 237
layer_09.bin,none,7,1,126 132 191 116 197 169 198 113
layer_10.bin,none,2,6,248 76 115 166 191 182 82 212
layer_11.bin,none,2,6,36 133 111 233 149 215 51 224
layer_12.bin,none,3,5,39 212 85 98 87 93 253 134
layer_13.bin,none,5,3,33 138 104 210 112 2 3 142
layer_14.bin,none,7,1,147 118 86 52 106 57 200 47
layer_15.bin,none,4,4,166 213 228 127 131 162 56 168
layer_16.bin,none,7,1,243 156 151 170 252 152 174 26
layer_17.bin,none,8,0,57 5 242 20 110 115 226 149
layer_18.bin,none,6,2,131 192 128 169 226 61 44 13
layer_19.bin,none,7,1,229 12 51 120 72 167 75 228
layer_20.bin,none,7,1,239 191 80 179 33 107 81 185
layer_21.bin,none,7,1,126 116 120 191 141 47 132 208
layer_22.bin,none,7,1,240 161 63 248 238 157 76 126
layer_23.bin,none,6,2,36 111 181 140 188 3 39 253
layer_24.bin,none,5,3,39 220 41 103 22 142 188 225
layer_25.bin,none,7,1,13 33 206 6 210 114 104 211
layer_26.bin,none,7,1,86 118 147 52 229 149 106 64
layer_27.bin,none,6,2,72 166 127 2 233 172 46 126
layer_28.bin,none,8,0,156 43 243 170 26 134 61 111
layer_29.bin,none,6,2,5 57 242 29 28 102 175 186
layer_30.bin,none,4,4,192 128 44 97 244 226 132 169
layer_31.bin,none,7,1,229 167 12 191 135 150 242 51
layer_32.bin,none,6,2,223 178 158 206 194 119 34 6
layer_33.bin,none,7,1,83 190 137 41 73 74 246 136
layer_34.bin,none,6,2,186 116 1 108 199 245 169 201
layer_35.bin,none,4,4,97 224 6 0 232 130 225 137
layer_36.bin,none,4,4,70 102 224 199 171 116 149 124
layer_37.bin,none,2,6,58 62 85 180 176 96 194 125
layer_38.bin,none,6,2,92 140 147 112 191 62 31 233
layer_39.bin,none,3,5,238 189 223 67 133 169 56 235
layer_00.bin,none,7,1,43 238 112 30 173 193 200 58
layer_01.bin,none,6,2,46 47 188 146 62 177 181 155
layer_02.bin,none,5,3,72 20 186 222 140 128 167 102
layer_03.bin,none,7,1,233 117 236 26 103 226 230 78
layer_04.bin,none,4,4,193 144 67 199 62 20 61 140
layer_05.bin,none,2,6,145 220 230 85 255 188 106 239
layer_06.bin,none,2,6,118 89 98 96 137 145 179 230
layer_07.bin,none,6,2,9 176 199 230 165 206 100 109
layer_08.bin,none,6,2,189 107 136 239 106 46 254 37
layer_09.bin,none,6,2,126 223 122 86 138 248 154 113
layer_10.bin,none,4,4,240 76 115 63 179 145 231 118
layer_11.bin,none,4,4,111 42 51 90 41 12 176 196
layer_12.bin,none,5,3,170 117 208 3 102 124 104 239
layer_13.bin,none,5,3,39 234 154 242 37 130 128 5
layer_14.bin,none,8,0,146 52 255 252 5 138 39 47
layer_15.bin,none,8,0,161 230 177 220 151 4 210 3
layer_16.bin,none,6,2,214 71 51 26 121 95 118 42
layer_17.bin,none,8,0,115 60 123 35 31 202 229 70
layer_18.bin,none,8,0,150 16 106 192 205 114 104 226
layer_19.bin,none,6,2,4 79 146 223 255 8 252 86
layer_20.bin,none,7,1,56 189 136 107 46 247 96 103
layer_21.bin,none,7,1,223 8 72 61 108 197 141 117
layer_22.bin,none,5,3,26 119 160 231 63 50 158 129
layer_23.bin,none,6,2,80 28 111 100 250 176 51 41
layer_24.bin,none,6,2,170 239 167 100 32 188 238 56
layer_25.bin,none,5,3,39 77 211 5 234 13 237 108
layer_26.bin,none,4,4,138 255 197 119 252 136 52 146
layer_27.bin,none,6,2,177 83 69 225 168 254 230 27
layer_28.bin,none,6,2,214 26 248 74 175 66 134 210
layer_29.bin,none,7,1,246 171 53 168 31 35 186 127
layer_30.bin,none,7,1,104 44 94 60 192 150 201 180
layer_31.bin,none,5,3,238 24 191 229 10 255 148 204
layer_32.bin,none,7,1,127 223 66 158 206 178 52 230
layer_33.bin,none,7,1,246 190 136 74 195 140 241 41
layer_34.bin,none,7,1,116 87 169 108 201 245 104 199
layer_35.bin,none,8,0,224 6 97 12 130 244 0 214
layer_36.bin,none,6,2,199 70 116 224 239 171 7 65
layer_37.bin,none,8,0,58 165 225 85 57 180 125 61
layer_38.bin,none,8,0,92 148 140 62 31 180 112 147
layer_39.bin,none,7,1,2 189 242 223 22 67 38 24
layer_00.bin,none,5,3,222 28 81 2 41 191 71 76
layer_01.bin,none,5,3,245 47 143 125 182 153 69 204
layer_02.bin,none,4,4,193 79 188 93 60 78 208 76
layer_03.bin,none,4,4,243 36 215 39 78 223 61 251
layer_04.bin,none,6,2,137 149 154 41 197 178 207 43
layer_05.bin,none,6,2,16 177 120 105 235 133 91 248
layer_06.bin,none,6,2,86 168 49 48 157 1 233 161
layer_07.bin,none,7,1,9 100 8 167 255 230 109 219
layer_08.bin,none,6,2,136 189 46 63 119 68 106 107
layer_09.bin,none,6,2,223 234 8 242 44 65 196 204
layer_10.bin,none,7,1,146 119 5 122 63 232 239 117
layer_11.bin,none,7,1,231 100 59 170 37 111 137 157
layer_12.bin,none,7,1,208 170 166 222 210 135 172 19
layer_13.bin,none,8,0,39 13 185 110 19 128 211 249
layer_14.bin,none,7,1,192 152 138 255 5 252 76 153
layer_15.bin,none,8,0,230 151 216 161 222 3 197 210
layer_16.bin,none,7,1,214 82 33 51 53 121 71 42
layer_17.bin,none,8,0,31 158 19 115 28 123 225 53
layer_18.bin,none,8,0,219 150 114 231 192 106 221 250
layer_19.bin,none,7,1,247 146 173 70 213 8 67 108
layer_20.bin,none,7,1,136 189 46 107 56 215 9 153
layer_21.bin,none,5,3,44 8 223 242 167 196 52 234
layer_22.bin,none,5,3,146 122 63 57 239 135 174 5
layer_23.bin,none,7,1,231 100 37 194 111 70 170 59
layer_24.bin,none,6,2,210 50 170 166 103 172 217 135
layer_25.bin,none,8,0,39 13 0 211 62 154 210 185
layer_26.bin,none,6,2,196 192 46 171 195 142 86 152
layer_27.bin,none,5,3,35 130 216 230 233 151 128 112
layer_28.bin,none,7,1,243 56 59 214 26 248 163 254
layer_29.bin,none,7,1,19 225 31 28 53 186 25 242
layer_30.bin,none,6,2,219 192 143 150 129 114 151 97
layer_31.bin,none,6,2,247 229 173 146 52 150 89 191
layer_32.bin,none,6,2,85 19 173 14 38 28 57 63
layer_33.bin,none,6,2,68 133 246 74 5 203 136 103
layer_34.bin,none,6,2,18 166 191 11 108 46 143 48
layer_35.bin,none,7,1,117 6 97 114 43 12 136 225
layer_36.bin,none,6,2,37 48 44 125 116 29 140 124
layer_37.bin,none,6,2,240 55 165 162 152 126 207 3
layer_38.bin,none,6,2,185 173 254 140 191 62 115 99
layer_39.bin,none,5,3,44 235 107 77 253 47 22 167
layer_00.bin,none,3,5,13 204 199 159 161 69 116 178
layer_01.bin,none,5,3,69 23 49 44 245 174 246 120
layer_02.bin,none,2,6,122 38 78 26 130 186 102 155
layer_03.bin,none,4,4,12 197 204 207 51 206 52 125
layer_04.bin,none,6,2,137 221 148 154 60 44 51 41
layer_05.bin,none,7,1,133 115 177 16 105 248 2 167
layer_06.bin,none,6,2,49 86 161 1 157 48 82 123
layer_07.bin,none,8,0,167 199 9 8 100 7 152 219
layer_08.bin,none,7,1,136 189 107 46 63 7 37 119
layer_09.bin,none,7,1,223 8 234 44 204 61 182 108
layer_10.bin,none,7,1,63 122 57 235 9 232 117 239
layer_11.bin,none,8,0,220 59 111 170 100 194 85 231
layer_12.bin,none,7,1,208 210 170 135 222 19 255 217
layer_13.bin,none,8,0,39 13 210 137 185 47 110 190
layer_14.bin,none,8,0,52 5 192 160 252 105 138 171
layer_15.bin,none,7,1,213 216 233 230 130 151 210 220
layer_16.bin,none,8,0,51 214 243 71 26 121 152 82
layer_17.bin,none,8,0,115 21 158 28 31 225 35 242
layer_18.bin,none,8,0,250 192 114 150 226 205 16 106
layer_19.bin,none,6,2,146 4 139 229 85 70 173 27
layer_20.bin,none,8,0,121 136 56 107 242 46 7 189
layer_21.bin,none,8,0,44 223 8 197 131 208 141 167
layer_22.bin,none,7,1,63 122 57 146 135 137 242 133
layer_23.bin,none,8,0,220 194 111 85 59 70 231 222
layer_24.bin,none,4,4,50 210 103 115 38 185 253 153
layer_25.bin,none,6,2,101 13 211 210 240 0 77 215
layer_26.bin,none,7,1,86 171 196 52 53 155 142 64
layer_27.bin,none,6,2,130 27 8 128 28 233 177 35
layer_28.bin,none,6,2,26 190 243 102 210 219 193 254
layer_29.bin,none,5,3,225 21 94 88 242 19 20 148
layer_30.bin,none,6,2,250 192 97 197 162 99 63 244
layer_31.bin,none,5,3,135 52 191 229 234 146 82 149
layer_32.bin,none,6,2,76 140 85 146 179 3 125 57
layer_33.bin,none,6,2,56 181 75 139 203 95 90 137
layer_34.bin,none,5,3,191 195 72 73 108 46 40 8
layer_35.bin,none,6,2,97 185 21 217 6 76 148 65
layer_36.bin,none,3,5,124 125 226 76 16 171 80 142
layer_37.bin,none,5,3,65 101 126 78 16 152 169 194
layer_38.bin,none,4,4,169 140 35 159 61 93 8 62
layer_39.bin,none,3,5,117 129 122 235 253 179 163 225
layer_00.bin,none,5,3,190 141 208 235 221 158 81 253
layer_01.bin,none,6,2,47 46 155 93 182 97 197 11
layer_02.bin,none,3,5,38 210 17 4 88 109 242 25
layer_03.bin,none,4,4,37 235 187 231 77 84 230 12
layer_04.bin,none,6,2,15 214 236 142 95 102 67 128
layer_05.bin,none,5,3,235 224 151 186 90 188 231 193
layer_06.bin,none,8,0,215 157 79 14 196 156 161 54
layer_07.bin,none,8,0,199 176 147 116 76 23 64 100
layer_08.bin,none,6,2,56 107 164 52 33 57 105 84
layer_09.bin,none,5,3,126 228 197 116 29 94 35 115
layer_10.bin,none,7,1,198 248 63 247 169 234 124 41
layer_11.bin,none,7,1,111 174 194 36 189 178 145 136
layer_12.bin,none,7,1,160 39 210 3 115 74 93 87
layer_13.bin,none,7,1,154 13 210 47 33 77 130 43
layer_14.bin,none,7,1,52 137 155 106 160 86 51 224
layer_15.bin,none,8,0,213 148 181 162 4 220 130 85
layer_16.bin,none,7,1,152 51 243 170 5 252 26 111
layer_17.bin,none,6,2,242 115 20 250 35 255 225 124
layer_18.bin,none,7,1,192 57 13 226 205 197 105 97
layer_19.bin,none,6,2,229 75 12 139 130 4 195 10
layer_20.bin,none,7,1,56 179 191 107 195 115 33 72
layer_21.bin,none,8,0,126 44 131 197 208 116 29 141
layer_22.bin,none,4,4,198 76 70 234 23 168 169 231
layer_23.bin,none,4,4,111 173 136 243 196 189 188 178
layer_24.bin,none,6,2,242 103 160 74 38 15 115 39
layer_25.bin,none,4,4,61 189 13 104 130 114 210 2
layer_26.bin,none,5,3,50 86 229 211 92 136 137 171
layer_27.bin,none,4,4,126 83 189 29 72 168 27 229
layer_28.bin,none,3,5,151 255 43 243 23 93 210 208
layer_29.bin,none,3,5,57 134 127 25 30 68 160 106
layer_30.bin,none,5,3,85 163 239 94 201 60 44 133
layer_31.bin,none,6,2,116 12 204 191 221 153 235 238
layer_32.bin,none,4,4,223 119 160 181 54 15 44 35
layer_33.bin,none,5,3,93 137 210 32 83 173 144 236
layer_34.bin,none,5,3,82 108 199 231 74 8 228 211
layer_35.bin,none,2,6,225 27 231 174 241 52 81 164
layer_36.bin,none,3,5,222 212 29 159 165 62 199 51
layer_37.bin,none,1,7,24 141 54 234 202 133 36 245
layer_38.bin,none,4,4,140 193 64 25 125 239 134 159
layer_39.bin,none,4,4,186 190 162 208 19 235 22 6
layer_00.bin,none,6,2,38 193 54 44 167 30 112 94
layer_01.bin,none,4,4,46 47 105 122 117 140 188 201
layer_02.bin,none,2,6,128 241 186 53 245 38 19 176
layer_03.bin,none,6,2,26 230 233 236 103 143 78 118
layer_04.bin,none,4,4,67 81 144 245 61 244 248 45
layer_05.bin,none,5,3,90 188 224 109 214 43 47 235
layer_06.bin,none,5,3,215 60 143 131 54 96 214 156
layer_07.bin,none,7,1,176 76 70 117 65 229 9 254
layer_08.bin,none,4,4,33 239 116 179 93 24 210 21
layer_09.bin,none,7,1,126 132 191 116 197 113 154 35
layer_10.bin,none,3,5,248 191 211 238 212 182 175 76
layer_11.bin,none,2,6,36 111 133 233 74 246 57 102
layer_12.bin,none,6,2,160 242 87 39 85 93 144 255
layer_13.bin,none,4,4,33 210 104 138 61 154 152 153
layer_14.bin,none,8,0,147 50 52 86 118 106 229 160
layer_15.bin,none,5,3,166 189 213 127 2 131 89 228
layer_16.bin,none,6,2,243 156 26 152 151 51 255 170
layer_17.bin,none,8,0,57 242 110 20 5 115 35 28
layer_18.bin,none,7,1,128 131 192 13 61 226 97 105
layer_19.bin,none,7,1,12 229 120 139 72 51 75 167
layer_20.bin,none,5,3,237 81 174 33 138 179 168 56
layer_21.bin,none,7,1,126 116 132 44 141 208 169 230
layer_22.bin,none,4,4,76 248 238 240 231 126 227 166
layer_23.bin,none,7,1,36 188 87 51 111 133 243 181
layer_24.bin,none,4,4,242 41 68 174 103 144 188 85
layer_25.bin,none,7,1,13 104 33 210 119 114 206 189
layer_26.bin,none,6,2,147 86 229 50 57 200 149 81
layer_27.bin,none,6,2,72 127 46 29 126 139 168 89
layer_28.bin,none,6,2,243 156 255 163 66 23 213 248
layer_29.bin,none,6,2,57 5 242 29 171 127 251 53
layer_30.bin,none,6,2,192 128 234 24 105 106 34 52
layer_31.bin,none,5,3,229 12 10 188 191 148 167 100
layer_32.bin,none,5,3,223 6 158 178 227 206 54 3
layer_33.bin,none,6,2,136 137 41 223 190 74 173 88
layer_34.bin,none,7,1,116 186 245 108 169 199 248 46
layer_35.bin,none,5,3,97 6 231 225 130 248 241 107
layer_36.bin,none,3,5,199 59 102 159 65 144 252 224
layer_37.bin,none,2,6,62 160 85 176 180 24 152 232
layer_38.bin,none,6,2,140 43 115 159 233 147 193 245
layer_39.bin,none,5,3,238 235 97 223 189 67 109 60
layer_00.bin,none,7,1,43 30 112 238 173 200 140 58
layer_01.bin,none,3,5,46 47 188 177 181 249 99 127
layer_02.bin,none,4,4,186 20 140 156 72 245 82 62
layer_03.bin,none,7,1,233 103 117 236 26 230 226 210
layer_04.bin,none,5,3,67 144 62 199 193 20 61 188
layer_05.bin,none,2,6,230 145 85 106 220 224 255 243
layer_06.bin,none,4,4,118 225 89 96 230 254 199 124
layer_07.bin,none,5,3,9 176 230 109 141 213 165 155
layer_08.bin,none,5,3,189 136 46 59 107 91 144 37
layer_09.bin,none,6,2,223 108 122 126 248 210 157 61
layer_10.bin,none,2,6,176 144 240 123 239 23 78 179
layer_11.bin,none,5,3,42 100 12 135 198 58 131 170
layer_12.bin,none,5,3,170 217 66 200 36 208 231 27
layer_13.bin,none,5,3,39 110 128 249 156 62 7 213
layer_14.bin,none,6,2,152 255 192 138 39 5 43 135
layer_15.bin,none,7,1,230 216 3 151 222 197 161 186
layer_16.bin,none,4,4,214 121 74 2 51 45 237 226
layer_17.bin,none,5,3,31 123 53 113 190 189 82 12
layer_18.bin,none,6,2,150 231 106 114 178 16 228 168
layer_19.bin,none,6,2,213 245 8 146 211 67 214 45
layer_20.bin,none,7,1,189 136 46 7 82 9 0 163
layer_21.bin,none,6,2,242 111 80 167 108 65 186 223
layer_22.bin,none,4,4,160 63 53 15 239 174 158 153
layer_23.bin,none,4,4,80 100 240 170 6 122 28 104
layer_24.bin,none,6,2,170 66 129 135 172 217 231 227
layer_25.bin,none,5,3,39 128 110 246 213 249 62 63
layer_26.bin,none,7,1,76 192 152 255 237 46 80 82
layer_27.bin,none,5,3,186 222 161 230 216 151 197 211
layer_28.bin,none,4,4,214 74 226 121 241 81 128 2
layer_29.bin,none,6,2,31 150 123 53 190 240 113 82
layer_30.bin,none,5,3,150 231 106 156 104 114 175 41
layer_31.bin,none,5,3,198 8 245 148 211 70 131 184
layer_32.bin,none,5,3,33 176 182 38 81 154 216 117
layer_33.bin,none,3,5,192 246 21 212 195 62 208 2
layer_34.bin,none,4,4,16 87 70 248 167 47 108 168
layer_35.bin,none,3,5,12 201 6 37 161 255 184 186
layer_36.bin,none,4,4,116 104 110 58 50 40 139 225
layer_37.bin,none,5,3,225 87 94 55 112 206 140 57
layer_38.bin,none,7,1,103 92 173 254 148 104 23 157
layer_39.bin,none,6,2,2 120 189 97 22 106 134 53
layer_00.bin,none,4,4,124 222 199 28 20 60 191 16
layer_01.bin,none,5,3,245 204 95 109 153 52 124 118
layer_02.bin,none,6,2,193 79 76 188 5 60 228 216
layer_03.bin,none,5,3,197 2 243 156 207 249 125 209
layer_04.bin,none,4,4,137 51 154 197 162 178 207 166
layer_05.bin,none,7,1,197 177 16 167 170 105 62 133
layer_06.bin,none,6,2,86 49 168 161 48 245 5 74
layer_07.bin,none,7,1,9 100 7 219 167 109 230 187
layer_08.bin,none,6,2,189 136 46 242 63 82 150 231
layer_09.bin,none,6,2,61 223 108 157 44 8 17 227
layer_10.bin,none,5,3,235 53 117 45 57 5 122 232
layer_11.bin,none,7,1,59 170 194 100 231 176 137 217
layer_12.bin,none,8,0,208 170 210 66 135 71 168 200
layer_13.bin,none,6,2,39 13 110 129 36 79 186 7
layer_14.bin,none,5,3,255 65 5 138 240 72 247 171
layer_15.bin,none,5,3,161 3 151 197 230 78 19 144
layer_16.bin,none,6,2,214 121 82 71 33 51 67 132
layer_17.bin,none,6,2,123 19 115 202 158 239 31 120
layer_18.bin,none,7,1,106 250 150 228 101 219 16 11
layer_19.bin,none,6,2,100 223 247 27 8 245 53 146
layer_20.bin,none,6,2,189 136 46 242 56 231 58 82
layer_21.bin,none,7,1,61 108 223 42 8 111 44 65
layer_22.bin,none,6,2,122 57 235 146 53 31 117 45
layer_23.bin,none,7,1,250 231 194 170 217 37 59 242
layer_24.bin,none,7,1,210 50 166 115 170 135 215 66
layer_25.bin,none,8,0,13 39 0 79 110 7 137 47
layer_26.bin,none,6,2,255 171 5 196 138 65 72 240
layer_27.bin,none,5,3,35 161 177 180 8 3 144 197
layer_28.bin,none,6,2,243 214 121 56 26 59 82 71
layer_29.bin,none,5,3,19 123 115 158 99 36 186 27
layer_30.bin,none,5,3,192 106 219 101 143 228 150 129
layer_31.bin,none,5,3,229 100 72 223 148 108 184 247
layer_32.bin,none,5,3,85 19 173 14 92 123 105 11
layer_33.bin,none,4,4,56 102 136 74 91 160 173 162
layer_34.bin,none,7,1,166 18 195 191 248 87 73 11
layer_35.bin,none,6,2,117 6 77 12 107 38 185 97
layer_36.bin,none,5,3,125 44 82 165 240 149 171 226
layer_37.bin,none,4,4,165 126 196 111 160 86 232 152
layer_38.bin,none,6,2,87 132 140 188 173 191 111 62
layer_39.bin,none,5,3,120 99 44 47 235 22 107 249
layer_00.bin,none,6,2,199 204 13 161 174 124 175 69
layer_01.bin,none,3,5,162 49 11 104 141 245 23 80
layer_02.bin,none,3,5,53 71 38 207 62 131 209 103
layer_03.bin,none,4,4,209 2 53 111 206 125 115 61
layer_04.bin,none,8,0,148 154 221 51 43 44 137 41
layer_05.bin,none,6,2,167 115 197 16 123 236 2 93
layer_06.bin,none,6,2,49 161 157 48 57 86 123 233
layer_07.bin,none,7,1,219 100 223 74 167 9 7 32
layer_08.bin,none,6,2,136 189 107 231 56 178 108 72
layer_09.bin,none,5,3,223 187 61 8 44 5 15 42
layer_10.bin,none,6,2,235 31 19 122 9 53 63 3
layer_11.bin,none,6,2,85 220 202 111 250 222 59 194
layer_12.bin,none,5,3,210 208 137 132 237 20 115 170
layer_13.bin,none,6,2,13 79 39 137 47 210 101 77
layer_14.bin,none,8,0,255 52 5 138 72 160 60 65
layer_15.bin,none,6,2,220 233 213 161 33 67 110 123
layer_16.bin,none,8,0,121 71 51 152 214 212 243 190
layer_17.bin,none,8,0,115 229 21 164 158 123 35 78
layer_18.bin,none,7,1,106 192 250 101 11 13 16 10
layer_19.bin,none,8,0,100 8 27 223 146 53 4 14
layer_20.bin,none,6,2,107 56 189 136 231 121 96 205
layer_21.bin,none,6,2,44 223 42 61 21 8 131 15
layer_22.bin,none,7,1,122 31 19 235 188 234 57 242
layer_23.bin,none,7,1,250 220 85 194 222 111 59 202
layer_24.bin,none,6,2,210 50 115 20 200 237 39 238
layer_25.bin,none,7,1,101 13 79 137 154 0 130 77
layer_26.bin,none,7,1,171 52 255 160 196 138 5 60
layer_27.bin,none,6,2,130 177 233 8 33 67 161 35
layer_28.bin,none,5,3,190 243 26 82 193 121 187 212
layer_29.bin,none,7,1,164 21 94 242 88 20 36 99
layer_30.bin,none,7,1,192 106 250 101 197 99 162 63
layer_31.bin,none,4,4,38 229 100 223 43 79 139 249
layer_32.bin,none,5,3,123 76 140 179 3 227 182 109
layer_33.bin,none,7,1,181 234 56 95 102 162 90 137
layer_34.bin,none,6,2,191 173 248 240 228 108 195 199
layer_35.bin,none,5,3,97 6 107 21 248 190 46 38
layer_36.bin,none,2,6,93 124 226 5 76 224 143 19
layer_37.bin,none,4,4,65 160 16 74 152 80 169 96
layer_38.bin,none,4,4,140 88 61 159 191 8 117 62
layer_39.bin,none,4,4,235 117 253 48 80 98 208 180
layer_00.bin,none,5,3,190 141 208 221 235 158 253 81
layer_01.bin,none,5,3,47 46 155 93 182 97 197 244
layer_02.bin,none,4,4,249 210 4 109 38 88 25 149
layer_03.bin,none,3,5,37 235 231 187 77 84 152 183
layer_04.bin,none,6,2,214 15 236 142 128 102 67 95
layer_05.bin,none,5,3,224 235 186 151 231 78 193 132
layer_06.bin,none,7,1,54 215 157 79 196 199 36 14
layer_07.bin,none,6,2,199 147 176 33 116 219 100 195
layer_08.bin,none,5,3,56 107 21 57 164 72 105 93
layer_09.bin,none,5,3,126 228 29 77 94 164 116 197
layer_10.bin,none,6,2,198 248 169 63 130 124 70 49
layer_11.bin,none,5,3,111 136 189 194 174 133 171 178
layer_12.bin,none,8,0,160 242 74 115 39 128 26 210
layer_13.bin,none,6,2,154 13 210 47 61 43 130 215
layer_14.bin,none,7,1,52 50 160 86 137 51 155 171
layer_15.bin,none,7,1,220 148 213 189 181 4 130 162
layer_16.bin,none,7,1,152 51 255 212 170 5 252 26
layer_17.bin,none,7,1,242 115 35 20 119 250 149 255
layer_18.bin,none,7,1,192 13 57 205 226 197 0 105
layer_19.bin,none,6,2,4 195 10 23 75 229 139 100
layer_20.bin,none,6,2,56 205 244 107 72 81 142 115
layer_21.bin,none,6,2,126 44 208 122 131 197 55 235
layer_22.bin,none,4,4,198 136 76 168 234 192 23 210
layer_23.bin,none,4,4,136 176 111 173 171 196 243 189
layer_24.bin,none,4,4,242 103 74 160 38 187 112 174
layer_25.bin,none,4,4,61 13 57 189 130 210 87 152
layer_26.bin,none,5,3,50 92 171 137 229 181 87 86
layer_27.bin,none,5,3,189 83 168 228 29 2 34 126
layer_28.bin,none,4,4,43 255 151 243 210 23 162 225
layer_29.bin,none,3,5,57 119 30 160 134 175 47 127
layer_30.bin,none,6,2,201 24 155 94 3 88 47 60
layer_31.bin,none,5,3,116 12 23 204 89 235 191 148
layer_32.bin,none,5,3,223 119 181 160 178 15 44 213
layer_33.bin,none,4,4,93 32 83 137 98 210 99 207
layer_34.bin,none,5,3,82 108 74 245 43 199 228 31
layer_35.bin,none,3,5,27 231 225 241 186 58 15 164
layer_36.bin,none,4,4,222 199 165 62 51 29 229 212
layer_37.bin,none,2,6,234 141 24 166 34 133 54 229
layer_38.bin,none,4,4,64 140 193 25 239 125 159 200
layer_39.bin,none,3,5,186 190 19 222 173 6 208 226
layer_00.bin,none,6,2,38 193 54 167 44 30 112 94
layer_01.bin,none,3,5,46 47 105 122 117 201 140 58
layer_02.bin,none,3,5,241 128 53 245 104 176 19 186
layer_03.bin,none,6,2,26 230 233 103 236 143 78 52
layer_04.bin,none,5,3,67 81 144 245 61 45 248 214
layer_05.bin,none,6,2,224 90 188 78 109 43 106 47
layer_06.bin,none,6,2,215 54 60 131 214 143 36 89
layer_07.bin,none,7,1,176 76 70 117 65 254 184 229
layer_08.bin,none,6,2,33 239 116 179 93 210 73 21
layer_09.bin,none,6,2,126 132 116 191 197 35 154 169
layer_10.bin,none,2,6,248 238 191 76 182 211 175 61
layer_11.bin,none,5,3,36 133 111 140 136 233 162 246
layer_12.bin,none,5,3,242 160 144 39 87 93 85 249
layer_13.bin,none,6,2,33 210 104 61 138 13 154 152
layer_14.bin,none,8,0,50 147 86 52 106 118 160 229
layer_15.bin,none,6,2,189 213 166 127 228 131 2 237
layer_16.bin,none,7,1,156 243 152 26 252 255 170 151
layer_17.bin,none,8,0,57 110 242 20 5 119 35 115
layer_18.bin,none,6,2,128 131 192 13 97 61 105 60
layer_19.bin,none,7,1,12 229 120 72 75 139 23 97
layer_20.bin,none,6,2,33 81 80 191 174 237 138 179
layer_21.bin,none,7,1,126 116 132 44 47 191 36 208
layer_22.bin,none,6,2,248 76 211 238 240 63 36 127
layer_23.bin,none,6,2,36 34 173 136 127 87 111 181
layer_24.bin,none,4,4,242 44 39 41 144 103 85 22
layer_25.bin,none,7,1,104 13 33 210 61 119 206 152
layer_26.bin,none,7,1,50 229 147 118 86 81 200 110
layer_27.bin,none,4,4,72 89 189 27 69 127 97 34
layer_28.bin,none,6,2,243 255 151 156 43 163 182 50
layer_29.bin,none,7,1,57 242 5 251 29 171 175 186
layer_30.bin,none,7,1,192 234 128 60 201 24 105 3
layer_31.bin,none,7,1,10 12 229 188 89 242 191 167
layer_32.bin,none,5,3,223 178 6 158 66 11 52 124
layer_33.bin,none,5,3,137 32 98 77 223 140 83 136
layer_34.bin,none,5,3,186 245 108 8 199 216 14 116
layer_35.bin,none,5,3,15 203 231 225 155 107 240 128
layer_36.bin,none,4,4,65 102 59 165 199 216 122 224
layer_37.bin,none,3,5,160 85 62 152 96 133 111 125
layer_38.bin,none,7,1,140 55 43 125 159 191 147 233
layer_39.bin,none,3,5,238 235 97 185 56 24 103 201
layer_00.bin,none,8,0,43 30 112 238 173 200 140 193
layer_01.bin,none,3,5,46 47 188 177 181 99 159 249
layer_02.bin,none,4,4,186 245 62 140 82 20 156 241
layer_03.bin,none,7,1,233 103 117 236 26 210 8 226
layer_04.bin,none,5,3,62 67 199 144 20 81 193 234
layer_05.bin,none,5,3,230 85 145 224 106 220 243 231
layer_06.bin,none,1,7,118 96 89 124 199 239 145 110
layer_07.bin,none,4,4,176 9 206 195 165 155 159 141
layer_08.bin,none,5,3,189 91 235 136 107 17 11 59
layer_09.bin,none,4,4,126 209 248 122 113 235 127 210
layer_10.bin,none,0,8,23 144 78 43 79 176 123 179
layer_11.bin,none,5,3,42 12 135 58 110 204 61 198
layer_12.bin,none,7,1,170 71 200 66 31 135 168 36
layer_13.bin,none,6,2,79 39 110 7 129 150 186 27
layer_14.bin,none,6,2,255 138 5 240 175 65 247 47
layer_15.bin,none,5,3,161 230 197 49 67 151 220 174
layer_16.bin,none,4,4,214 121 74 67 71 132 99 118
layer_17.bin,none,7,1,123 202 31 229 113 239 136 115
layer_18.bin,none,5,3,106 150 11 110 101 41 228 119
layer_19.bin,none,6,2,100 8 223 14 131 132 53 173
layer_20.bin,none,7,1,189 136 46 231 242 97 56 224
layer_21.bin,none,7,1,61 42 8 108 223 26 65 111
layer_22.bin,none,6,2,235 160 119 57 53 31 176 188
layer_23.bin,none,5,3,250 80 242 100 151 170 217 198
layer_24.bin,none,4,4,135 170 66 7 177 132 252 129
layer_25.bin,none,4,4,39 79 110 126 135 124 237 7
layer_26.bin,none,5,3,5 255 72 240 138 247 175 27
layer_27.bin,none,1,7,161 26 80 44 174 17 220 67
layer_28.bin,none,4,4,214 74 121 67 248 71 244 224
layer_29.bin,none,4,4,123 150 120 113 202 242 239 237
layer_30.bin,none,4,4,106 150 101 41 11 228 27 110
layer_31.bin,none,5,3,8 100 223 160 53 14 67 253
layer_32.bin,none,3,5,33 182 81 34 252 13 222 156
layer_33.bin,none,5,3,192 246 160 91 195 142 137 221
layer_34.bin,none,6,2,16 87 248 173 141 245 108 59
layer_35.bin,none,4,4,6 12 201 156 217 13 116 1
layer_36.bin,none,6,2,82 110 127 104 235 58 116 134
layer_37.bin,none,3,5,225 159 105 21 204 165 123 102
layer_38.bin,none,5,3,103 92 173 148 115 110 159 211
layer_39.bin,none,5,3,2 120 189 97 38 53 93 6
layer_00.bin,none,4,4,86 65 29 41 2 28 120 16
layer_01.bin,none,3,5,245 204 163 124 238 243 21 45
layer_02.bin,none,7,1,193 104 79 139 228 76 188 60
layer_03.bin,none,5,3,249 207 154 2 209 156 191 178
layer_04.bin,none,3,5,149 154 197 157 234 211 190 73
layer_05.bin,none,5,3,213 167 131 177 175 141 160 106
layer_06.bin,none,4,4,49 28 86 5 96 221 233 242
layer_07.bin,none,6,2,219 16 100 230 152 168 9 167
layer_08.bin,none,5,3,136 189 107 68 47 37 0 82
layer_09.bin,none,6,2,223 5 157 108 234 159 17 61
layer_10.bin,none,5,3,31 109 17 117 122 129 250 159
layer_11.bin,none,4,4,109 170 151 231 50 91 100 137
layer_12.bin,none,6,2,166 170 208 115 210 20 207 187
layer_13.bin,none,5,3,13 39 210 199 79 206 47 254
layer_14.bin,none,6,2,171 52 203 138 101 255 192 104
layer_15.bin,none,5,3,213 35 116 233 130 230 178 163
layer_16.bin,none,7,1,138 243 212 214 50 174 163 51
layer_17.bin,none,7,1,115 158 28 213 242 127 53 31
layer_18.bin,none,6,2,237 192 106 114 165 150 137 94
layer_19.bin,none,7,1,229 139 108 146 8 247 38 131
layer_20.bin,none,4,4,136 47 107 68 242 142 2 96
layer_21.bin,none,5,3,44 5 223 141 158 145 196 6
layer_22.bin,none,7,1,122 17 31 117 109 233 63 129
layer_23.bin,none,4,4,109 194 238 209 91 14 243 231
layer_24.bin,none,6,2,210 166 50 115 69 20 103 188
layer_25.bin,none,7,1,13 210 39 206 0 128 91 224
layer_26.bin,none,5,3,171 196 200 30 197 160 142 192
layer_27.bin,none,5,3,35 178 79 156 112 130 27 230
layer_28.bin,none,7,1,243 138 56 214 236 163 23 246
layer_29.bin,none,4,4,126 213 175 28 127 78 68 242
layer_30.bin,none,6,2,66 143 130 237 192 129 201 114
layer_31.bin,none,5,3,10 229 247 83 72 99 242 89
layer_32.bin,none,4,4,173 157 14 19 230 248 24 105
layer_33.bin,none,6,2,161 198 103 5 136 246 74 131
layer_34.bin,none,6,2,249 166 18 227 108 164 122 177
layer_35.bin,none,4,4,15 170 38 241 225 6 217 65
layer_36.bin,none,4,4,55 148 165 216 65 112 169 7
layer_37.bin,none,2,6,196 85 152 243 132 194 127 214
layer_38.bin,none,5,3,52 140 222 132 233 180 147 77
layer_39.bin,none,5,3,166 107 144 100 253 97 53 93
layer_00.bin,none,3,5,69 239 116 136 250 50 240 159
layer_01.bin,none,5,3,203 188 243 88 163 21 245 7
layer_02.bin,none,2,6,104 183 131 93 83 174 192 160
layer_03.bin,none,4,4,207 89 178 154 131 209 45 53
layer_04.bin,none,6,2,149 137 190 221 154 51 166 78
layer_05.bin,none,6,2,213 167 177 115 16 133 98 14
layer_06.bin,none,6,2,86 49 157 48 168 221 209 1
layer_07.bin,none,8,0,219 100 7 16 152 9 167 255
layer_08.bin,none,7,1,136 189 46 58 107 68 70 82
layer_09.bin,none,6,2,223 157 61 108 5 196 234 145
layer_10.bin,none,7,1,31 235 117 5 122 232 250 159
layer_11.bin,none,6,2,170 109 100 231 103 151 250 209
layer_12.bin,none,7,1,170 208 166 222 135 139 71 132
layer_13.bin,none,8,0,39 13 110 79 249 47 199 7
layer_14.bin,none,7,1,255 138 101 152 76 192 240 135
layer_15.bin,none,6,2,230 197 161 151 3 49 173 222
layer_16.bin,none,5,3,214 55 138 121 186 33 237 99
layer_17.bin,none,8,0,31 123 115 213 202 158 70 216
layer_18.bin,none,8,0,150 106 232 114 16 231 237 11
layer_19.bin,none,7,1,8 108 223 211 245 146 247 218
layer_20.bin,none,8,0,189 136 46 107 242 82 68 9
layer_21.bin,none,6,2,196 223 108 231 145 157 5 61
layer_22.bin,none,7,1,31 122 117 239 17 235 159 5
layer_23.bin,none,7,1,170 109 100 231 80 209 151 217
layer_24.bin,none,7,1,170 135 210 175 166 139 50 252
layer_25.bin,none,8,0,39 128 110 13 79 88 62 0
layer_26.bin,none,7,1,255 76 101 192 152 252 72 80
layer_27.bin,none,5,3,230 197 151 3 222 49 161 186
layer_28.bin,none,5,3,214 55 243 186 138 26 204 66
layer_29.bin,none,8,0,213 31 115 123 78 28 53 168
layer_30.bin,none,8,0,129 114 66 192 150 172 104 106
layer_31.bin,none,6,2,10 229 36 247 108 139 89 76
layer_32.bin,none,7,1,157 66 14 173 206 105 170 230
layer_33.bin,none,7,1,167 246 5 103 195 136 208 74
layer_34.bin,none,7,1,199 245 227 108 8 11 191 18
layer_35.bin,none,6,2,6 96 65 217 231 33 97 117
layer_36.bin,none,5,3,48 165 112 216 144 224 230 151
layer_37.bin,none,5,3,165 152 24 85 232 127 71 42
layer_38.bin,none,5,3,63 140 191 193 62 164 222 98
layer_39.bin,none,6,2,120 166 107 235 47 137 97 253
layer_00.bin,none,5,3,222 28 81 175 203 74 60 13
layer_01.bin,none,3,5,47 131 178 175 17 44 245 235
layer_02.bin,none,3,5,183 104 239 63 235 131 46 204
layer_03.bin,none,5,3,240 53 243 213 209 90 197 206
layer_04.bin,none,6,2,137 44 51 178 41 221 154 162
layer_05.bin,none,7,1,235 16 133 177 167 115 105 175
layer_06.bin,none,5,3,86 49 48 245 82 2 95 157
layer_07.bin,none,7,1,219 9 7 100 230 167 4 152
layer_08.bin,none,6,2,136 189 46 63 107 62 97 231
layer_09.bin,none,8,0,223 44 8 61 108 157 234 75
layer_10.bin,none,7,1,117 31 8 122 235 232 5 146
layer_11.bin,none,8,0,170 59 100 103 231 209 222 220
layer_12.bin,none,6,2,208 210 170 59 115 19 207 222
layer_13.bin,none,8,0,13 39 185 210 137 47 79 199
layer_14.bin,none,7,1,171 138 52 255 252 169 192 101
layer_15.bin,none,6,2,230 210 161 233 197 13 130 16
layer_16.bin,none,7,1,214 212 51 71 186 82 193 55
layer_17.bin,none,8,0,115 28 158 21 31 60 123 70
layer_18.bin,none,8,0,250 114 192 106 150 16 205 221
layer_19.bin,none,8,0,247 8 108 48 146 223 131 252
layer_20.bin,none,7,1,136 121 107 189 56 242 82 244
layer_21.bin,none,7,1,44 223 5 145 196 61 108 159
layer_22.bin,none,5,3,122 117 146 216 63 57 135 8
layer_23.bin,none,8,0,231 222 220 136 194 59 170 111
layer_24.bin,none,7,1,50 210 242 115 103 170 188 253
layer_25.bin,none,6,2,13 101 39 87 0 130 61 240
layer_26.bin,none,7,1,50 171 196 160 53 92 155 52
layer_27.bin,none,4,4,35 27 131 130 69 154 173 237
layer_28.bin,none,5,3,243 210 193 219 102 163 236 41
layer_29.bin,none,7,1,94 119 21 88 20 19 242 251
layer_30.bin,none,5,3,192 99 250 0 60 129 88 162
layer_31.bin,none,2,6,214 249 89 52 183 255 142 72
layer_32.bin,none,2,6,125 3 133 85 54 11 213 140
layer_33.bin,none,5,3,56 181 5 54 249 137 139 173
layer_34.bin,none,6,2,166 191 195 20 8 5 108 162
layer_35.bin,none,7,1,21 46 107 185 97 155 128 231
layer_36.bin,none,3,5,125 93 124 19 225 191 99 144
layer_37.bin,none,4,4,65 126 101 16 194 123 152 66
layer_38.bin,none,4,4,140 61 236 191 143 180 117 62
layer_39.bin,none,5,3,235 208 117 22 228 253 144 225
layer_00.bin,none,6,2,190 141 208 221 235 253 115 158
layer_01.bin,none,5,3,47 46 155 93 244 197 182 97
layer_02.bin,none,4,4,4 38 210 17 109 25 88 104
layer_03.bin,none,4,4,231 235 37 187 77 152 12 133
layer_04.bin,none,6,2,214 128 15 142 236 102 95 234
layer_05.bin,none,5,3,235 224 186 193 78 151 41 21
layer_06.bin,none,8,0,54 196 79 36 157 215 153 246
layer_07.bin,none,7,1,199 76 23 147 29 36 116 35
layer_08.bin,none,7,1,56 107 164 116 52 57 234 110
layer_09.bin,none,7,1,197 164 29 94 126 8 228 116
layer_10.bin,none,6,2,198 169 130 70 248 63 61 71
layer_11.bin,none,6,2,136 111 189 161 174 133 96 145
layer_12.bin,none,7,1,74 39 242 160 63 26 128 65
layer_13.bin,none,8,0,154 13 147 43 210 47 61 134
layer_14.bin,none,8,0,50 52 137 51 160 224 124 106
layer_15.bin,none,6,2,148 162 81 4 200 181 213 189
layer_16.bin,none,8,0,170 252 5 152 51 243 174 134
layer_17.bin,none,7,1,242 119 250 20 35 115 76 64
layer_18.bin,none,6,2,13 192 57 179 0 134 2 50
layer_19.bin,none,6,2,75 109 130 229 195 26 20 23
layer_20.bin,none,7,1,56 191 234 80 179 115 239 110
layer_21.bin,none,7,1,126 164 197 47 29 208 55 116
layer_22.bin,none,4,4,198 130 169 234 76 113 247 211
layer_23.bin,none,7,1,136 161 189 34 162 111 206 243
layer_24.bin,none,5,3,242 74 63 160 26 39 44 112
layer_25.bin,none,7,1,61 147 43 13 152 210 134 130
layer_26.bin,none,6,2,50 20 148 137 118 124 92 51
layer_27.bin,none,4,4,72 200 181 81 191 34 162 189
layer_28.bin,none,5,3,43 151 133 243 210 152 50 170
layer_29.bin,none,6,2,76 119 87 57 250 0 242 172
layer_30.bin,none,6,2,201 179 163 0 60 155 88 133
layer_31.bin,none,4,4,116 109 12 205 89 235 123 184
layer_32.bin,none,6,2,181 119 223 178 90 247 6 35
layer_33.bin,none,6,2,93 83 86 16 129 137 178 210
layer_34.bin,none,2,6,74 82 132 96 108 40 31 130
layer_35.bin,none,5,3,27 86 239 160 186 231 33 72
layer_36.bin,none,4,4,222 192 20 165 212 22 12 128
layer_37.bin,none,5,3,39 229 88 234 61 133 25 101
layer_38.bin,none,4,4,64 193 202 200 151 42 25 143
layer_39.bin,none,3,5,186 190 11 154 169 222 91 7
layer_00.bin,none,7,1,38 54 167 193 112 30 44 244
layer_01.bin,none,5,3,188 58 46 122 201 47 152 140
layer_02.bin,none,0,8,74 100 29 27 219 140 145 245
layer_03.bin,none,4,4,26 230 233 34 128 91 103 35
layer_04.bin,none,4,4,128 144 45 91 95 248 213 130
layer_05.bin,none,8,0,90 193 78 188 158 43 65 47
layer_06.bin,none,7,1,54 60 153 215 143 138 36 75
layer_07.bin,none,8,0,229 117 23 76 29 64 36 35
layer_08.bin,none,8,0,234 116 239 110 57 104 179 180
layer_09.bin,none,7,1,191 197 126 164 116 198 239 171
layer_10.bin,none,6,2,198 36 196 169 238 65 211 125
layer_11.bin,none,6,2,161 189 233 86 107 112 133 128
layer_12.bin,none,7,1,74 93 44 63 39 134 193 242
layer_13.bin,none,7,1,147 154 134 43 32 61 97 6
layer_14.bin,none,8,0,50 51 137 106 124 86 125 52
layer_15.bin,none,7,1,162 148 189 200 81 165 204 243
layer_16.bin,none,7,1,252 243 133 5 134 174 170 151
layer_17.bin,none,7,1,76 57 20 172 5 242 248 119
layer_18.bin,none,6,2,179 32 131 187 0 134 128 13
layer_19.bin,none,7,1,72 12 75 109 120 229 116 243
layer_20.bin,none,7,1,80 239 191 234 237 110 137 179
layer_21.bin,none,8,0,126 116 191 164 47 72 197 198
layer_22.bin,none,7,1,247 248 161 238 198 157 215 169
layer_23.bin,none,6,2,189 36 162 181 111 140 112 34
layer_24.bin,none,7,1,44 93 39 74 142 145 3 112
layer_25.bin,none,8,0,6 33 134 104 32 61 138 127
layer_26.bin,none,8,0,118 86 147 106 148 52 50 51
layer_27.bin,none,8,0,72 162 200 46 181 217 204 54
layer_28.bin,none,7,1,43 156 170 151 152 133 178 252
layer_29.bin,none,8,0,5 57 20 76 87 142 230 158
layer_30.bin,none,6,2,226 192 201 135 163 203 251 179
layer_31.bin,none,7,1,30 12 167 226 42 96 109 116
layer_32.bin,none,6,2,223 178 119 181 159 206 237 247
layer_33.bin,none,7,1,83 93 74 40 73 16 129 72
layer_34.bin,none,7,1,186 1 21 82 116 141 251 62
layer_35.bin,none,6,2,244 76 212 214 160 10 3 61
layer_36.bin,none,4,4,129 70 248 198 34 203 239 196
layer_37.bin,none,6,2,58 62 229 48 175 234 123 57
layer_38.bin,none,4,4,147 62 191 77 166 179 8 143
layer_39.bin,none,5,3,238 235 22 95 81 201 6 190
layer_00.bin,none,8,0,140 112 43 200 238 30 173 67
layer_01.bin,none,5,3,46 47 188 137 181 249 20 58
layer_02.bin,none,5,3,140 186 20 245 72 82 67 165
layer_03.bin,none,7,1,117 103 233 26 38 230 119 118
layer_04.bin,none,5,3,144 58 213 140 193 81 245 235
layer_05.bin,none,7,1,188 158 78 90 224 145 43 255
layer_06.bin,none,4,4,60 89 206 68 230 143 176 137
layer_07.bin,none,5,3,176 65 229 54 117 15 221 142
layer_08.bin,none,7,1,239 104 73 175 116 110 237 179
layer_09.bin,none,6,2,126 113 171 191 200 25 116 18
layer_10.bin,none,5,3,157 211 100 151 115 238 195 36
layer_11.bin,none,4,4,133 39 47 112 224 181 140 41
layer_12.bin,none,4,4,44 144 212 175 199 62 93 34
layer_13.bin,none,6,2,6 33 11 44 206 142 138 3
layer_14.bin,none,7,1,147 86 50 106 53 9 189 229
layer_15.bin,none,5,3,46 127 191 189 243 162 184 70
layer_16.bin,none,8,0,156 151 243 252 170 174 134 203
layer_17.bin,none,7,1,5 57 110 226 20 127 241 99
layer_18.bin,none,7,1,131 128 226 192 93 203 201 167
layer_19.bin,none,8,0,229 120 12 72 30 228 75 109
layer_20.bin,none,7,1,239 80 110 191 185 237 61 81
layer_21.bin,none,8,0,126 47 198 116 191 209 155 72
layer_22.bin,none,4,4,157 161 236 238 251 215 183 111
layer_23.bin,none,6,2,140 181 111 47 133 39 112 36
layer_24.bin,none,4,4,39 225 154 145 220 253 113 180
layer_25.bin,none,6,2,6 13 206 127 33 204 142 138
layer_26.bin,none,7,1,118 106 52 86 147 54 167 197
layer_27.bin,none,6,2,233 54 46 177 250 204 217 213
layer_28.bin,none,7,1,156 178 170 20 43 152 47 252
layer_29.bin,none,6,2,5 158 230 142 20 177 200 242
layer_30.bin,none,7,1,226 192 135 251 203 2 128 119
layer_31.bin,none,6,2,226 30 42 120 12 167 96 82
layer_32.bin,none,7,1,223 178 206 158 237 159 107 119
layer_33.bin,none,8,0,74 40 190 16 41 83 72 93
layer_34.bin,none,6,2,116 21 141 1 251 188 34 82
layer_35.bin,none,8,0,244 214 10 212 76 224 229 3
layer_36.bin,none,6,2,129 70 239 198 181 68 203 196
layer_37.bin,none,7,1,58 104 48 57 147 28 105 14
layer_38.bin,none,7,1,92 148 84 79 27 97 74 254
layer_39.bin,none,6,2,238 243 78 38 242 2 188 46
layer_00.bin,none,6,2,88 200 67 140 238 173 206 95
layer_01.bin,none,6,2,47 181 192 46 152 140 70 99
layer_02.bin,none,5,3,186 82 165 62 20 140 160 197
layer_03.bin,none,6,2,233 117 106 38 103 150 118 43
layer_04.bin,none,5,3,193 235 45 140 62 135 58 24
layer_05.bin,none,5,3,230 188 85 145 237 43 189 73
layer_06.bin,none,4,4,118 89 137 68 193 77 122 96
layer_07.bin,none,3,5,145 176 207 142 47 65 200 57
layer_08.bin,none,7,1,239 237 104 175 185 116 73 110
layer_09.bin,none,5,3,200 113 126 53 171 69 72 224
layer_10.bin,none,2,6,215 115 93 227 121 76 183 219
layer_11.bin,none,3,5,181 196 224 51 162 253 41 57
layer_12.bin,none,1,7,102 24 88 0 126 62 4 213
layer_13.bin,none,4,4,5 6 44 114 171 204 251 234
layer_14.bin,none,4,4,106 52 244 229 110 159 181 191
layer_15.bin,none,4,4,228 127 191 117 183 137 136 72
layer_16.bin,none,7,1,243 252 170 63 174 75 203 26
layer_17.bin,none,6,2,242 20 99 115 226 112 127 230
layer_18.bin,none,5,3,192 97 2 226 44 177 156 251
layer_19.bin,none,5,3,229 228 190 54 195 75 30 32
layer_20.bin,none,6,2,80 191 237 185 81 56 10 203
layer_21.bin,none,5,3,47 198 69 208 8 209 174 20
layer_22.bin,none,6,2,251 234 122 199 215 118 238 111
layer_23.bin,none,6,2,3 181 111 140 194 127 80 172
layer_24.bin,none,4,4,39 225 238 94 247 224 180 255
layer_25.bin,none,6,2,13 37 204 206 130 6 73 35
layer_26.bin,none,5,3,106 52 155 158 167 128 64 81
layer_27.bin,none,6,2,177 233 228 54 217 250 131 173
layer_28.bin,none,6,2,12 47 178 170 20 63 252 152
layer_29.bin,none,6,2,158 177 5 242 230 101 200 26
layer_30.bin,none,8,0,226 192 97 251 2 170 201 135
layer_31.bin,none,7,1,226 166 42 120 229 30 214 82
layer_32.bin,none,7,1,223 60 206 178 158 237 247 194
layer_33.bin,none,7,1,74 190 40 41 16 33 246 72
layer_34.bin,none,8,0,82 116 213 141 188 34 251 21
layer_35.bin,none,8,0,244 214 10 224 76 3 229 212
layer_36.bin,none,8,0,129 239 70 198 196 203 24 181
layer_37.bin,none,8,0,104 58 57 48 147 14 28 105
layer_38.bin,none,7,1,92 79 148 27 84 97 74 12
layer_39.bin,none,6,2,243 110 78 38 242 12 69 188
layer_00.bin,none,3,5,199 175 124 155 192 31 74 134
layer_01.bin,none,7,1,3 251 71 49 245 204 100 14
layer_02.bin,none,5,3,3 60 193 49 79 157 188 77
layer_03.bin,none,7,1,25 159 199 197 30 177 157 207
layer_04.bin,none,7,1,192 154 200 51 54 88 243 216
layer_05.bin,none,7,1,27 115 2 165 155 236 251 218
layer_06.bin,none,7,1,14 157 52 161 49 79 68 135
layer_07.bin,none,7,1,32 171 76 35 120 167 229 14
layer_08.bin,none,6,2,61 224 110 220 94 222 191 164
layer_09.bin,none,4,4,198 227 197 73 98 161 47 8
layer_10.bin,none,3,5,9 122 157 165 111 91 52 222
layer_11.bin,none,5,3,85 247 111 47 59 209 106 194
layer_12.bin,none,5,3,210 39 191 43 193 225 220 59
layer_13.bin,none,4,4,6 127 168 125 113 199 151 219
layer_14.bin,none,5,3,179 106 52 28 189 53 37 131
layer_15.bin,none,4,4,171 204 233 250 54 149 71 213
layer_16.bin,none,6,2,252 190 46 152 170 181 0 212
layer_17.bin,none,5,3,20 158 108 127 142 78 200 241
layer_18.bin,none,5,3,250 203 201 119 197 93 67 230
layer_19.bin,none,6,2,75 226 30 201 228 229 84 85
layer_20.bin,none,7,1,185 35 110 191 80 239 106 61
layer_21.bin,none,4,4,198 73 151 215 47 156 227 8
layer_22.bin,none,6,2,157 91 9 251 242 161 122 193
layer_23.bin,none,6,2,85 106 111 247 47 181 59 195
layer_24.bin,none,4,4,220 191 39 253 15 145 64 73
layer_25.bin,none,5,3,206 6 204 20 127 117 175 21
layer_26.bin,none,5,3,86 118 52 53 179 28 171 10
layer_27.bin,none,7,1,172 54 162 217 250 177 204 2
layer_28.bin,none,8,0,152 190 178 163 47 111 170 150
layer_29.bin,none,7,1,20 21 230 158 177 17 142 200
layer_30.bin,none,6,2,197 250 201 135 226 251 71 115
layer_31.bin,none,6,2,167 30 229 228 42 96 183 151
layer_32.bin,none,5,3,123 76 247 19 159 46 237 240
layer_33.bin,none,7,1,75 56 95 74 139 220 166 16
layer_34.bin,none,7,1,1 191 72 252 240 51 169 195
layer_35.bin,none,4,4,218 191 43 136 185 245 235 250
layer_36.bin,none,5,3,248 125 211 119 165 169 196 83
layer_37.bin,none,5,3,95 58 48 229 143 126 67 175
layer_38.bin,none,6,2,92 0 101 30 148 35 180 8
layer_39.bin,none,6,2,189 197 248 129 235 169 92 190
layer_00.bin,none,0,8,101 35 34 197 79 179 9 48
layer_01.bin,none,7,1,47 16 62 155 97 146 70 151
layer_02.bin,none,3,5,84 109 43 75 34 149 174 90
layer_03.bin,none,7,1,236 233 148 226 26 211 230 37
layer_04.bin,none,7,1,200 15 241 105 102 245 142 61
layer_05.bin,none,7,1,188 220 236 43 90 69 27 165
layer_06.bin,none,8,0,157 14 52 133 182 79 135 196
layer_07.bin,none,7,1,171 76 35 229 36 23 204 70
layer_08.bin,none,8,0,35 239 110 61 57 52 164 179
layer_09.bin,none,7,1,203 197 180 198 47 73 18 169
layer_10.bin,none,3,5,157 88 240 129 231 41 10 224
layer_11.bin,none,5,3,42 47 106 255 249 39 111 213
layer_12.bin,none,6,2,193 39 191 43 154 220 225 175
layer_13.bin,none,6,2,6 112 168 44 29 142 113 3
layer_14.bin,none,4,4,52 106 118 28 41 87 231 207
layer_15.bin,none,6,2,213 172 250 204 243 228 36 131
layer_16.bin,none,8,0,243 252 92 170 181 152 174 46
layer_17.bin,none,6,2,5 20 127 226 242 230 243 241
layer_18.bin,none,5,3,131 170 197 192 60 203 251 61
layer_19.bin,none,8,0,229 228 51 167 75 72 30 226
layer_20.bin,none,8,0,239 80 191 35 237 110 185 81
layer_21.bin,none,7,1,203 180 47 209 198 73 72 215
layer_22.bin,none,6,2,251 236 88 157 240 161 118 247
layer_23.bin,none,5,3,39 3 181 42 172 188 106 249
layer_24.bin,none,4,4,39 43 154 225 253 27 220 188
layer_25.bin,none,7,1,206 13 210 37 6 29 204 127
layer_26.bin,none,6,2,118 106 86 64 54 95 167 128
layer_27.bin,none,7,1,172 177 72 217 54 250 111 228
layer_28.bin,none,7,1,47 243 178 12 170 152 92 96
layer_29.bin,none,8,0,5 177 230 242 20 17 200 142
layer_30.bin,none,7,1,170 71 135 97 251 201 197 131
layer_31.bin,none,5,3,229 228 30 42 199 167 54 130
layer_32.bin,none,6,2,98 247 158 46 159 237 223 50
layer_33.bin,none,4,4,126 190 232 136 72 244 16 107
layer_34.bin,none,6,2,116 206 252 56 21 1 51 169
layer_35.bin,none,7,1,218 76 22 250 61 223 40 10
layer_36.bin,none,4,4,70 119 181 248 152 246 207 211
layer_37.bin,none,6,2,95 48 58 67 143 209 161 115
layer_38.bin,none,6,2,148 92 30 71 101 9 84 97
layer_39.bin,none,7,1,2 248 189 69 38 92 78 213
layer_00.bin,none,0,8,92 144 186 188 155 111 66 172
layer_01.bin,none,3,5,97 32 124 198 185 195 191 211
layer_02.bin,none,4,4,92 188 84 150 255 110 79 60
layer_03.bin,none,6,2,25 159 11 148 177 155 225 197
layer_04.bin,none,4,4,192 98 94 154 88 112 160 71
layer_05.bin,none,6,2,165 115 155 81 62 2 251 194
layer_06.bin,none,5,3,52 79 92 59 14 171 135 55
layer_07.bin,none,6,2,76 171 181 35 32 37 36 116
layer_08.bin,none,7,1,159 110 61 80 107 191 94 220
layer_09.bin,none,8,0,47 198 197 73 8 44 156 120
layer_10.bin,none,4,4,9 234 187 91 165 207 40 81
layer_11.bin,none,5,3,3 153 130 98 255 145 137 111
layer_12.bin,none,6,2,39 194 208 225 65 239 196 134
layer_13.bin,none,6,2,13 210 127 66 219 47 125 99
layer_14.bin,none,7,1,106 52 159 131 231 167 155 60
layer_15.bin,none,5,3,248 213 250 204 54 62 177 20
layer_16.bin,none,6,2,243 170 252 152 230 46 51 180
layer_17.bin,none,6,2,242 20 197 115 64 230 236 35
layer_18.bin,none,7,1,69 192 131 2 126 13 251 226
layer_19.bin,none,5,3,229 228 51 75 42 30 233 243
layer_20.bin,none,6,2,159 80 191 107 110 185 42 3
layer_21.bin,none,7,1,47 156 198 44 5 197 73 35
layer_22.bin,none,5,3,0 9 234 187 251 3 124 240
layer_23.bin,none,1,7,3 153 130 15 99 145 98 50
layer_24.bin,none,5,3,39 106 225 22 20 253 27 201
layer_25.bin,none,6,2,13 210 37 206 130 190 224 200
layer_26.bin,none,5,3,64 106 215 22 155 115 95 223
layer_27.bin,none,4,4,248 177 111 54 72 241 249 213
layer_28.bin,none,5,3,243 12 230 178 152 54 185 47
layer_29.bin,none,5,3,177 236 242 102 20 230 64 65
layer_30.bin,none,4,4,69 97 131 192 67 45 251 208
layer_31.bin,none,5,3,54 229 51 190 42 72 233 30
layer_32.bin,none,4,4,146 195 46 6 174 247 178 86
layer_33.bin,none,4,4,75 97 37 136 189 181 94 137
layer_34.bin,none,4,4,212 255 206 51 69 187 169 108
layer_35.bin,none,5,3,49 136 40 0 90 155 76 128
layer_36.bin,none,2,6,234 0 119 8 12 168 59 68
layer_37.bin,none,5,3,95 209 3 84 115 152 220 175
layer_38.bin,none,4,4,93 139 46 191 140 121 131 254
layer_39.bin,none,5,3,23 68 16 225 253 241 106 22
layer_00.bin,none,2,6,117 185 18 186 11 171 128 121
layer_01.bin,none,2,6,40 98 13 179 183 234 96 81
layer_02.bin,none,5,3,120 139 252 84 158 253 39 55
layer_03.bin,none,3,5,25 159 249 0 174 157 8 123
layer_04.bin,none,5,3,192 98 154 195 239 139 123 23
layer_05.bin,none,4,4,213 31 250 165 221 202 148 155
layer_06.bin,none,5,3,157 39 135 230 114 194 232 3
layer_07.bin,none,5,3,61 19 76 171 169 140 245 116
layer_08.bin,none,5,3,80 194 157 72 47 141 107 147
layer_09.bin,none,5,3,73 47 135 198 245 34 86 44
layer_10.bin,none,4,4,251 234 187 109 220 111 152 12
layer_11.bin,none,4,4,111 158 11 3 42 54 225 25
layer_12.bin,none,4,4,39 157 196 239 47 225 247 238
layer_13.bin,none,6,2,37 13 42 47 210 130 44 175
layer_14.bin,none,8,0,52 106 60 160 131 231 159 105
layer_15.bin,none,6,2,177 85 4 181 220 213 41 178
layer_16.bin,none,7,1,26 51 170 152 12 243 73 252
layer_17.bin,none,4,4,242 20 115 148 162 168 48 64
layer_18.bin,none,6,2,97 192 226 84 72 13 2 204
layer_19.bin,none,5,3,190 197 229 160 75 173 195 4
layer_20.bin,none,7,1,56 115 46 191 80 107 136 199
layer_21.bin,none,5,3,208 0 8 131 197 44 20 78
layer_22.bin,none,6,2,234 251 160 172 122 168 80 124
layer_23.bin,none,5,3,80 111 3 117 158 194 202 54
layer_24.bin,none,4,4,39 238 14 148 225 135 10 255
layer_25.bin,none,4,4,13 37 130 234 254 152 73 77
layer_26.bin,none,4,4,52 60 231 225 106 158 155 115
layer_27.bin,none,4,4,177 128 41 29 178 233 54 220
layer_28.bin,none,7,1,12 26 170 246 243 250 252 204
layer_29.bin,none,5,3,242 150 245 168 126 36 35 161
layer_30.bin,none,3,5,44 97 72 110 38 192 18 100
layer_31.bin,none,7,1,54 244 36 229 154 191 242 173
layer_32.bin,none,4,4,116 58 248 174 75 44 66 92
layer_33.bin,none,6,2,63 182 206 136 59 176 236 137
layer_34.bin,none,6,2,206 58 69 63 108 166 177 99
layer_35.bin,none,4,4,34 95 40 128 33 0 173 176
layer_36.bin,none,3,5,138 253 54 228 119 126 168 59
layer_37.bin,none,2,6,95 164 49 25 198 244 119 150
layer_38.bin,none,5,3,136 43 177 142 140 37 191 173
layer_39.bin,none,5,3,228 235 27 151 106 253 22 168
layer_00.bin,none,1,7,69 102 250 228 14 10 194 98
layer_01.bin,none,6,2,234 166 98 40 13 179 204 209
layer_02.bin,none,6,2,120 39 139 84 252 142 158 13
layer_03.bin,none,5,3,25 159 225 95 218 188 75 0
layer_04.bin,none,6,2,192 98 180 154 215 195 123 43
layer_05.bin,none,6,2,213 31 67 254 165 250 155 148
layer_06.bin,none,7,1,135 52 157 171 39 10 114 79
layer_07.bin,none,7,1,61 76 171 169 35 116 66 55
layer_08.bin,none,8,0,191 107 110 61 56 178 80 194
layer_09.bin,none,7,1,198 245 240 73 47 197 44 215
layer_10.bin,none,6,2,251 17 220 187 1 111 95 12
layer_11.bin,none,4,4,11 156 255 158 98 49 241 225
layer_12.bin,none,5,3,39 198 157 225 33 65 5 196
layer_13.bin,none,7,1,13 210 99 42 127 37 125 47
layer_14.bin,none,4,4,106 231 131 8 72 179 87 207
layer_15.bin,none,6,2,204 213 116 51 250 177 171 54
layer_16.bin,none,5,3,243 178 252 170 152 47 189 12
layer_17.bin,none,6,2,20 216 241 162 64 101 115 200
layer_18.bin,none,4,4,67 72 62 97 184 237 19 203
layer_19.bin,none,6,2,54 229 75 30 226 190 98 228
layer_20.bin,none,5,3,157 135 191 80 110 94 237 238
layer_21.bin,none,4,4,240 245 44 47 198 73 153 215
layer_22.bin,none,5,3,251 17 182 124 13 187 168 151
layer_23.bin,none,2,6,156 11 181 247 34 249 225 169
layer_24.bin,none,4,4,33 39 198 20 224 253 255 73
layer_25.bin,none,6,2,13 210 206 37 167 91 152 224
layer_26.bin,none,4,4,143 64 142 200 243 19 81 87
layer_27.bin,none,3,5,111 51 173 190 29 177 59 122
layer_28.bin,none,6,2,243 89 201 12 178 152 236 246
layer_29.bin,none,4,4,177 162 242 99 69 183 20 18
layer_30.bin,none,2,6,97 208 67 19 131 234 237 84
layer_31.bin,none,5,3,54 229 169 134 242 42 190 214
layer_32.bin,none,3,5,116 174 75 137 46 6 133 43
layer_33.bin,none,7,1,182 206 136 59 63 137 236 172
layer_34.bin,none,4,4,205 206 108 131 69 46 63 129
layer_35.bin,none,5,3,34 40 196 35 128 173 155 64
layer_36.bin,none,5,3,168 253 119 251 145 171 220 165
layer_37.bin,none,7,1,95 198 3 25 165 207 130 88
layer_38.bin,none,6,2,140 93 193 136 121 236 31 191
layer_39.bin,none,6,2,23 106 225 27 253 22 97 68
layer_00.bin,none,0,8,1 218 212 136 3 65 157 33
layer_01.bin,none,2,6,157 234 79 230 41 98 15 227
layer_02.bin,none,2,6,45 72 203 192 96 131 177 2
layer_03.bin,none,5,3,25 213 159 15 148 0 252 118
layer_04.bin,none,6,2,192 215 154 123 180 43 219 116
layer_05.bin,none,6,2,213 31 250 165 59 148 151 19
layer_06.bin,none,6,2,39 157 79 52 135 232 241 84
layer_07.bin,none,7,1,61 76 171 35 169 66 116 192
layer_08.bin,none,7,1,157 135 107 110 56 80 191 194
layer_09.bin,none,6,2,160 198 73 47 44 197 8 87
layer_10.bin,none,5,3,98 251 234 12 187 139 111 244
layer_11.bin,none,5,3,158 199 54 111 3 225 169 48
layer_12.bin,none,8,0,39 157 33 208 196 225 198 239
layer_13.bin,none,7,1,13 42 37 47 99 94 210 190
layer_14.bin,none,5,3,52 143 19 131 125 247 106 160
layer_15.bin,none,4,4,51 116 177 119 26 213 249 111
layer_16.bin,none,7,1,12 26 170 252 152 178 51 246
layer_17.bin,none,6,2,162 115 20 216 242 177 148 35
layer_18.bin,none,6,2,72 19 97 192 84 67 13 244
layer_19.bin,none,6,2,173 54 190 242 75 229 132 81
layer_20.bin,none,7,1,157 135 3 110 80 107 44 56
layer_21.bin,none,5,3,160 44 208 0 47 197 20 59
layer_22.bin,none,3,5,98 251 244 234 139 122 28 12
layer_23.bin,none,6,2,158 199 169 54 175 156 111 249
layer_24.bin,none,6,2,33 39 157 249 20 68 224 238
layer_25.bin,none,5,3,13 94 37 42 130 210 214 47
layer_26.bin,none,5,3,143 52 115 64 247 160 19 150
layer_27.bin,none,7,1,51 111 116 177 35 34 85 122
layer_28.bin,none,6,2,201 243 12 147 63 152 204 130
layer_29.bin,none,6,2,162 177 99 242 20 148 225 230
layer_30.bin,none,6,2,19 97 72 45 131 44 13 24
layer_31.bin,none,5,3,229 242 190 209 214 150 173 184
layer_32.bin,none,4,4,116 197 6 50 178 44 83 7
layer_33.bin,none,4,4,206 59 152 136 18 247 137 193
layer_34.bin,none,4,4,241 183 11 152 206 141 213 230
layer_35.bin,none,4,4,12 6 76 10 3 212 210 83
layer_36.bin,none,7,1,251 119 239 171 127 116 252 145
layer_37.bin,none,4,4,248 63 117 165 207 25 209 61
layer_38.bin,none,5,3,124 140 20 254 191 62 111 112
layer_39.bin,none,5,3,55 155 120 22 80 97 253 133
layer_00.bin,none,3,5,199 134 175 161 76 151 31 124
layer_01.bin,none,4,4,41 101 116 6 22 245 49 234
layer_02.bin,none,5,3,71 96 180 3 158 120 218 83
layer_03.bin,none,5,3,213 72 207 15 25 159 11 132
layer_04.bin,none,6,2,192 44 154 10 51 219 43 132
layer_05.bin,none,8,0,236 250 165 151 115 62 158 170
layer_06.bin,none,7,1,39 79 157 232 100 84 86 171
layer_07.bin,none,8,0,199 76 223 79 35 169 9 100
layer_08.bin,none,8,0,56 107 220 136 189 191 144 82
layer_09.bin,none,6,2,8 44 0 197 108 61 48 198
layer_10.bin,none,6,2,234 19 9 242 220 59 12 26
layer_11.bin,none,8,0,111 85 158 3 59 194 225 137
layer_12.bin,none,5,3,208 157 39 3 239 230 35 238
layer_13.bin,none,6,2,13 37 137 47 219 154 234 66
layer_14.bin,none,8,0,52 252 131 160 60 138 167 106
layer_15.bin,none,7,1,233 33 177 213 4 181 155 85
layer_16.bin,none,7,1,26 170 51 190 73 152 252 102
layer_17.bin,none,7,1,164 115 20 242 103 21 229 35
layer_18.bin,none,7,1,192 250 72 97 226 221 108 13
layer_19.bin,none,5,3,85 229 197 243 70 4 75 190
layer_20.bin,none,6,2,159 121 107 56 136 199 191 108
layer_21.bin,none,8,0,44 208 0 197 131 8 47 198
layer_22.bin,none,8,0,234 242 19 122 251 80 124 40
layer_23.bin,none,6,2,158 85 111 3 218 194 59 70
layer_24.bin,none,6,2,39 157 50 11 238 201 115 73
layer_25.bin,none,7,1,37 13 130 0 210 137 42 19
layer_26.bin,none,6,2,52 171 196 106 160 83 115 203
layer_27.bin,none,6,2,28 177 33 35 233 249 54 130
layer_28.bin,none,8,0,190 243 102 170 193 246 26 12
layer_29.bin,none,7,1,162 164 21 88 177 20 121 242
layer_30.bin,none,7,1,19 97 250 151 162 63 44 192
layer_31.bin,none,5,3,229 34 190 242 209 97 17 30
layer_32.bin,none,6,2,123 76 179 140 230 7 86 44
layer_33.bin,none,6,2,234 95 136 59 75 104 11 56
layer_34.bin,none,7,1,183 72 240 166 238 44 206 46
layer_35.bin,none,5,3,191 116 148 64 190 102 15 129
layer_36.bin,none,2,6,119 227 142 39 112 134 16 115
layer_37.bin,none,3,5,78 240 3 109 34 127 80 95
layer_38.bin,none,4,4,140 169 121 96 93 17 88 119
layer_39.bin,none,4,4,165 122 106 7 158 253 97 22
layer_00.bin,none,1,7,93 226 80 96 146 194 198 11
layer_01.bin,none,4,4,234 195 16 107 143 222 2 94
layer_02.bin,none,6,2,71 253 96 180 254 7 158 249
layer_03.bin,none,4,4,221 188 72 15 228 170 75 134
layer_04.bin,none,3,5,119 105 20 60 123 182 33 213
layer_05.bin,none,6,2,61 250 151 165 32 236 62 213
layer_06.bin,none,6,2,16 39 90 157 232 79 84 100
layer_07.bin,none,6,2,76 199 171 204 61 169 234 116
layer_08.bin,none,7,1,112 157 107 159 135 56 191 144
layer_09.bin,none,5,3,206 47 44 120 198 19 73 141
layer_10.bin,none,5,3,251 80 98 229 163 234 19 220
layer_11.bin,none,6,2,18 158 3 54 111 142 85 225
layer_12.bin,none,4,4,157 39 106 67 33 247 196 225
layer_13.bin,none,6,2,13 200 210 37 47 99 175 190
layer_14.bin,none,4,4,38 52 150 131 106 26 160 29
layer_15.bin,none,5,3,241 213 233 228 177 33 227 254
layer_16.bin,none,5,3,243 149 26 49 228 92 252 12
layer_17.bin,none,5,3,162 155 243 242 115 91 20 216
layer_18.bin,none,5,3,6 97 72 192 19 167 63 131
layer_19.bin,none,2,6,229 233 10 97 51 242 17 54
layer_20.bin,none,5,3,112 159 157 110 81 244 3 204
layer_21.bin,none,2,6,206 209 78 208 19 174 56 36
layer_22.bin,none,2,6,80 229 163 211 251 210 41 129
layer_23.bin,none,3,5,75 18 142 162 127 181 54 155
layer_24.bin,none,3,5,106 98 39 247 174 73 22 5
layer_25.bin,none,5,3,37 13 200 210 211 84 206 254
layer_26.bin,none,4,4,38 83 19 26 150 8 128 115
layer_27.bin,none,3,5,241 177 111 173 41 34 154 89
layer_28.bin,none,5,3,149 185 243 89 246 12 201 236
layer_29.bin,none,3,5,177 155 65 102 251 121 148 242
layer_30.bin,none,6,2,6 97 19 45 104 67 44 88
layer_31.bin,none,4,4,229 51 233 190 81 234 56 97
layer_32.bin,none,4,4,89 17 199 7 44 230 247 30
layer_33.bin,none,3,5,214 23 94 136 206 59 193 55
layer_34.bin,none,3,5,182 187 177 54 108 46 8 58
layer_35.bin,none,7,1,12 241 7 225 40 64 102 217
layer_36.bin,none,5,3,253 119 8 0 165 116 199 112
layer_37.bin,none,4,4,164 84 115 77 3 207 250 69
layer_38.bin,none,5,3,136 140 121 252 254 159 184 82
layer_39.bin,none,6,2,23 16 68 97 225 80 22 247
layer_00.bin,none,1,7,40 212 65 218 207 157 136 110
layer_01.bin,none,1,7,131 253 166 98 190 89 35 154
layer_02.bin,none,5,3,253 211 180 246 96 249 183 45
layer_03.bin,none,4,4,15 228 184 95 132 185 25 188
layer_04.bin,none,2,6,133 180 138 188 105 123 219 196
layer_05.bin,none,6,2,31 23 250 151 252 213 236 172
layer_06.bin,none,6,2,241 39 129 79 135 157 114 16
layer_07.bin,none,5,3,61 171 76 47 169 116 108 55
layer_08.bin,none,7,1,157 107 247 135 112 110 108 237
layer_09.bin,none,6,2,240 198 22 253 47 44 86 67
layer_10.bin,none,6,2,220 251 46 234 226 98 59 111
layer_11.bin,none,4,4,201 158 93 54 111 156 55 225
layer_12.bin,none,6,2,39 242 225 33 207 196 238 5
layer_13.bin,none,5,3,13 37 164 47 210 99 100 148
layer_14.bin,none,4,4,83 106 52 160 146 68 162 49
layer_15.bin,none,4,4,177 116 41 79 233 28 249 111
layer_16.bin,none,6,2,26 12 201 252 170 49 71 219
layer_17.bin,none,5,3,216 20 162 242 177 115 148 106
layer_18.bin,none,4,4,97 19 72 192 84 151 67 244
layer_19.bin,none,6,2,206 249 190 54 225 10 242 75
layer_20.bin,none,6,2,157 110 3 114 185 80 140 204
layer_21.bin,none,5,3,44 208 206 240 148 106 36 78
layer_22.bin,none,4,4,220 251 154 29 124 226 210 234
layer_23.bin,none,4,4,158 54 201 93 64 194 136 30
layer_24.bin,none,6,2,242 33 148 39 247 238 185 73
layer_25.bin,none,4,4,37 13 164 210 130 236 119 240
layer_26.bin,none,6,2,83 19 92 171 64 209 8 128
layer_27.bin,none,5,3,177 116 111 241 29 173 171 122
layer_28.bin,none,6,2,201 193 12 243 216 219 102 63
layer_29.bin,none,6,2,216 88 177 162 94 121 20 242
layer_30.bin,none,5,3,97 19 162 151 50 104 220 144
layer_31.bin,none,4,4,54 190 34 82 135 229 96 183
layer_32.bin,none,4,4,116 179 125 46 170 205 140 182
layer_33.bin,none,3,5,18 206 59 182 104 132 11 169
layer_34.bin,none,6,2,44 205 141 177 238 206 8 87
layer_35.bin,none,7,1,148 190 12 74 217 116 7 64
layer_36.bin,none,7,1,251 119 115 129 227 39 116 171
layer_37.bin,none,5,3,95 27 14 225 101 78 65 80
layer_38.bin,none,6,2,124 79 119 114 215 84 157 251
layer_39.bin,none,7,1,122 62 197 242 97 158 77 181
layer_00.bin,none,6,2,141 235 61 190 253 115 221 208
layer_01.bin,none,5,3,155 93 244 182 47 46 197 11
layer_02.bin,none,4,4,17 210 88 109 103 158 145 72
layer_03.bin,none,5,3,235 187 37 133 231 77 152 230
layer_04.bin,none,5,3,214 142 236 102 222 15 13 128
layer_05.bin,none,6,2,186 193 90 151 158 88 104 65
layer_06.bin,none,8,0,79 39 167 153 157 52 241 196
layer_07.bin,none,8,0,36 76 29 35 171 64 23 147
layer_08.bin,none,7,1,57 234 110 89 56 107 116 52
layer_09.bin,none,8,0,197 94 164 116 29 198 47 191
layer_10.bin,none,7,1,130 169 198 251 98 234 220 1
layer_11.bin,none,6,2,189 158 111 3 161 169 255 54
layer_12.bin,none,8,0,39 74 63 26 93 33 128 196
layer_13.bin,none,8,0,13 210 43 37 47 154 147 99
layer_14.bin,none,7,1,52 106 137 124 51 20 64 160
layer_15.bin,none,6,2,81 148 177 162 4 165 200 213
layer_16.bin,none,7,1,5 252 170 196 152 243 0 51
layer_17.bin,none,6,2,20 250 162 242 172 61 115 64
layer_18.bin,none,5,3,57 0 97 179 192 50 187 13
layer_19.bin,none,6,2,75 116 109 130 195 20 205 26
layer_20.bin,none,7,1,191 234 56 80 239 89 179 185
layer_21.bin,none,7,1,164 29 94 47 116 197 126 191
layer_22.bin,none,6,2,198 169 130 234 115 113 251 80
layer_23.bin,none,6,2,189 161 206 128 111 162 172 108
layer_24.bin,none,6,2,74 63 26 160 242 39 15 93
layer_25.bin,none,7,1,147 43 134 61 37 13 130 97
layer_26.bin,none,7,1,20 148 137 124 50 51 171 92
layer_27.bin,none,6,2,200 81 181 58 162 217 165 87
layer_28.bin,none,5,3,43 133 170 5 252 152 134 50
layer_29.bin,none,6,2,87 76 250 0 20 119 172 127
layer_30.bin,none,4,4,163 179 201 43 0 187 135 184
layer_31.bin,none,6,2,116 109 205 201 30 4 96 20
layer_32.bin,none,4,4,181 119 178 223 90 74 131 159
layer_33.bin,none,6,2,93 83 86 43 129 16 236 27
layer_34.bin,none,5,3,82 96 74 105 26 132 21 1
layer_35.bin,none,6,2,27 160 239 42 57 72 135 33
layer_36.bin,none,5,3,222 20 22 192 75 70 221 12
layer_37.bin,none,6,2,39 24 88 34 175 229 130 2
layer_38.bin,none,4,4,64 193 200 151 202 99 23 249
layer_39.bin,none,5,3,186 190 11 206 162 154 192 7
layer_00.bin,none,6,2,38 54 167 193 44 94 244 112
layer_01.bin,none,4,4,46 188 58 47 122 201 140 105
layer_02.bin,none,5,3,140 145 74 53 158 104 128 245
layer_03.bin,none,4,4,26 230 233 91 103 128 78 34
layer_04.bin,none,5,3,81 144 213 91 245 45 248 95
layer_05.bin,none,7,1,90 188 43 193 78 47 158 88
layer_06.bin,none,5,3,60 215 153 206 138 173 143 121
layer_07.bin,none,6,2,117 229 176 65 23 70 54 235
layer_08.bin,none,7,1,116 239 104 110 234 73 57 179
layer_09.bin,none,7,1,126 116 191 113 171 239 197 164
layer_10.bin,none,6,2,238 36 248 115 157 65 198 182
layer_11.bin,none,3,5,133 233 140 161 47 36 112 86
layer_12.bin,none,6,2,93 74 44 175 193 60 134 199
layer_13.bin,none,7,1,6 33 61 147 134 44 154 206
layer_14.bin,none,8,0,50 147 86 51 189 106 137 125
layer_15.bin,none,8,0,162 148 189 243 204 46 200 191
layer_16.bin,none,6,2,156 151 133 252 134 243 141 174
layer_17.bin,none,7,1,5 76 110 57 20 226 87 248
layer_18.bin,none,7,1,179 203 187 128 226 177 93 166
layer_19.bin,none,7,1,30 226 109 120 56 201 77 75
layer_20.bin,none,8,0,239 234 110 80 224 237 33 61
layer_21.bin,none,8,0,116 126 47 191 164 198 155 73
layer_22.bin,none,5,3,161 157 248 236 247 187 198 91
layer_23.bin,none,5,3,47 189 140 181 36 111 138 162
layer_24.bin,none,3,5,44 93 39 3 192 209 74 213
layer_25.bin,none,7,1,6 127 154 61 33 204 134 175
layer_26.bin,none,7,1,148 106 147 52 51 189 137 167
layer_27.bin,none,8,0,250 200 54 181 204 58 162 81
layer_28.bin,none,7,1,43 170 152 156 133 252 150 0
layer_29.bin,none,8,0,142 5 20 76 230 57 172 200
layer_30.bin,none,7,1,135 226 251 192 203 179 201 187
layer_31.bin,none,8,0,226 30 12 96 109 201 42 167
layer_32.bin,none,7,1,223 178 206 181 119 159 237 50
layer_33.bin,none,7,1,83 93 40 72 74 73 190 9
layer_34.bin,none,8,0,186 21 82 116 1 251 141 34
layer_35.bin,none,8,0,244 10 212 214 160 224 61 76
layer_36.bin,none,6,2,129 70 198 203 248 68 181 34
layer_37.bin,none,7,1,58 48 229 105 57 175 62 96
layer_38.bin,none,4,4,104 191 245 16 147 180 21 73
layer_39.bin,none,6,2,238 235 22 80 73 223 206 95
layer_00.bin,none,7,1,140 112 43 238 200 58 173 67
layer_01.bin,none,6,2,46 47 188 137 181 39 140 155
layer_02.bin,none,6,2,140 72 186 165 20 51 245 53
layer_03.bin,none,7,1,117 103 233 26 38 230 118 119
layer_04.bin,none,5,3,245 213 81 144 120 140 145 193
layer_05.bin,none,5,3,145 106 188 158 76 78 85 15
layer_06.bin,none,4,4,118 230 206 137 176 89 254 211
layer_07.bin,none,6,2,165 65 47 35 245 184 76 49
layer_08.bin,none,4,4,239 106 80 92 185 110 19 235
layer_09.bin,none,7,1,203 126 113 122 8 198 127 171
layer_10.bin,none,5,3,115 43 23 76 240 145 238 234
layer_11.bin,none,4,4,42 111 131 78 12 56 25 88
layer_12.bin,none,5,3,170 200 230 71 66 125 172 245
layer_13.bin,none,5,3,39 37 110 112 234 198 128 5
layer_14.bin,none,6,2,138 5 252 52 182 183 105 255
layer_15.bin,none,6,2,166 161 151 177 80 230 222 26
layer_16.bin,none,7,1,214 51 26 73 121 83 12 71
layer_17.bin,none,8,0,115 31 60 242 53 162 35 158
layer_18.bin,none,7,1,150 97 192 13 226 106 101 17
layer_19.bin,none,3,5,132 209 160 14 74 249 197 156
layer_20.bin,none,4,4,56 46 189 136 163 215 105 44
layer_21.bin,none,6,2,8 52 61 242 197 42 108 111
layer_22.bin,none,6,2,160 119 26 122 67 239 69 234
layer_23.bin,none,6,2,111 80 100 158 215 6 226 108
layer_24.bin,none,7,1,104 184 170 238 129 66 200 239
layer_25.bin,none,7,1,37 211 39 130 110 112 114 204
layer_26.bin,none,5,3,52 252 105 138 225 5 30 152
layer_27.bin,none,5,3,166 42 177 230 151 161 220 131
layer_28.bin,none,6,2,74 214 73 26 204 246 222 23
layer_29.bin,none,5,3,150 242 36 31 158 20 224 221
layer_30.bin,none,6,2,180 172 3 44 110 104 38 94
layer_31.bin,none,5,3,154 191 204 238 36 160 148 150
layer_32.bin,none,6,2,178 127 223 206 237 66 24 33
layer_33.bin,none,6,2,74 40 16 190 241 9 155 35
layer_34.bin,none,6,2,116 251 21 141 107 1 186 165
layer_35.bin,none,7,1,10 244 224 214 229 130 76 212
layer_36.bin,none,6,2,198 70 129 203 196 239 68 102
layer_37.bin,none,7,1,104 58 48 57 105 147 175 76
layer_38.bin,none,8,0,92 148 27 84 97 79 104 254
layer_39.bin,none,7,1,243 78 38 242 238 206 22 46
layer_00.bin,none,6,2,67 88 200 140 238 206 173 95
layer_01.bin,none,6,2,47 181 192 46 140 152 70 127
layer_02.bin,none,3,5,62 186 21 197 165 20 82 206
layer_03.bin,none,6,2,233 117 38 103 106 150 118 194
layer_04.bin,none,5,3,193 235 199 62 140 45 120 24
layer_05.bin,none,4,4,230 145 237 189 13 15 85 87
layer_06.bin,none,4,4,118 89 137 12 96 124 181 110
layer_07.bin,none,3,5,145 176 207 47 142 165 155 72
layer_08.bin,none,6,2,239 185 237 73 175 116 104 245
layer_09.bin,none,5,3,53 200 113 126 18 224 201 171
layer_10.bin,none,2,6,215 115 227 231 183 129 93 76
layer_11.bin,none,2,6,181 51 253 224 41 140 143 196
layer_12.bin,none,2,6,102 212 62 0 92 4 104 88
layer_13.bin,none,4,4,6 44 142 251 84 141 171 236
layer_14.bin,none,5,3,106 211 244 28 215 159 189 140
layer_15.bin,none,6,2,228 191 127 243 250 70 204 89
layer_16.bin,none,5,3,252 170 63 92 220 177 203 134
layer_17.bin,none,4,4,226 20 249 125 127 69 97 242
layer_18.bin,none,5,3,203 177 2 166 192 13 60 159
layer_19.bin,none,6,2,228 77 30 42 201 226 56 132
layer_20.bin,none,7,1,224 11 80 110 61 191 237 104
layer_21.bin,none,6,2,73 47 198 8 113 197 155 53
layer_22.bin,none,4,4,187 215 206 78 93 199 161 227
layer_23.bin,none,5,3,162 205 140 171 3 181 88 138
layer_24.bin,none,5,3,39 62 225 213 209 194 142 91
layer_25.bin,none,5,3,127 204 146 251 185 175 52 20
layer_26.bin,none,5,3,106 181 167 159 215 189 14 52
layer_27.bin,none,5,3,228 250 54 204 71 184 121 217
layer_28.bin,none,6,2,152 170 252 20 16 163 47 39
layer_29.bin,none,7,1,5 158 142 230 20 26 242 200
layer_30.bin,none,7,1,135 2 221 201 251 203 192 128
layer_31.bin,none,5,3,201 226 120 42 96 30 166 77
layer_32.bin,none,6,2,223 60 206 178 237 158 50 159
layer_33.bin,none,7,1,40 190 74 41 72 83 9 33
layer_34.bin,none,8,0,82 116 21 251 213 34 1 141
layer_35.bin,none,7,1,244 224 214 10 212 183 229 76
layer_36.bin,none,7,1,129 70 198 239 203 24 255 68
layer_37.bin,none,7,1,104 58 57 48 147 105 14 28
layer_38.bin,none,7,1,27 92 148 84 79 97 74 71
layer_39.bin,none,6,2,110 243 78 38 242 12 188 69
layer_00.bin,none,3,5,199 175 124 155 186 20 92 31
layer_01.bin,none,5,3,245 49 61 124 19 233 204 164
layer_02.bin,none,6,2,60 193 3 49 71 253 77 79
layer_03.bin,none,7,1,159 25 197 199 207 94 225 39
layer_04.bin,none,5,3,192 154 200 51 243 250 160 88
layer_05.bin,none,6,2,165 155 115 251 136 202 218 158
layer_06.bin,none,7,1,161 52 14 79 171 49 183 135
layer_07.bin,none,6,2,35 171 76 32 120 65 229 208
layer_08.bin,none,5,3,224 61 110 220 16 191 222 98
layer_09.bin,none,6,2,198 73 197 54 255 20 8 161
layer_10.bin,none,5,3,165 111 122 187 8 157 234 162
layer_11.bin,none,5,3,59 85 47 194 111 3 191 15
layer_12.bin,none,6,2,219 39 60 193 208 210 92 194
layer_13.bin,none,4,4,6 219 66 127 151 154 168 125
layer_14.bin,none,7,1,106 189 28 231 125 159 52 14
layer_15.bin,none,4,4,250 133 54 149 233 204 20 227
layer_16.bin,none,7,1,252 36 190 163 51 170 46 152
layer_17.bin,none,6,2,20 230 158 78 241 15 201 142
layer_18.bin,none,6,2,130 203 250 201 135 184 177 2
layer_19.bin,none,6,2,226 201 96 70 30 222 77 75
layer_20.bin,none,6,2,224 191 110 80 61 141 185 238
layer_21.bin,none,4,4,73 198 255 151 107 47 54 59
layer_22.bin,none,5,3,187 157 111 165 247 122 9 21
layer_23.bin,none,5,3,85 47 231 59 195 111 50 181
layer_24.bin,none,7,1,219 39 145 210 3 193 194 208
layer_25.bin,none,4,4,127 154 151 155 6 66 175 113
layer_26.bin,none,6,2,189 106 86 28 14 53 52 22
layer_27.bin,none,5,3,250 54 149 133 204 217 172 249
layer_28.bin,none,8,0,152 163 47 252 170 190 80 55
layer_29.bin,none,6,2,230 20 142 201 158 200 21 166
layer_30.bin,none,6,2,250 197 135 251 201 203 177 16
layer_31.bin,none,7,1,201 226 30 96 167 42 183 228
layer_32.bin,none,6,2,123 19 237 85 159 50 136 235
layer_33.bin,none,7,1,181 95 74 56 72 139 162 68
layer_34.bin,none,8,0,191 21 195 1 251 72 141 107
layer_35.bin,none,8,0,212 43 191 10 136 61 185 76
layer_36.bin,none,5,3,92 198 203 196 125 129 98 214
layer_37.bin,none,7,1,58 48 209 105 113 28 115 126
layer_38.bin,none,7,1,92 0 84 97 243 87 148 35
layer_39.bin,none,7,1,189 78 197 188 129 44 235 63
layer_00.bin,none,0,8,35 101 197 34 179 79 9 48
layer_01.bin,none,6,2,47 62 155 97 146 70 75 20
layer_02.bin,none,3,5,149 130 109 196 253 244 39 146
layer_03.bin,none,7,1,26 233 230 226 211 236 150 3
layer_04.bin,none,6,2,200 15 61 245 144 102 241 90
layer_05.bin,none,7,1,220 188 90 43 160 165 236 202
layer_06.bin,none,8,0,14 182 161 157 52 79 133 135
layer_07.bin,none,7,1,171 35 76 237 23 36 229 65
layer_08.bin,none,8,0,35 239 110 61 106 173 179 164
layer_09.bin,none,7,1,203 197 73 180 198 107 54 47
layer_10.bin,none,3,5,88 157 187 21 118 175 61 167
layer_11.bin,none,3,5,81 47 42 111 253 143 221 213
layer_12.bin,none,6,2,193 39 219 60 220 154 194 209
layer_13.bin,none,7,1,112 3 6 44 29 66 154 127
layer_14.bin,none,7,1,106 28 189 159 52 57 244 59
layer_15.bin,none,7,1,250 133 172 54 204 227 148 254
layer_16.bin,none,8,0,252 36 92 170 163 181 152 51
layer_17.bin,none,8,0,20 230 5 241 64 226 201 15
layer_18.bin,none,8,0,203 197 170 2 177 60 135 201
layer_19.bin,none,8,0,226 201 77 56 30 75 222 167
layer_20.bin,none,8,0,80 224 191 239 110 185 61 141
layer_21.bin,none,7,1,73 47 198 180 203 255 197 107
layer_22.bin,none,4,4,187 247 88 118 78 236 93 150
layer_23.bin,none,5,3,39 47 3 181 50 130 205 225
layer_24.bin,none,6,2,39 154 194 219 145 209 16 193
layer_25.bin,none,8,0,127 66 175 206 154 185 204 151
layer_26.bin,none,7,1,106 159 22 14 189 167 88 118
layer_27.bin,none,7,1,250 172 54 204 217 71 133 58
layer_28.bin,none,5,3,152 47 252 170 96 163 137 231
layer_29.bin,none,8,0,230 5 201 142 200 242 20 102
layer_30.bin,none,7,1,170 135 251 177 203 221 2 197
layer_31.bin,none,6,2,201 226 30 42 77 229 130 96
layer_32.bin,none,4,4,158 98 50 237 21 99 149 159
layer_33.bin,none,6,2,72 40 190 126 232 16 220 41
layer_34.bin,none,6,2,116 21 34 251 141 161 55 1
layer_35.bin,none,6,2,10 212 39 135 61 224 183 3
layer_36.bin,none,7,1,198 239 70 181 196 49 203 214
layer_37.bin,none,6,2,209 58 48 105 28 90 57 190
layer_38.bin,none,6,2,92 84 148 97 71 79 47 179
layer_39.bin,none,7,1,2 189 78 36 38 188 69 242
layer_00.bin,none,2,6,186 78 207 148 120 238 92 60
layer_01.bin,none,5,3,245 182 143 124 1 167 240 217
layer_02.bin,none,5,3,188 228 92 253 60 153 86 124
layer_03.bin,none,5,3,25 159 155 16 157 154 1 255
layer_04.bin,none,4,4,192 98 110 239 94 61 157 88
layer_05.bin,none,5,3,165 155 202 251 120 49 40 242
layer_06.bin,none,2,6,171 232 92 177 34 10 155 71
layer_07.bin,none,5,3,35 76 171 228 43 65 208 19
layer_08.bin,none,6,2,110 61 47 225 159 80 220 194
layer_09.bin,none,7,1,198 8 47 73 255 156 5 100
layer_10.bin,none,6,2,109 187 234 111 17 91 165 3
layer_11.bin,none,4,4,3 231 153 204 163 91 102 213
layer_12.bin,none,5,3,47 39 145 239 194 208 184 101
layer_13.bin,none,4,4,155 20 188 236 3 125 190 203
layer_14.bin,none,2,6,106 220 196 159 200 139 14 144
layer_15.bin,none,3,5,178 112 250 54 125 204 123 89
layer_16.bin,none,4,4,243 10 252 36 107 220 230 41
layer_17.bin,none,5,3,126 200 230 242 185 243 226 127
layer_18.bin,none,4,4,108 2 251 130 176 201 177 46
layer_19.bin,none,7,1,247 30 228 226 42 201 229 77
layer_20.bin,none,7,1,159 110 80 47 225 61 224 191
layer_21.bin,none,7,1,198 47 73 5 156 232 8 212
layer_22.bin,none,5,3,187 109 78 21 117 210 91 194
layer_23.bin,none,5,3,99 3 50 204 248 231 163 157
layer_24.bin,none,6,2,47 39 145 16 225 119 166 194
layer_25.bin,none,6,2,127 13 20 175 236 206 66 222
layer_26.bin,none,5,3,106 159 144 196 189 14 116 139
layer_27.bin,none,7,1,178 250 54 204 217 121 130 133
layer_28.bin,none,6,2,10 152 56 252 230 138 170 59
layer_29.bin,none,8,0,126 230 242 201 200 19 25 142
layer_30.bin,none,5,3,18 108 251 66 2 135 184 151
layer_31.bin,none,7,1,226 201 42 77 247 30 60 96
layer_32.bin,none,7,1,248 58 12 19 50 14 146 237
layer_33.bin,none,7,1,176 133 75 162 103 72 54 16
layer_34.bin,none,6,2,249 80 182 15 141 251 21 227
layer_35.bin,none,5,3,106 10 136 180 176 185 7 95
layer_36.bin,none,5,3,21 17 138 92 198 228 203 125
layer_37.bin,none,6,2,244 214 113 48 208 110 28 105
layer_38.bin,none,3,5,177 243 43 141 156 24 47 63
layer_39.bin,none,0,8,37 66 142 83 209 5 164 251
layer_00.bin,none,3,5,15 241 210 240 98 156 14 69
layer_01.bin,none,5,3,182 195 143 97 199 245 120 64
layer_02.bin,none,6,2,188 60 228 253 92 79 157 7
layer_03.bin,none,6,2,25 159 16 157 94 36 8 155
layer_04.bin,none,5,3,192 51 154 160 88 94 93 132
layer_05.bin,none,7,1,165 115 155 202 251 52 236 120
layer_06.bin,none,6,2,82 171 57 79 177 168 25 232
layer_07.bin,none,8,0,35 171 76 32 223 65 116 43
layer_08.bin,none,8,0,47 110 159 220 191 61 56 224
layer_09.bin,none,7,1,47 8 198 255 197 73 44 87
layer_10.bin,none,7,1,234 91 165 111 8 187 232 81
layer_11.bin,none,7,1,3 59 231 204 160 111 50 137
layer_12.bin,none,8,0,39 208 145 194 47 166 16 239
layer_13.bin,none,7,1,66 13 154 127 219 125 47 190
layer_14.bin,none,7,1,106 52 167 159 131 61 60 125
layer_15.bin,none,7,1,178 54 250 4 233 204 174 213
layer_16.bin,none,8,0,252 170 51 46 0 243 230 205
layer_17.bin,none,8,0,242 35 78 15 64 20 185 230
layer_18.bin,none,8,0,2 192 108 13 177 126 251 203
layer_19.bin,none,7,1,228 30 247 201 75 173 86 243
layer_20.bin,none,8,0,159 47 80 110 56 224 191 3
layer_21.bin,none,8,0,47 198 197 5 255 8 73 156
layer_22.bin,none,6,2,187 234 247 165 19 91 210 138
layer_23.bin,none,8,0,3 59 231 99 50 248 204 85
layer_24.bin,none,6,2,39 47 166 119 16 157 209 145
layer_25.bin,none,6,2,13 127 155 175 66 169 20 19
layer_26.bin,none,7,1,106 196 159 167 14 189 139 128
layer_27.bin,none,7,1,178 250 54 204 217 130 121 108
layer_28.bin,none,7,1,56 138 152 252 82 170 230 59
layer_29.bin,none,8,0,19 230 78 142 242 200 201 25
layer_30.bin,none,7,1,108 66 251 135 2 151 177 13
layer_31.bin,none,7,1,226 247 42 201 30 96 77 157
layer_32.bin,none,7,1,248 12 146 14 50 19 57 237
layer_33.bin,none,8,0,75 103 162 40 133 16 176 72
layer_34.bin,none,8,0,249 141 227 80 191 21 18 251
layer_35.bin,none,6,2,136 10 176 223 185 76 3 244
layer_36.bin,none,8,0,21 92 198 17 129 125 196 203
layer_37.bin,none,8,0,113 48 208 214 105 28 126 110
layer_38.bin,none,7,1,243 87 156 97 84 177 185 254
layer_39.bin,none,6,2,251 78 188 209 66 50 235 226
layer_00.bin,none,3,5,194 240 52 80 209 210 247 69
layer_01.bin,none,6,2,182 195 143 97 47 199 255 175
layer_02.bin,none,4,4,253 63 7 83 188 93 55 191
layer_03.bin,none,7,1,159 25 36 94 66 199 154 243
layer_04.bin,none,7,1,192 149 51 154 160 93 132 70
layer_05.bin,none,7,1,165 115 155 202 158 40 120 52
layer_06.bin,none,6,2,171 168 177 36 245 79 209 232
layer_07.bin,none,7,1,35 76 171 65 32 43 183 116
layer_08.bin,none,7,1,110 220 61 191 159 80 56 140
layer_09.bin,none,8,0,8 255 47 73 198 197 87 54
layer_10.bin,none,8,0,234 187 165 8 111 117 232 91
layer_11.bin,none,7,1,3 231 248 50 209 204 137 160
layer_12.bin,none,8,0,208 39 166 194 145 225 193 239
layer_13.bin,none,6,2,154 66 127 219 125 175 42 190
layer_14.bin,none,8,0,106 159 167 14 189 125 105 139
layer_15.bin,none,4,4,250 54 42 204 133 174 108 175
layer_16.bin,none,6,2,252 170 246 154 36 205 51 0
layer_17.bin,none,7,1,78 185 25 230 242 49 35 200
layer_18.bin,none,7,1,2 108 141 13 177 251 203 176
layer_19.bin,none,7,1,247 228 226 204 30 201 42 70
layer_20.bin,none,7,1,80 110 224 159 106 61 3 56
layer_21.bin,none,8,0,47 198 73 8 5 197 255 59
layer_22.bin,none,7,1,187 117 247 165 119 17 78 199
layer_23.bin,none,8,0,3 59 50 248 99 231 209 181
layer_24.bin,none,6,2,39 166 119 3 194 16 128 145
layer_25.bin,none,5,3,127 175 66 19 154 125 42 222
layer_26.bin,none,5,3,106 159 189 14 167 136 93 22
layer_27.bin,none,5,3,250 54 204 116 121 71 217 148
layer_28.bin,none,6,2,138 252 152 56 82 170 212 137
layer_29.bin,none,7,1,78 230 200 201 142 242 19 185
layer_30.bin,none,8,0,66 135 251 177 2 108 151 13
layer_31.bin,none,8,0,226 247 42 201 30 96 77 14
layer_32.bin,none,7,1,14 50 146 19 12 197 237 21
layer_33.bin,none,8,0,75 103 162 40 133 5 16 72
layer_34.bin,none,8,0,227 5 141 11 21 18 251 191
layer_35.bin,none,8,0,10 244 61 223 3 76 212 214
layer_36.bin,none,7,1,48 198 92 129 214 125 196 203
layer_37.bin,none,8,0,113 48 208 105 162 28 14 126
layer_38.bin,none,6,2,243 84 97 79 135 124 185 160
layer_39.bin,none,7,1,77 78 44 188 75 242 62 129
layer_00.bin,none,4,4,78 28 135 51 214 225 186 79
layer_01.bin,none,3,5,32 185 10 97 1 144 245 44
layer_02.bin,none,5,3,76 235 228 55 7 253 244 208
layer_03.bin,none,7,1,16 159 157 25 155 58 197 154
layer_04.bin,none,3,5,192 203 14 129 239 51 158 240
layer_05.bin,none,5,3,165 120 155 202 49 81 96 66
layer_06.bin,none,5,3,171 255 129 245 168 209 227 232
layer_07.bin,none,4,4,171 76 220 66 35 58 137 44
layer_08.bin,none,7,1,33 110 80 61 194 225 247 47
layer_09.bin,none,7,1,132 47 198 73 54 180 212 22
layer_10.bin,none,6,2,187 117 109 111 100 165 182 248
layer_11.bin,none,5,3,36 167 3 99 136 231 191 248
layer_12.bin,none,6,2,203 39 47 194 166 115 193 219
layer_13.bin,none,6,2,33 222 125 44 127 155 219 185
layer_14.bin,none,6,2,147 14 106 56 139 189 144 187
layer_15.bin,none,6,2,178 250 204 54 55 166 62 243
layer_16.bin,none,6,2,10 156 252 170 154 164 36 246
layer_17.bin,none,4,4,96 94 110 200 185 126 127 100
layer_18.bin,none,7,1,128 141 130 2 251 112 177 203
layer_19.bin,none,8,0,247 226 30 42 120 201 77 56
layer_20.bin,none,7,1,80 110 224 61 33 47 225 238
layer_21.bin,none,6,2,47 132 198 73 212 5 107 243
layer_22.bin,none,5,3,187 109 117 100 248 119 182 152
layer_23.bin,none,7,1,3 36 136 167 99 231 50 248
layer_24.bin,none,6,2,47 115 16 39 225 194 153 119
layer_25.bin,none,8,0,127 175 185 125 33 66 44 155
layer_26.bin,none,5,3,144 106 159 139 189 215 14 116
layer_27.bin,none,6,2,178 250 204 54 121 217 55 62
layer_28.bin,none,6,2,10 56 252 59 138 170 105 246
layer_29.bin,none,6,2,96 126 200 110 230 142 242 201
layer_30.bin,none,7,1,18 66 251 2 128 135 130 219
layer_31.bin,none,7,1,55 201 249 42 247 226 77 30
layer_32.bin,none,6,2,248 58 50 12 92 14 237 65
layer_33.bin,none,8,0,176 167 54 72 16 68 133 241
layer_34.bin,none,7,1,15 80 249 251 141 18 107 182
layer_35.bin,none,5,3,106 8 10 185 176 136 114 7
layer_36.bin,none,6,2,21 138 17 228 198 125 214 37
layer_37.bin,none,7,1,214 244 110 48 105 28 126 144
layer_38.bin,none,4,4,177 156 182 24 97 185 141 88
layer_39.bin,none,7,1,142 66 83 209 188 226 251 37
layer_00.bin,none,4,4,14 93 210 240 228 209 239 194
layer_01.bin,none,5,3,97 32 185 195 29 67 144 17
layer_02.bin,none,5,3,76 3 188 55 253 106 16 222
layer_03.bin,none,7,1,197 25 159 87 157 58 39 207
layer_04.bin,none,5,3,192 203 51 160 154 250 2 158
layer_05.bin,none,8,0,165 155 251 81 236 62 115 158
layer_06.bin,none,6,2,82 171 79 168 19 209 177 213
layer_07.bin,none,6,2,76 35 171 208 116 65 79 50
layer_08.bin,none,6,2,110 191 61 80 220 3 94 159
layer_09.bin,none,7,1,8 198 47 255 197 54 48 212
layer_10.bin,none,7,1,234 165 187 91 9 111 8 246
layer_11.bin,none,8,0,3 59 136 231 248 225 111 204
layer_12.bin,none,8,0,39 115 194 208 225 145 239 193
layer_13.bin,none,6,2,127 66 125 190 188 154 143 219
layer_14.bin,none,7,1,106 159 60 131 52 196 28 171
layer_15.bin,none,7,1,250 204 54 174 62 85 112 175
layer_16.bin,none,6,2,170 252 46 230 190 80 0 51
layer_17.bin,none,8,0,242 78 20 96 35 126 15 200
layer_18.bin,none,8,0,2 177 13 251 192 203 250 141
layer_19.bin,none,8,0,228 247 249 30 42 204 75 77
layer_20.bin,none,8,0,80 159 110 191 224 141 238 3
layer_21.bin,none,7,1,47 198 197 5 73 255 212 59
layer_22.bin,none,5,3,187 234 247 216 165 242 138 233
layer_23.bin,none,8,0,3 136 59 231 248 85 99 157
layer_24.bin,none,6,2,115 39 119 128 157 166 16 225
layer_25.bin,none,7,1,127 19 169 222 42 155 175 13
layer_26.bin,none,5,3,106 171 159 22 196 6 14 40
layer_27.bin,none,6,2,250 54 204 121 131 217 71 62
layer_28.bin,none,8,0,56 82 152 170 252 193 59 190
layer_29.bin,none,8,0,19 119 230 142 200 242 201 96
layer_30.bin,none,8,0,135 66 151 251 177 13 2 203
layer_31.bin,none,8,0,249 247 226 42 201 30 96 77
layer_32.bin,none,7,1,12 50 146 14 179 123 76 125
layer_33.bin,none,7,1,75 56 189 139 167 16 72 181
layer_34.bin,none,7,1,195 18 191 251 141 48 44 11
layer_35.bin,none,5,3,185 10 136 210 223 3 74 244
layer_36.bin,none,6,2,125 44 198 214 115 129 39 203
layer_37.bin,none,7,1,162 48 28 126 14 27 105 113
layer_38.bin,none,6,2,79 97 84 52 87 119 154 254
layer_39.bin,none,7,1,44 77 78 188 242 197 99 62
layer_00.bin,none,4,4,199 175 13 204 74 31 161 30
layer_01.bin,none,2,6,49 174 162 10 123 245 141 80
layer_02.bin,none,2,6,207 252 253 142 55 123 214 84
layer_03.bin,none,5,3,159 188 25 197 100 207 79 94
layer_04.bin,none,6,2,192 148 44 244 221 160 195 51
layer_05.bin,none,7,1,165 155 202 115 251 49 218 223
layer_06.bin,none,6,2,161 54 25 79 171 232 177 105
layer_07.bin,none,6,2,35 171 76 253 208 43 65 32
layer_08.bin,none,5,3,110 61 216 220 224 141 80 16
layer_09.bin,none,8,0,198 47 255 73 8 54 161 197
layer_10.bin,none,5,3,187 165 111 8 234 95 216 219
layer_11.bin,none,6,2,85 3 220 248 164 191 222 59
layer_12.bin,none,7,1,194 39 219 193 208 225 157 209
layer_13.bin,none,6,2,219 222 66 127 154 113 175 188
layer_14.bin,none,8,0,106 159 189 14 231 28 52 167
layer_15.bin,none,6,2,250 54 133 204 177 62 227 92
layer_16.bin,none,7,1,252 170 190 193 36 0 220 46
layer_17.bin,none,7,1,230 20 78 125 185 200 21 226
layer_18.bin,none,7,1,130 2 203 250 151 251 13 177
layer_19.bin,none,6,2,226 77 42 222 30 201 249 96
layer_20.bin,none,8,0,80 110 141 224 191 61 238 185
layer_21.bin,none,6,2,73 107 47 198 255 137 59 5
layer_22.bin,none,5,3,187 216 242 182 71 219 111 165
layer_23.bin,none,6,2,220 85 50 59 3 248 192 225
layer_24.bin,none,6,2,3 128 39 119 16 157 153 209
layer_25.bin,none,6,2,127 154 19 175 97 222 101 161
layer_26.bin,none,6,2,106 14 181 22 159 189 231 167
layer_27.bin,none,5,3,250 54 71 171 249 217 204 133
layer_28.bin,none,7,1,193 152 190 170 47 196 55 252
layer_29.bin,none,5,3,88 21 230 142 61 200 94 166
layer_30.bin,none,5,3,135 250 251 162 232 16 177 184
layer_31.bin,none,6,2,226 30 96 42 201 183 228 151
layer_32.bin,none,7,1,125 123 159 179 76 21 50 85
layer_33.bin,none,5,3,95 181 139 56 132 166 11 241
layer_34.bin,none,7,1,44 240 251 72 191 21 195 238
layer_35.bin,none,8,0,10 191 148 190 210 74 61 185
layer_36.bin,none,4,4,39 115 142 19 93 227 203 49
layer_37.bin,none,7,1,65 16 48 105 169 78 27 175
layer_38.bin,none,3,5,169 191 254 96 143 158 119 192
layer_39.bin,none,4,4,117 122 179 22 228 235 73 129
layer_00.bin,none,4,4,132 158 141 190 125 81 115 221
layer_01.bin,none,5,3,155 244 93 197 182 188 11 233
layer_02.bin,none,2,6,29 109 145 17 57 74 27 210
layer_03.bin,none,4,4,187 133 37 235 128 174 34 117
layer_04.bin,none,6,2,236 142 95 222 102 128 214 108
layer_05.bin,none,6,2,90 193 158 78 47 43 65 127
layer_06.bin,none,8,0,153 79 36 60 138 196 54 215
layer_07.bin,none,8,0,35 229 23 29 117 36 64 76
layer_08.bin,none,7,1,116 57 234 110 77 61 4 180
layer_09.bin,none,8,0,164 197 239 59 198 191 2 8
layer_10.bin,none,7,1,65 169 198 125 247 196 185 25
layer_11.bin,none,6,2,128 160 189 206 107 108 161 143
layer_12.bin,none,7,1,74 60 134 254 39 93 128 63
layer_13.bin,none,7,1,154 147 74 134 32 66 182 43
layer_14.bin,none,8,0,137 189 88 64 125 159 51 124
layer_15.bin,none,8,0,148 242 243 165 204 200 58 162
layer_16.bin,none,7,1,134 252 51 133 174 28 5 246
layer_17.bin,none,6,2,198 250 76 0 87 35 64 37
layer_18.bin,none,5,3,134 13 179 163 43 2 161 213
layer_19.bin,none,7,1,56 116 20 36 109 195 121 75
layer_20.bin,none,7,1,237 56 239 234 116 191 99 137
layer_21.bin,none,6,2,164 197 239 161 191 2 47 169
layer_22.bin,none,8,0,176 198 247 243 125 169 185 65
layer_23.bin,none,6,2,206 128 160 9 189 86 162 107
layer_24.bin,none,7,1,235 74 209 85 93 145 142 254
layer_25.bin,none,7,1,154 182 134 185 147 32 146 128
layer_26.bin,none,7,1,88 137 148 103 229 47 32 51
layer_27.bin,none,7,1,181 165 87 58 242 200 31 162
layer_28.bin,none,6,2,150 75 43 133 134 93 152 220
layer_29.bin,none,7,1,0 76 87 250 124 20 15 16
layer_30.bin,none,7,1,163 134 161 195 43 13 226 179
layer_31.bin,none,7,1,20 116 36 109 75 154 26 205
layer_32.bin,none,8,0,252 119 112 181 90 53 150 160
layer_33.bin,none,6,2,184 43 93 129 16 92 210 83
layer_34.bin,none,7,1,26 85 82 133 96 92 231 1
layer_35.bin,none,7,1,42 84 57 72 174 160 135 204
layer_36.bin,none,6,2,83 222 221 22 75 20 192 70
layer_37.bin,none,5,3,182 138 88 39 72 144 104 23
layer_38.bin,none,7,1,151 64 193 23 120 209 125 249
layer_39.bin,none,6,2,186 162 106 154 190 7 80 217
layer_00.bin,none,5,3,252 238 43 25 95 147 42 112
layer_01.bin,none,6,2,250 224 172 147 46 129 103 19
layer_02.bin,none,7,1,29 49 27 20 119 74 167 217
layer_03.bin,none,5,3,233 26 230 117 119 4 40 130
layer_04.bin,none,3,5,81 248 92 224 229 9 95 144
layer_05.bin,none,7,1,43 78 188 158 127 110 180 90
layer_06.bin,none,5,3,60 138 68 143 173 206 36 208
layer_07.bin,none,5,3,65 117 142 229 111 35 237 145
layer_08.bin,none,8,0,116 104 239 173 110 61 99 180
layer_09.bin,none,5,3,171 224 160 2 113 200 255 104
layer_10.bin,none,6,2,157 65 185 173 115 151 125 196
layer_11.bin,none,6,2,181 206 128 47 112 108 193 160
layer_12.bin,none,5,3,199 60 249 44 0 220 74 144
layer_13.bin,none,7,1,44 243 134 182 149 154 6 32
layer_14.bin,none,7,1,125 137 189 148 51 32 52 167
layer_15.bin,none,8,0,148 162 165 58 46 243 127 200
layer_16.bin,none,7,1,252 0 75 170 133 134 43 51
layer_17.bin,none,7,1,15 5 87 108 241 76 20 142
layer_18.bin,none,7,1,226 124 203 179 134 192 177 155
layer_19.bin,none,5,3,109 30 226 19 228 191 205 75
layer_20.bin,none,7,1,237 239 80 110 116 207 224 137
layer_21.bin,none,6,2,191 155 2 164 127 47 239 113
layer_22.bin,none,5,3,247 157 48 236 185 199 125 234
layer_23.bin,none,8,0,181 206 239 128 111 189 162 249
layer_24.bin,none,7,1,220 93 142 39 0 74 254 209
layer_25.bin,none,8,0,134 6 154 138 127 182 32 66
layer_26.bin,none,8,0,137 51 88 106 52 148 86 189
layer_27.bin,none,8,0,165 162 58 181 200 46 54 122
layer_28.bin,none,6,2,43 170 252 133 51 24 0 152
layer_29.bin,none,8,0,5 20 87 142 76 158 166 0
layer_30.bin,none,8,0,226 135 192 163 179 177 43 2
layer_31.bin,none,8,0,167 30 228 109 226 116 96 42
layer_32.bin,none,6,2,223 181 178 119 159 90 192 185
layer_33.bin,none,8,0,9 231 74 83 16 129 93 72
layer_34.bin,none,6,2,21 241 1 252 186 85 116 82
layer_35.bin,none,6,2,160 22 218 135 61 76 183 229
layer_36.bin,none,6,2,248 70 98 68 83 221 23 211
layer_37.bin,none,6,2,62 143 58 48 72 175 229 194
layer_38.bin,none,3,5,147 8 62 10 166 137 180 176
layer_39.bin,none,4,4,238 106 95 105 223 227 161 162
layer_00.bin,none,4,4,206 209 104 30 43 95 147 105
layer_01.bin,none,7,1,47 155 46 188 197 172 147 156
layer_02.bin,none,4,4,20 217 41 49 251 172 85 171
layer_03.bin,none,7,1,117 119 225 25 178 118 233 130
layer_04.bin,none,4,4,154 20 195 5 87 58 150 246
layer_05.bin,none,5,3,158 32 79 110 205 127 188 162
layer_06.bin,none,6,2,79 157 36 254 143 65 236 21
layer_07.bin,none,7,1,199 79 35 76 204 147 116 9
layer_08.bin,none,8,0,164 56 239 35 107 191 57 189
layer_09.bin,none,6,2,197 203 8 47 44 208 9 169
layer_10.bin,none,8,0,247 234 243 196 63 115 240 185
layer_11.bin,none,7,1,42 111 160 12 239 128 204 88
layer_12.bin,none,6,2,208 39 53 18 221 220 145 3
layer_13.bin,none,6,2,154 39 118 112 190 157 138 202
layer_14.bin,none,8,0,52 137 51 60 160 47 105 138
layer_15.bin,none,8,0,148 181 162 166 165 87 85 220
layer_16.bin,none,7,1,51 233 229 26 170 150 152 214
layer_17.bin,none,6,2,255 115 87 211 64 242 35 0
layer_18.bin,none,7,1,134 192 127 13 226 205 106 2
layer_19.bin,none,6,2,20 4 36 109 243 75 195 160
layer_20.bin,none,5,3,56 136 115 83 191 116 164 180
layer_21.bin,none,5,3,8 197 35 169 13 203 117 194
layer_22.bin,none,5,3,176 150 243 160 63 188 185 196
layer_23.bin,none,7,1,80 128 9 160 111 254 108 206
layer_24.bin,none,5,3,100 235 34 192 209 221 142 18
layer_25.bin,none,4,4,39 154 95 118 32 110 157 14
layer_26.bin,none,6,2,52 105 60 137 88 229 155 45
layer_27.bin,none,6,2,87 165 181 174 62 217 58 220
layer_28.bin,none,6,2,150 74 75 229 106 220 92 214
layer_29.bin,none,6,2,124 0 198 87 153 150 22 15
layer_30.bin,none,8,0,195 134 226 180 13 161 163 106
layer_31.bin,none,5,3,20 160 36 26 241 109 79 11
layer_32.bin,none,6,2,252 33 112 178 160 8 77 127
layer_33.bin,none,8,0,39 210 192 129 92 16 184 246
layer_34.bin,none,6,2,16 85 26 133 231 1 63 52
layer_35.bin,none,7,1,42 72 57 204 97 174 84 160
layer_36.bin,none,4,4,83 221 75 102 76 165 149 64
layer_37.bin,none,5,3,165 88 77 138 70 24 194 212
layer_38.bin,none,6,2,103 140 191 147 233 245 112 117
layer_39.bin,none,7,1,238 228 97 10 105 106 22 245
layer_00.bin,none,4,4,32 206 168 95 238 181 255 30
layer_01.bin,none,4,4,201 140 176 122 46 41 103 182
layer_02.bin,none,5,3,20 153 52 41 49 233 218 172
layer_03.bin,none,5,3,117 119 178 12 183 143 118 222
layer_04.bin,none,5,3,87 150 184 20 66 195 97 154
layer_05.bin,none,5,3,32 177 162 79 158 215 21 25
layer_06.bin,none,3,5,86 254 211 189 230 233 104 207
layer_07.bin,none,5,3,230 9 199 89 173 255 189 109
layer_08.bin,none,4,4,46 189 248 144 136 214 55 53
layer_09.bin,none,4,4,108 242 196 80 157 111 134 0
layer_10.bin,none,4,4,239 181 205 176 97 119 26 15
layer_11.bin,none,5,3,100 42 6 197 240 198 157 135
layer_12.bin,none,4,4,66 170 50 36 129 139 72 173
layer_13.bin,none,5,3,39 110 185 249 128 213 126 198
layer_14.bin,none,6,2,138 152 76 141 192 111 252 255
layer_15.bin,none,5,3,151 230 222 161 166 236 80 112
layer_16.bin,none,5,3,214 74 129 59 234 169 73 222
layer_17.bin,none,3,5,31 123 60 220 118 240 74 170
layer_18.bin,none,5,3,150 231 219 106 101 88 61 144
layer_19.bin,none,4,4,8 137 245 198 67 214 132 209
layer_20.bin,none,4,4,46 189 136 163 248 6 215 70
layer_21.bin,none,7,1,52 111 61 75 242 134 196 17
layer_22.bin,none,5,3,160 119 239 26 213 15 205 115
layer_23.bin,none,4,4,100 80 146 6 157 197 184 38
layer_24.bin,none,6,2,66 170 104 36 139 53 88 208
layer_25.bin,none,4,4,249 39 110 64 7 128 99 84
layer_26.bin,none,6,2,76 46 252 111 152 49 105 192
layer_27.bin,none,4,4,166 151 230 150 42 126 138 161
layer_28.bin,none,4,4,214 74 222 169 129 204 227 228
layer_29.bin,none,4,4,150 31 240 215 224 53 220 73
layer_30.bin,none,6,2,150 231 122 180 106 13 104 34
layer_31.bin,none,5,3,198 67 245 156 8 176 43 160
layer_32.bin,none,4,4,33 176 182 115 252 64 52 43
layer_33.bin,none,3,5,195 192 77 140 223 254 246 207
layer_34.bin,none,3,5,16 87 47 234 137 204 20 83
layer_35.bin,none,6,2,201 12 40 117 154 96 95 6
layer_36.bin,none,3,5,104 225 58 116 127 206 40 69
layer_37.bin,none,4,4,102 165 87 130 237 225 247 221
layer_38.bin,none,7,1,103 5 249 140 62 112 147 191
layer_39.bin,none,4,4,238 97 22 6 2 201 101 247
layer_00.bin,none,7,1,88 140 95 112 238 200 173 43
layer_01.bin,none,7,1,181 47 152 172 147 127 118 140
layer_02.bin,none,4,4,20 218 62 49 97 52 197 135
layer_03.bin,none,5,3,117 119 233 150 76 178 190 186
layer_04.bin,none,1,7,9 193 0 62 199 5 224 219
layer_05.bin,none,3,5,158 230 110 68 189 160 15 13
layer_06.bin,none,3,5,7 118 124 53 89 137 160 254
layer_07.bin,none,6,2,142 35 145 65 47 136 165 76
layer_08.bin,none,6,2,239 106 237 116 185 110 245 61
layer_09.bin,none,7,1,200 197 8 255 224 203 47 171
layer_10.bin,none,3,5,115 76 215 231 196 126 227 10
layer_11.bin,none,5,3,181 111 88 239 42 51 249 160
layer_12.bin,none,5,3,62 39 220 53 199 209 60 193
layer_13.bin,none,4,4,44 154 138 5 66 189 243 52
layer_14.bin,none,8,0,52 106 159 137 167 60 125 51
layer_15.bin,none,8,0,165 162 148 87 4 62 181 58
layer_16.bin,none,7,1,170 252 51 75 134 229 80 152
layer_17.bin,none,8,0,242 20 64 35 5 198 15 241
layer_18.bin,none,7,1,192 226 2 134 13 204 197 177
layer_19.bin,none,7,1,75 195 86 4 109 56 243 20
layer_20.bin,none,7,1,56 116 80 191 239 185 180 110
layer_21.bin,none,8,0,197 47 203 35 2 8 72 169
layer_22.bin,none,5,3,234 150 196 199 247 187 191 243
layer_23.bin,none,8,0,80 239 111 88 162 160 108 181
layer_24.bin,none,7,1,174 39 209 220 199 254 167 102
layer_25.bin,none,5,3,78 66 138 146 26 175 32 5
layer_26.bin,none,7,1,106 52 159 137 229 167 60 155
layer_27.bin,none,6,2,165 181 217 177 62 162 228 131
layer_28.bin,none,5,3,170 80 252 24 75 220 26 88
layer_29.bin,none,6,2,5 158 20 242 159 15 121 230
layer_30.bin,none,5,3,192 226 135 111 32 133 24 2
layer_31.bin,none,7,1,30 191 166 228 36 167 42 77
layer_32.bin,none,4,4,223 178 60 206 24 11 241 247
layer_33.bin,none,7,1,9 74 190 16 244 40 231 241
layer_34.bin,none,6,2,116 21 82 1 252 85 8 251
layer_35.bin,none,7,1,22 183 135 229 218 76 61 160
layer_36.bin,none,6,2,70 248 68 176 198 203 196 23
layer_37.bin,none,4,4,104 48 143 58 67 182 209 153
layer_38.bin,none,6,2,101 27 148 92 84 151 97 71
layer_39.bin,none,5,3,248 38 110 243 12 78 69 2
layer_00.bin,none,2,6,155 144 186 92 188 111 147 172
layer_01.bin,none,3,5,124 32 195 19 211 233 198 185
layer_02.bin,none,4,4,60 92 49 150 255 217 253 86
layer_03.bin,none,5,3,177 159 25 219 11 155 119 117
layer_04.bin,none,5,3,192 98 154 94 54 88 250 112
layer_05.bin,none,7,1,158 165 115 2 136 155 188 110
layer_06.bin,none,6,2,14 79 92 52 43 156 171 36
layer_07.bin,none,7,1,171 76 35 181 199 142 32 79
layer_08.bin,none,8,0,110 159 116 220 61 194 164 224
layer_09.bin,none,7,1,120 198 197 47 8 98 156 224
layer_10.bin,none,6,2,122 9 34 234 157 207 8 196
layer_11.bin,none,5,3,3 153 111 181 145 98 191 101
layer_12.bin,none,7,1,193 39 191 220 34 60 225 199
layer_13.bin,none,8,0,44 154 127 113 6 219 243 66
layer_14.bin,none,8,0,52 106 131 167 125 139 47 231
layer_15.bin,none,6,2,248 162 233 110 155 54 181 4
layer_16.bin,none,6,2,170 252 231 51 205 152 0 230
layer_17.bin,none,7,1,158 20 15 236 60 242 28 241
layer_18.bin,none,5,3,192 226 69 204 2 220 130 115
layer_19.bin,none,6,2,4 75 228 51 96 86 30 191
layer_20.bin,none,7,1,159 116 110 80 107 4 237 164
layer_21.bin,none,6,2,156 47 120 197 113 5 224 151
layer_22.bin,none,6,2,157 234 122 9 247 34 63 0
layer_23.bin,none,4,4,181 153 3 111 145 66 195 239
layer_24.bin,none,6,2,39 220 225 191 106 154 208 145
layer_25.bin,none,7,1,138 6 155 66 20 175 113 154
layer_26.bin,none,7,1,106 52 167 131 137 252 86 88
layer_27.bin,none,6,2,248 233 162 177 54 181 110 122
layer_28.bin,none,6,2,170 230 54 51 24 252 26 47
layer_29.bin,none,6,2,158 236 20 28 142 187 15 230
layer_30.bin,none,6,2,192 226 69 97 220 135 177 13
layer_31.bin,none,7,1,51 30 233 96 226 42 14 190
layer_32.bin,none,5,3,146 195 178 19 199 206 194 86
layer_33.bin,none,5,3,75 74 37 97 94 40 16 220
layer_34.bin,none,2,6,212 255 187 141 19 21 54 90
layer_35.bin,none,6,2,244 49 214 76 212 43 229 35
layer_36.bin,none,4,4,129 234 8 239 203 0 119 166
layer_37.bin,none,7,1,58 57 147 225 87 84 115 175
layer_38.bin,none,7,1,92 79 84 22 74 148 97 114
layer_39.bin,none,7,1,189 2 242 16 213 23 78 61
layer_00.bin,none,5,3,41 86 29 2 28 191 20 222
layer_01.bin,none,3,5,245 153 52 95 48 109 98 40
layer_02.bin,none,4,4,253 120 193 65 95 247 139 84
layer_03.bin,none,7,1,177 25 207 199 188 159 218 39
layer_04.bin,none,7,1,192 154 149 123 250 132 43 159
layer_05.bin,none,6,2,250 115 213 19 2 155 93 151
layer_06.bin,none,7,1,157 14 79 49 171 156 39 129
layer_07.bin,none,8,0,32 171 76 35 199 100 9 169
layer_08.bin,none,7,1,220 157 61 110 136 80 116 246
layer_09.bin,none,5,3,5 198 47 197 120 104 212 27
layer_10.bin,none,7,1,17 122 226 234 232 34 8 63
layer_11.bin,none,7,1,111 209 181 3 85 137 91 47
layer_12.bin,none,7,1,166 193 39 237 199 225 191 134
layer_13.bin,none,7,1,113 44 154 219 20 137 149 28
layer_14.bin,none,7,1,52 131 106 139 167 14 93 47
layer_15.bin,none,7,1,116 110 233 33 54 177 162 123
layer_16.bin,none,6,2,170 166 20 138 252 0 136 26
layer_17.bin,none,7,1,158 15 78 101 242 20 142 28
layer_18.bin,none,8,0,130 192 226 2 220 204 115 203
layer_19.bin,none,6,2,228 4 75 252 99 30 19 14
layer_20.bin,none,7,1,157 80 4 110 247 68 116 57
layer_21.bin,none,6,2,5 120 47 151 197 198 87 212
layer_22.bin,none,7,1,122 17 234 63 19 157 232 247
layer_23.bin,none,7,1,209 111 3 181 93 204 158 145
layer_24.bin,none,7,1,166 39 225 210 216 220 208 199
layer_25.bin,none,7,1,155 137 138 113 175 199 204 127
layer_26.bin,none,5,3,106 52 167 131 139 252 128 136
layer_27.bin,none,6,2,116 233 177 110 54 210 122 62
layer_28.bin,none,7,1,201 138 170 20 26 51 252 11
layer_29.bin,none,7,1,158 78 28 20 187 242 15 101
layer_30.bin,none,6,2,130 237 192 97 226 221 2 220
layer_31.bin,none,6,2,99 30 14 96 226 70 135 247
layer_32.bin,none,5,3,19 206 14 197 178 75 107 157
layer_33.bin,none,7,1,161 103 5 74 18 40 59 206
layer_34.bin,none,8,0,11 141 227 213 18 143 21 87
layer_35.bin,none,7,1,244 214 77 76 35 10 229 6
layer_36.bin,none,7,1,129 48 251 203 116 24 23 198
layer_37.bin,none,8,0,57 58 14 162 147 105 48 225
layer_38.bin,none,7,1,92 124 79 84 132 97 74 160
layer_39.bin,none,8,0,189 242 2 77 78 44 213 97
layer_00.bin,none,6,2,199 151 155 124 175 134 13 161
layer_01.bin,none,4,4,49 234 17 245 206 88 16 157
layer_02.bin,none,5,3,21 71 43 253 83 97 106 77
layer_03.bin,none,7,1,213 39 159 25 11 79 207 199
layer_04.bin,none,8,0,192 154 44 250 54 123 51 245
layer_05.bin,none,8,0,250 115 19 236 2 120 165 155
layer_06.bin,none,8,0,157 57 79 39 14 161 49 171
layer_07.bin,none,7,1,199 76 223 35 171 32 28 9
layer_08.bin,none,7,1,159 220 136 110 178 189 56 184
layer_09.bin,none,7,1,8 198 47 197 5 87 255 212
layer_10.bin,none,7,1,19 34 122 234 242 232 8 9
layer_11.bin,none,7,1,85 111 59 3 231 158 93 220
layer_12.bin,none,8,0,208 39 193 3 210 207 237 225
layer_13.bin,none,8,0,219 113 137 154 127 20 44 28
layer_14.bin,none,7,1,52 131 106 167 139 252 242 231
layer_15.bin,none,7,1,177 33 155 233 110 162 122 54
layer_16.bin,none,8,0,170 190 252 26 51 166 150 205
layer_17.bin,none,8,0,60 158 164 242 78 28 15 20
layer_18.bin,none,8,0,192 226 130 250 220 2 97 204
layer_19.bin,none,6,2,4 75 85 228 70 252 30 142
layer_20.bin,none,7,1,159 110 179 57 107 80 56 40
layer_21.bin,none,8,0,197 47 5 151 87 198 212 131
layer_22.bin,none,7,1,19 122 234 242 157 34 63 232
layer_23.bin,none,8,0,85 111 59 3 145 231 181 220
layer_24.bin,none,5,3,39 220 128 210 11 73 112 216
layer_25.bin,none,6,2,19 20 37 154 204 113 55 66
layer_26.bin,none,7,1,52 106 167 86 137 131 231 128
layer_27.bin,none,7,1,177 33 162 54 181 149 122 233
layer_28.bin,none,8,0,170 190 193 252 111 51 24 47
layer_29.bin,none,8,0,164 158 20 21 88 15 230 242
layer_30.bin,none,7,1,197 250 226 192 162 135 232 63
layer_31.bin,none,7,1,30 228 183 96 191 42 226 36
layer_32.bin,none,6,2,123 19 76 86 85 179 24 140
layer_33.bin,none,6,2,95 234 74 56 162 166 75 68
layer_34.bin,none,6,2,191 240 1 21 72 44 238 168
layer_35.bin,none,6,2,190 97 76 229 148 152 59 61
layer_36.bin,none,2,6,227 19 124 165 99 25 85 142
layer_37.bin,none,7,1,229 58 16 24 66 152 175 113
layer_38.bin,none,8,0,0 92 35 191 88 180 233 62
layer_39.bin,none,5,3,189 129 197 235 117 179 122 80
layer_00.bin,none,1,7,101 35 197 34 179 79 9 48
layer_01.bin,none,5,3,155 62 75 97 146 151 27 70
layer_02.bin,none,6,2,210 109 249 43 253 106 164 88
layer_03.bin,none,8,0,37 230 226 26 236 235 150 119
layer_04.bin,none,7,1,15 154 102 142 241 222 200 108
layer_05.bin,none,8,0,158 236 188 43 250 220 165 151
layer_06.bin,none,8,0,157 79 14 52 39 196 156 43
layer_07.bin,none,8,0,199 171 23 76 79 35 14 229
layer_08.bin,none,8,0,35 239 116 159 164 57 110 180
layer_09.bin,none,7,1,203 197 29 47 198 8 169 41
layer_10.bin,none,7,1,196 234 19 122 34 63 222 243
layer_11.bin,none,7,1,42 111 107 160 12 145 3 106
layer_12.bin,none,5,3,220 39 193 3 145 56 88 174
layer_13.bin,none,7,1,44 154 39 78 28 3 190 130
layer_14.bin,none,7,1,52 252 47 255 138 105 146 114
layer_15.bin,none,8,0,230 4 210 85 161 148 110 177
layer_16.bin,none,6,2,71 214 51 26 74 182 92 16
layer_17.bin,none,5,3,60 28 31 171 123 187 92 70
layer_18.bin,none,7,1,150 205 16 114 106 192 119 232
layer_19.bin,none,5,3,4 170 252 161 168 223 146 218
layer_20.bin,none,6,2,189 136 201 11 39 56 46 81
layer_21.bin,none,4,4,196 157 134 8 145 223 35 218
layer_22.bin,none,6,2,31 160 232 239 250 26 63 231
layer_23.bin,none,5,3,80 111 217 100 127 251 202 38
layer_24.bin,none,4,4,170 139 135 207 200 172 237 152
layer_25.bin,none,5,3,39 128 88 62 229 198 246 109
layer_26.bin,none,5,3,252 76 192 101 255 245 152 114
layer_27.bin,none,5,3,230 151 161 144 177 197 8 201
layer_28.bin,none,6,2,214 169 74 26 31 204 222 128
layer_29.bin,none,7,1,31 150 60 123 240 39 28 53
layer_30.bin,none,3,5,150 73 231 106 101 119 220 228
layer_31.bin,none,5,3,43 161 198 245 58 223 8 5
layer_32.bin,none,5,3,33 64 176 38 156 184 182 178
layer_33.bin,none,5,3,192 195 75 246 91 53 245 35
layer_34.bin,none,4,4,16 87 47 248 70 14 116 165
layer_35.bin,none,4,4,6 161 12 201 113 106 116 37
layer_36.bin,none,5,3,116 104 110 82 58 139 34 129
layer_37.bin,none,6,2,87 225 237 65 145 55 210 115
layer_38.bin,none,4,4,103 191 233 206 111 235 252 67
layer_39.bin,none,5,3,228 10 80 208 225 235 97 114
layer_00.bin,none,7,1,141 235 208 115 221 81 253 158
layer_01.bin,none,8,0,62 217 155 182 152 70 146 197
layer_02.bin,none,4,4,109 95 43 106 167 154 54 128
layer_03.bin,none,6,2,117 219 119 230 26 158 118 233
layer_04.bin,none,8,0,165 15 102 54 142 222 245 45
layer_05.bin,none,6,2,43 90 188 135 158 127 112 102
layer_06.bin,none,8,0,79 14 157 138 156 43 182 52
layer_07.bin,none,7,1,117 171 23 229 76 35 64 111
layer_08.bin,none,8,0,116 239 57 35 164 180 4 110
layer_09.bin,none,7,1,197 203 116 191 2 171 224 41
layer_10.bin,none,8,0,157 198 196 185 122 88 234 125
layer_11.bin,none,7,1,111 42 128 47 206 62 98 108
layer_12.bin,none,7,1,193 220 39 93 128 60 15 74
layer_13.bin,none,6,2,154 134 29 32 44 6 182 74
layer_14.bin,none,8,0,51 52 125 86 167 137 47 106
layer_15.bin,none,8,0,148 162 172 165 58 181 243 54
layer_16.bin,none,7,1,170 252 134 231 5 43 51 150
layer_17.bin,none,6,2,250 87 198 20 0 166 72 15
layer_18.bin,none,6,2,197 226 170 204 134 192 124 161
layer_19.bin,none,6,2,109 116 205 195 4 191 167 20
layer_20.bin,none,6,2,239 179 4 207 237 99 137 164
layer_21.bin,none,7,1,203 116 191 47 239 127 2 35
layer_22.bin,none,5,3,247 198 157 88 167 125 82 249
layer_23.bin,none,6,2,111 128 42 181 206 62 107 39
layer_24.bin,none,5,3,93 220 54 142 74 39 15 52
layer_25.bin,none,7,1,134 154 112 138 147 32 182 253
layer_26.bin,none,7,1,86 51 52 137 88 10 47 106
layer_27.bin,none,6,2,172 165 162 181 87 58 31 232
layer_28.bin,none,7,1,43 150 170 111 5 134 75 246
layer_29.bin,none,6,2,87 5 250 0 60 20 153 159
layer_30.bin,none,7,1,197 226 170 163 179 155 37 192
layer_31.bin,none,6,2,116 109 4 167 20 205 191 26
layer_32.bin,none,6,2,119 223 90 178 252 134 77 192
layer_33.bin,none,7,1,93 83 86 129 32 220 49 39
layer_34.bin,none,5,3,1 82 85 132 96 86 26 186
layer_35.bin,none,6,2,160 57 72 84 174 27 42 130
layer_36.bin,none,7,1,222 83 70 20 98 25 171 165
layer_37.bin,none,4,4,229 24 61 234 88 2 96 66
layer_38.bin,none,7,1,64 193 5 191 140 249 254 62
layer_39.bin,none,6,2,186 190 91 162 22 97 106 11
layer_00.bin,none,6,2,38 54 167 193 238 112 44 94
layer_01.bin,none,5,3,62 217 140 122 105 103 201 182
layer_02.bin,none,7,1,217 167 154 43 106 153 54 173
layer_03.bin,none,6,2,26 230 233 12 91 236 117 255
layer_04.bin,none,3,5,120 144 213 159 20 174 130 66
layer_05.bin,none,5,3,239 177 255 158 188 198 79 162
layer_06.bin,none,6,2,86 254 65 246 21 189 14 157
layer_07.bin,none,5,3,9 199 230 100 189 255 213 244
layer_08.bin,none,7,1,189 46 136 239 35 91 144 63
layer_09.bin,none,6,2,203 223 187 157 242 108 196 134
layer_10.bin,none,6,2,240 239 26 115 231 232 22 76
layer_11.bin,none,7,1,111 42 100 239 217 107 12 176
layer_12.bin,none,6,2,139 170 3 88 207 146 245 135
layer_13.bin,none,5,3,39 185 62 112 88 213 128 58
layer_14.bin,none,8,0,252 76 105 114 138 152 192 255
layer_15.bin,none,7,1,230 151 161 155 92 85 4 175
layer_16.bin,none,5,3,169 214 51 31 182 26 71 45
layer_17.bin,none,6,2,60 31 53 28 168 158 113 82
layer_18.bin,none,4,4,150 104 205 166 231 67 127 192
layer_19.bin,none,4,4,4 161 94 38 43 58 209 223
layer_20.bin,none,6,2,189 46 136 39 56 215 66 36
layer_21.bin,none,7,1,196 8 134 61 71 242 108 52
layer_22.bin,none,5,3,31 26 160 250 239 232 159 53
layer_23.bin,none,7,1,80 100 38 6 217 127 111 202
layer_24.bin,none,6,2,170 139 135 200 129 48 172 201
layer_25.bin,none,6,2,39 128 62 88 246 242 79 249
layer_26.bin,none,6,2,252 76 192 101 123 185 152 245
layer_27.bin,none,4,4,230 151 197 144 179 161 160 146
layer_28.bin,none,5,3,214 169 74 178 223 49 31 83
layer_29.bin,none,5,3,31 150 60 39 123 246 120 173
layer_30.bin,none,6,2,150 73 231 172 106 101 51 57
layer_31.bin,none,6,2,198 43 245 161 58 8 27 223
layer_32.bin,none,5,3,64 33 176 38 182 34 156 115
layer_33.bin,none,6,2,195 192 246 53 91 55 62 35
layer_34.bin,none,7,1,16 87 186 47 245 248 206 14
layer_35.bin,none,6,2,6 116 201 12 161 217 13 241
layer_36.bin,none,6,2,116 104 58 82 145 110 235 139
layer_37.bin,none,5,3,225 87 237 102 213 115 234 105
layer_38.bin,none,7,1,191 5 233 103 99 252 111 206
layer_39.bin,none,3,5,97 235 192 2 201 114 134 166
layer_00.bin,none,8,0,140 238 43 112 200 173 95 30
layer_01.bin,none,7,1,62 217 146 140 70 155 39 182
layer_02.bin,none,8,0,217 167 43 106 121 11 72 154
layer_03.bin,none,7,1,117 236 233 26 230 226 43 199
layer_04.bin,none,8,0,54 45 193 245 213 120 58 165
layer_05.bin,none,7,1,90 188 43 135 65 87 158 79
layer_06.bin,none,6,2,65 14 157 182 143 138 122 193
layer_07.bin,none,6,2,70 117 229 22 199 176 15 23
layer_08.bin,none,8,0,239 116 35 179 104 173 110 237
layer_09.bin,none,7,1,203 191 197 171 224 169 113 116
layer_10.bin,none,5,3,157 88 196 126 238 27 39 212
layer_11.bin,none,6,2,39 111 239 42 181 224 82 143
layer_12.bin,none,6,2,220 0 193 16 62 199 93 53
layer_13.bin,none,5,3,112 44 138 29 103 134 154 176
layer_14.bin,none,8,0,52 86 125 131 229 106 200 47
layer_15.bin,none,7,1,162 172 155 36 110 166 46 148
layer_16.bin,none,7,1,170 26 181 231 252 152 174 43
layer_17.bin,none,7,1,60 5 166 20 241 198 87 242
layer_18.bin,none,7,1,197 226 192 170 220 204 205 97
layer_19.bin,none,7,1,4 109 167 51 205 75 252 195
layer_20.bin,none,6,2,239 179 116 40 191 35 180 56
layer_21.bin,none,6,2,116 203 191 194 169 210 72 35
layer_22.bin,none,4,4,157 88 247 115 82 212 249 236
layer_23.bin,none,7,1,39 111 181 51 148 88 188 106
layer_24.bin,none,5,3,220 251 54 93 39 142 16 247
layer_25.bin,none,6,2,138 112 211 253 3 221 185 6
layer_26.bin,none,4,4,252 86 52 197 41 242 105 131
layer_27.bin,none,6,2,172 162 155 165 166 46 29 27
layer_28.bin,none,6,2,43 111 134 150 36 225 51 170
layer_29.bin,none,7,1,60 5 250 29 28 87 102 242
layer_30.bin,none,5,3,226 170 197 169 192 13 220 88
layer_31.bin,none,4,4,167 139 109 191 222 97 36 184
layer_32.bin,none,6,2,223 178 119 90 158 124 252 10
layer_33.bin,none,7,1,32 83 220 74 137 245 246 190
layer_34.bin,none,6,2,116 1 186 87 108 168 245 137
layer_35.bin,none,6,2,12 6 217 64 201 130 76 69
layer_36.bin,none,5,3,70 116 104 166 181 58 171 43
layer_37.bin,none,7,1,58 229 225 115 87 61 66 88
layer_38.bin,none,5,3,92 148 157 4 114 71 17 27
layer_39.bin,none,7,1,2 97 38 243 61 189 46 235
layer_00.bin,none,2,6,238 88 189 108 30 248 114 6
layer_01.bin,none,7,1,70 192 140 152 146 181 47 118
layer_02.bin,none,7,1,49 8 188 11 43 153 72 60
layer_03.bin,none,7,1,106 226 117 199 236 233 110 150
layer_04.bin,none,6,2,45 54 165 171 61 129 88 58
layer_05.bin,none,5,3,188 147 69 65 110 230 90 44
layer_06.bin,none,6,2,122 65 14 246 22 143 75 28
layer_07.bin,none,6,2,32 199 123 117 204 176 254 76
layer_08.bin,none,7,1,116 239 179 57 173 237 115 52
layer_09.bin,none,4,4,180 69 197 169 41 84 9 255
layer_10.bin,none,7,1,88 157 125 196 247 193 39 65
layer_11.bin,none,4,4,39 111 99 181 19 239 188 168
layer_12.bin,none,4,4,16 0 220 151 254 8 193 85
layer_13.bin,none,4,4,103 211 112 5 141 242 176 220
layer_14.bin,none,6,2,52 86 125 200 242 88 127 105
layer_15.bin,none,7,1,46 155 162 36 166 172 243 183
layer_16.bin,none,5,3,61 26 223 174 144 134 51 111
layer_17.bin,none,7,1,60 5 158 198 20 149 241 28
layer_18.bin,none,6,2,170 226 192 220 197 122 3 97
layer_19.bin,none,6,2,167 75 166 4 191 109 94 26
layer_20.bin,none,5,3,239 179 104 116 237 150 225 175
layer_21.bin,none,4,4,69 180 194 169 136 35 201 203
layer_22.bin,none,4,4,157 247 127 194 71 115 120 212
layer_23.bin,none,7,1,39 181 111 99 188 19 204 51
layer_24.bin,none,4,4,220 251 151 54 102 174 88 8
layer_25.bin,none,6,2,211 138 112 103 253 185 242 5
layer_26.bin,none,5,3,252 197 86 149 52 244 242 205
layer_27.bin,none,7,1,155 46 166 172 27 149 122 29
layer_28.bin,none,5,3,61 214 111 43 160 36 204 11
layer_29.bin,none,7,1,60 5 158 29 28 102 198 31
layer_30.bin,none,8,0,170 226 169 150 192 13 220 106
layer_31.bin,none,8,0,166 167 36 161 139 14 67 8
layer_32.bin,none,7,1,60 223 158 178 252 124 182 176
layer_33.bin,none,6,2,74 229 246 220 83 33 137 245
layer_34.bin,none,7,1,82 116 1 87 108 248 137 176
layer_35.bin,none,7,1,12 6 201 217 224 64 97 37
layer_36.bin,none,7,1,116 104 70 58 166 239 34 35
layer_37.bin,none,7,1,104 225 58 87 115 152 207 218
layer_38.bin,none,5,3,27 92 148 157 114 32 167 171
layer_39.bin,none,6,2,243 110 12 38 97 61 69 242
layer_00.bin,none,1,7,20 28 120 78 148 254 217 191
layer_01.bin,none,4,4,71 251 3 167 1 245 100 130
layer_02.bin,none,5,3,228 216 79 188 60 7 187 148
layer_03.bin,none,4,4,16 249 154 209 216 108 251 23
layer_04.bin,none,4,4,216 207 162 88 82 233 217 3
layer_05.bin,none,5,3,177 120 133 248 105 56 38 131
layer_06.bin,none,5,3,86 246 32 5 14 48 189 222
layer_07.bin,none,5,3,199 6 9 230 150 96 75 255
layer_08.bin,none,7,1,63 189 46 136 225 47 37 106
layer_09.bin,none,6,2,134 65 196 61 157 218 75 223
layer_10.bin,none,6,2,109 70 119 117 146 233 26 239
layer_11.bin,none,4,4,100 70 200 217 14 6 37 241
layer_12.bin,none,7,1,50 208 47 170 220 3 207 166
layer_13.bin,none,5,3,211 13 185 39 19 0 254 88
layer_14.bin,none,6,2,252 146 5 255 193 138 43 39
layer_15.bin,none,7,1,79 151 130 230 85 35 155 161
layer_16.bin,none,6,2,71 219 214 169 51 102 59 111
layer_17.bin,none,6,2,60 225 158 49 243 31 10 214
layer_18.bin,none,6,2,66 150 13 220 20 104 67 105
layer_19.bin,none,5,3,48 206 4 67 75 244 94 255
layer_20.bin,none,6,2,47 56 189 136 123 106 46 81
layer_21.bin,none,5,3,203 35 8 159 208 61 218 138
layer_22.bin,none,5,3,26 233 157 109 119 146 28 168
layer_23.bin,none,6,2,70 99 37 237 100 217 111 146
layer_24.bin,none,4,4,50 220 131 103 47 112 148 170
layer_25.bin,none,5,3,211 0 13 240 20 77 39 148
layer_26.bin,none,6,2,252 86 196 213 242 52 105 114
layer_27.bin,none,6,2,35 79 130 155 178 230 112 12
layer_28.bin,none,6,2,59 169 214 102 111 10 53 56
layer_29.bin,none,3,5,60 225 126 158 4 170 243 10
layer_30.bin,none,7,1,66 18 150 197 143 13 220 219
layer_31.bin,none,5,3,55 247 36 37 191 161 242 94
layer_32.bin,none,6,2,28 248 19 58 173 64 14 120
layer_33.bin,none,6,2,176 246 54 250 74 68 133 103
layer_34.bin,none,8,0,80 166 249 143 15 87 18 191
layer_35.bin,none,6,2,106 176 6 12 136 117 201 121
layer_36.bin,none,4,4,21 17 148 228 116 37 47 165
layer_37.bin,none,5,3,244 214 110 36 126 69 243 225
layer_38.bin,none,3,5,149 177 141 156 242 191 62 196
layer_39.bin,none,2,6,209 136 83 97 66 198 251 142
layer_00.bin,none,3,5,210 240 98 194 15 14 167 52
layer_01.bin,none,6,2,3 251 195 71 100 81 91 95
layer_02.bin,none,7,1,216 79 187 193 188 228 223 60
layer_03.bin,none,8,0,197 16 207 243 216 249 36 23
layer_04.bin,none,7,1,216 207 51 41 233 178 132 137
layer_05.bin,none,6,2,77 177 16 33 133 235 105 199
layer_06.bin,none,8,0,86 32 246 48 5 168 171 104
layer_07.bin,none,5,3,6 252 9 109 255 212 120 230
layer_08.bin,none,6,2,63 47 189 136 46 36 106 78
layer_09.bin,none,6,2,134 75 65 44 8 32 157 128
layer_10.bin,none,8,0,109 117 146 119 26 233 70 232
layer_11.bin,none,5,3,100 237 217 6 38 37 170 8
layer_12.bin,none,6,2,208 50 170 166 23 139 77 47
layer_13.bin,none,7,1,185 39 13 0 249 88 27 128
layer_14.bin,none,7,1,252 17 5 255 76 101 138 192
layer_15.bin,none,6,2,151 230 178 79 160 161 16 155
layer_16.bin,none,6,2,169 214 234 82 51 138 186 31
layer_17.bin,none,7,1,60 31 49 158 103 168 53 225
layer_18.bin,none,7,1,150 66 110 231 221 237 101 219
layer_19.bin,none,7,1,48 247 43 94 161 67 81 245
layer_20.bin,none,8,0,189 47 136 46 56 39 70 9
layer_21.bin,none,6,2,8 32 196 134 242 52 61 71
layer_22.bin,none,6,2,233 109 117 239 31 146 52 2
layer_23.bin,none,6,2,100 38 217 6 146 127 61 8
layer_24.bin,none,5,3,50 170 139 135 48 200 152 201
layer_25.bin,none,6,2,39 0 88 242 246 128 62 194
layer_26.bin,none,3,5,252 192 76 185 195 245 63 17
layer_27.bin,none,5,3,151 230 178 79 160 179 161 86
layer_28.bin,none,6,2,214 169 234 223 56 59 222 138
layer_29.bin,none,6,2,60 31 225 113 158 4 74 224
layer_30.bin,none,5,3,150 66 13 51 116 231 106 129
layer_31.bin,none,7,1,94 247 198 161 245 36 242 78
layer_32.bin,none,8,0,64 248 28 19 14 173 120 115
layer_33.bin,none,8,0,246 195 103 250 54 74 53 5
layer_34.bin,none,7,1,5 191 249 109 18 143 87 227
layer_35.bin,none,7,1,136 106 12 6 117 201 97 213
layer_36.bin,none,7,1,148 21 116 58 17 37 92 104
layer_37.bin,none,7,1,214 36 69 126 225 87 237 244
layer_38.bin,none,6,2,87 99 242 92 62 156 180 241
layer_39.bin,none,5,3,251 97 189 167 209 235 113 67
layer_00.bin,none,3,5,98 80 17 240 215 129 167 53
layer_01.bin,none,8,0,3 251 71 91 100 81 70 95
layer_02.bin,none,7,1,216 139 193 79 188 223 148 112
layer_03.bin,none,5,3,243 36 197 207 154 215 10 0
layer_04.bin,none,8,0,149 233 216 51 41 207 137 132
layer_05.bin,none,6,2,77 177 131 16 248 105 133 60
layer_06.bin,none,8,0,86 246 171 5 48 168 95 104
layer_07.bin,none,8,0,6 9 252 120 199 109 212 230
layer_08.bin,none,6,2,63 189 46 136 150 106 78 40
layer_09.bin,none,8,0,75 44 134 8 65 32 128 61
layer_10.bin,none,8,0,146 119 26 117 233 239 181 232
layer_11.bin,none,8,0,100 37 237 12 38 217 6 157
layer_12.bin,none,6,2,208 50 170 166 36 66 72 200
layer_13.bin,none,7,1,185 39 13 211 0 19 27 126
layer_14.bin,none,7,1,252 5 17 138 255 76 105 195
layer_15.bin,none,7,1,151 230 79 161 160 222 3 80
layer_16.bin,none,8,0,214 169 51 234 59 82 102 121
layer_17.bin,none,7,1,60 31 49 225 136 158 123 103
layer_18.bin,none,8,0,150 66 116 106 219 110 101 13
layer_19.bin,none,7,1,48 247 67 94 70 161 242 8
layer_20.bin,none,5,3,189 46 136 56 163 106 57 79
layer_21.bin,none,7,1,32 61 8 134 242 214 75 108
layer_22.bin,none,7,1,119 146 233 26 2 239 8 122
layer_23.bin,none,7,1,100 215 70 38 6 37 146 217
layer_24.bin,none,8,0,50 170 139 166 135 66 112 200
layer_25.bin,none,7,1,39 0 211 128 13 88 249 194
layer_26.bin,none,7,1,252 76 192 17 213 240 86 245
layer_27.bin,none,6,2,151 230 79 161 160 155 80 35
layer_28.bin,none,8,0,214 169 59 102 56 234 138 223
layer_29.bin,none,7,1,60 31 225 78 158 4 117 123
layer_30.bin,none,8,0,150 197 66 220 106 13 51 116
layer_31.bin,none,8,0,247 198 242 161 245 8 94 229
layer_32.bin,none,7,1,254 64 19 173 14 182 28 176
layer_33.bin,none,7,1,5 246 133 103 74 229 54 68
layer_34.bin,none,8,0,5 191 227 87 18 143 109 11
layer_35.bin,none,7,1,12 6 117 201 114 97 43 213
layer_36.bin,none,8,0,48 44 104 116 92 148 58 171
layer_37.bin,none,7,1,162 126 225 58 87 69 25 207
layer_38.bin,none,7,1,92 185 242 0 157 244 62 114
layer_39.bin,none,7,1,189 77 197 167 97 44 219 242
layer_00.bin,none,2,6,230 70 28 19 13 131 116 74
layer_01.bin,none,2,6,44 69 206 80 174 10 246 235
layer_02.bin,none,4,4,112 54 161 148 192 38 4 136
layer_03.bin,none,4,4,194 12 48 138 14 156 39 36
layer_04.bin,none,7,1,233 221 41 137 207 44 51 206
layer_05.bin,none,6,2,77 177 248 235 105 16 64 164
layer_06.bin,none,8,0,86 246 48 171 5 156 168 36
layer_07.bin,none,7,1,199 252 6 120 230 182 255 109
layer_08.bin,none,7,1,63 136 46 189 106 150 79 144
layer_09.bin,none,7,1,44 75 61 134 65 128 8 111
layer_10.bin,none,5,3,146 119 122 26 70 216 2 191
layer_11.bin,none,8,0,100 12 220 237 14 157 37 222
layer_12.bin,none,7,1,208 50 170 124 199 3 239 66
layer_13.bin,none,8,0,185 39 20 19 211 13 190 126
layer_14.bin,none,7,1,252 105 5 138 17 136 76 47
layer_15.bin,none,8,0,151 230 161 4 85 155 220 174
layer_16.bin,none,6,2,214 59 169 51 234 102 69 53
layer_17.bin,none,8,0,60 21 158 225 25 136 31 53
layer_18.bin,none,5,3,219 150 116 90 106 250 3 86
layer_19.bin,none,6,2,48 247 14 94 114 67 85 138
layer_20.bin,none,7,1,189 56 46 136 97 82 37 79
layer_21.bin,none,7,1,61 8 134 65 248 108 32 75
layer_22.bin,none,6,2,137 119 146 157 122 242 8 211
layer_23.bin,none,6,2,100 157 99 220 174 218 111 215
layer_24.bin,none,5,3,50 170 62 117 11 135 199 3
layer_25.bin,none,6,2,39 20 211 101 0 71 157 19
layer_26.bin,none,7,1,252 86 136 213 76 138 105 196
layer_27.bin,none,8,0,230 151 161 155 177 35 130 172
layer_28.bin,none,6,2,214 169 102 223 59 31 111 181
layer_29.bin,none,7,1,60 21 19 31 158 225 229 123
layer_30.bin,none,8,0,197 150 219 220 106 88 250 231
layer_31.bin,none,5,3,252 161 242 198 43 245 94 218
layer_32.bin,none,7,1,64 254 19 85 182 176 156 247
layer_33.bin,none,5,3,195 246 139 203 102 56 74 140
layer_34.bin,none,4,4,191 67 87 1 64 220 195 48
layer_35.bin,none,3,5,12 6 161 2 39 201 37 113
layer_36.bin,none,7,1,104 116 49 34 248 58 98 37
layer_37.bin,none,5,3,58 225 87 43 209 60 69 100
layer_38.bin,none,6,2,92 0 167 157 114 244 84 113
layer_39.bin,none,6,2,189 197 97 138 129 114 235 61
layer_00.bin,none,1,7,101 35 179 79 197 108 48 135
layer_01.bin,none,5,3,123 62 97 47 155 70 75 27
layer_02.bin,none,3,5,164 38 210 88 40 175 130 4
layer_03.bin,none,7,1,230 211 26 37 39 129 233 226
layer_04.bin,none,7,1,15 241 102 54 200 142 129 245
layer_05.bin,none,5,3,235 90 188 220 120 46 103 94
layer_06.bin,none,8,0,246 14 182 156 196 157 215 48
layer_07.bin,none,6,2,199 23 64 40 2 229 100 147
layer_08.bin,none,6,2,239 35 56 179 164 57 83 125
layer_09.bin,none,5,3,203 180 197 29 169 193 98 69
layer_10.bin,none,6,2,157 196 26 88 137 70 193 122
layer_11.bin,none,5,3,174 111 107 42 99 14 39 7
layer_12.bin,none,5,3,3 220 160 11 56 128 193 15
layer_13.bin,none,7,1,211 29 112 154 138 20 185 99
layer_14.bin,none,8,0,252 86 52 47 105 146 125 131
layer_15.bin,none,8,0,172 36 155 162 213 148 181 4
layer_16.bin,none,6,2,181 169 92 71 137 231 152 51
layer_17.bin,none,7,1,60 225 166 250 5 87 28 241
layer_18.bin,none,6,2,197 170 220 3 20 205 150 148
layer_19.bin,none,7,1,4 167 109 51 130 161 252 138
layer_20.bin,none,5,3,239 4 35 164 189 57 179 212
layer_21.bin,none,5,3,203 180 196 134 228 35 214 0
layer_22.bin,none,5,3,157 236 26 88 69 239 232 192
layer_23.bin,none,7,1,39 174 100 111 217 107 181 13
layer_24.bin,none,7,1,3 220 170 139 154 152 62 135
layer_25.bin,none,6,2,39 29 211 88 128 242 62 157
layer_26.bin,none,6,2,252 86 76 192 180 152 114 237
layer_27.bin,none,6,2,230 151 172 161 155 120 144 160
layer_28.bin,none,6,2,214 169 96 147 31 222 248 223
layer_29.bin,none,8,0,60 31 5 229 123 53 28 113
layer_30.bin,none,7,1,150 170 197 106 231 88 220 3
layer_31.bin,none,7,1,94 245 198 43 130 161 167 14
layer_32.bin,none,6,2,64 98 254 176 158 182 38 99
layer_33.bin,none,4,4,195 126 190 246 232 224 91 205
layer_34.bin,none,6,2,116 87 67 64 55 220 161 248
layer_35.bin,none,8,0,39 6 12 201 161 2 113 37
layer_36.bin,none,7,1,49 104 70 116 58 152 34 181
layer_37.bin,none,6,2,58 87 225 15 209 135 60 43
layer_38.bin,none,6,2,92 167 148 157 114 71 80 244
layer_39.bin,none,7,1,189 2 138 97 69 38 36 61
layer_00.bin,none,4,4,222 28 70 74 124 175 137 230
layer_01.bin,none,4,4,245 153 143 191 167 124 173 125
layer_02.bin,none,3,5,188 222 58 194 193 216 87 79
layer_03.bin,none,4,4,243 197 39 56 32 10 66 36
layer_04.bin,none,6,2,41 137 178 207 132 244 175 233
layer_05.bin,none,4,4,177 248 105 164 16 75 60 79
layer_06.bin,none,6,2,246 86 168 40 48 5 96 62
layer_07.bin,none,6,2,199 9 75 109 6 221 252 246
layer_08.bin,none,6,2,63 189 46 136 150 216 40 106
layer_09.bin,none,6,2,134 58 157 61 111 75 65 10
layer_10.bin,none,3,5,119 141 90 146 232 162 29 11
layer_11.bin,none,2,6,100 176 164 24 218 51 59 8
layer_12.bin,none,3,5,146 170 105 4 3 119 91 16
layer_13.bin,none,4,4,185 115 19 39 132 216 236 20
layer_14.bin,none,4,4,136 252 76 31 193 217 185 105
layer_15.bin,none,4,4,230 151 83 161 225 157 183 126
layer_16.bin,none,6,2,169 214 162 190 59 144 53 245
layer_17.bin,none,6,2,25 53 60 31 168 144 136 47
layer_18.bin,none,5,3,150 219 35 199 3 99 100 250
layer_19.bin,none,6,2,248 138 114 94 242 173 161 247
layer_20.bin,none,5,3,172 46 56 189 136 150 63 57
layer_21.bin,none,5,3,214 71 134 196 157 61 231 209
layer_22.bin,none,3,5,90 213 11 141 119 146 212 53
layer_23.bin,none,5,3,100 176 40 163 218 127 13 38
layer_24.bin,none,3,5,170 62 105 146 16 4 158 13
layer_25.bin,none,3,5,39 132 115 236 242 194 128 70
layer_26.bin,none,5,3,252 136 76 123 46 192 193 31
layer_27.bin,none,5,3,151 230 161 160 83 150 138 6
layer_28.bin,none,5,3,214 169 147 144 190 223 247 162
layer_29.bin,none,7,1,31 60 53 19 99 117 123 224
layer_30.bin,none,5,3,150 219 199 3 35 51 63 106
layer_31.bin,none,6,2,94 161 198 245 242 43 176 70
layer_32.bin,none,7,1,64 85 176 18 182 254 38 115
layer_33.bin,none,5,3,195 139 11 246 102 53 56 91
layer_34.bin,none,6,2,195 87 64 72 73 67 234 143
layer_35.bin,none,8,0,117 201 6 185 12 191 136 39
layer_36.bin,none,6,2,37 44 125 49 116 142 104 79
layer_37.bin,none,7,1,225 87 126 15 69 130 93 135
layer_38.bin,none,8,0,80 157 87 167 119 132 114 93
layer_39.bin,none,3,5,44 244 99 97 183 114 122 72
layer_00.bin,none,1,7,117 11 128 185 171 18 187 226
layer_01.bin,none,0,8,104 232 81 169 66 2 133 171
layer_02.bin,none,3,5,38 254 122 210 131 245 22 208
layer_03.bin,none,2,6,21 221 7 209 156 170 51 242
layer_04.bin,none,1,7,8 55 182 139 119 228 105 60
layer_05.bin,none,4,4,177 194 61 16 92 197 133 255
layer_06.bin,none,3,5,86 246 16 3 62 23 204 233
layer_07.bin,none,3,5,228 9 199 131 109 249 51 3
layer_08.bin,none,6,2,46 189 112 136 40 144 214 150
layer_09.bin,none,5,3,19 206 178 157 134 196 61 242
layer_10.bin,none,4,4,163 90 141 229 10 26 22 239
layer_11.bin,none,3,5,100 18 176 142 130 116 8 74
layer_12.bin,none,6,2,3 170 16 105 4 67 106 119
layer_13.bin,none,5,3,185 39 200 132 157 216 20 242
layer_14.bin,none,7,1,252 185 76 38 192 152 136 5
layer_15.bin,none,4,4,230 103 241 151 157 161 140 179
layer_16.bin,none,3,5,169 179 214 149 147 162 31 13
layer_17.bin,none,6,2,60 31 53 155 136 168 25 236
layer_18.bin,none,5,3,150 35 6 3 199 110 23 99
layer_19.bin,none,7,1,248 94 242 161 138 81 173 114
layer_20.bin,none,7,1,172 112 189 46 136 68 39 150
layer_21.bin,none,4,4,214 19 206 196 178 134 242 199
layer_22.bin,none,3,5,10 141 163 90 232 69 239 129
layer_23.bin,none,5,3,100 40 130 176 18 127 6 213
layer_24.bin,none,6,2,4 105 170 224 16 13 201 62
layer_25.bin,none,7,1,39 132 242 88 194 128 236 249
layer_26.bin,none,5,3,252 76 123 192 216 31 185 63
layer_27.bin,none,5,3,151 230 103 241 161 160 138 179
layer_28.bin,none,6,2,214 169 179 144 147 222 223 67
layer_29.bin,none,5,3,31 144 28 155 226 117 53 224
layer_30.bin,none,5,3,150 6 3 172 166 101 35 231
layer_31.bin,none,6,2,94 161 198 70 248 245 238 138
layer_32.bin,none,6,2,64 17 89 38 176 194 182 115
layer_33.bin,none,3,5,195 23 214 53 94 245 246 117
layer_34.bin,none,2,6,54 87 58 187 19 29 47 204
layer_35.bin,none,6,2,6 201 12 7 40 161 113 73
layer_36.bin,none,5,3,253 104 116 0 239 8 58 92
layer_37.bin,none,3,5,225 87 209 164 210 90 84 153
layer_38.bin,none,4,4,157 136 167 22 32 244 114 14
layer_39.bin,none,5,3,114 16 97 203 23 145 36 61
layer_00.bin,none,3,5,151 199 74 175 20 204 161 70
layer_01.bin,none,4,4,153 49 190 154 119 48 98 245
layer_02.bin,none,2,6,13 71 5 3 177 211 115 193
layer_03.bin,none,5,3,156 167 243 21 209 114 132 115
layer_04.bin,none,5,3,137 41 207 162 225 61 132 189
layer_05.bin,none,5,3,177 172 16 105 45 109 133 162
layer_06.bin,none,5,3,86 57 179 23 39 5 40 76
layer_07.bin,none,7,1,223 228 9 109 75 51 199 230
layer_08.bin,none,5,3,46 189 50 136 40 63 172 62
layer_09.bin,none,5,3,58 134 221 242 196 155 75 111
layer_10.bin,none,4,4,10 90 141 213 29 136 118 19
layer_11.bin,none,2,6,176 100 163 76 102 171 183 73
layer_12.bin,none,3,5,4 105 146 213 126 99 170 164
layer_13.bin,none,4,4,185 236 39 132 78 242 57 194
layer_14.bin,none,6,2,230 252 76 152 193 5 123 17
layer_15.bin,none,5,3,70 151 230 33 183 157 150 69
layer_16.bin,none,7,1,169 214 162 179 190 147 144 175
layer_17.bin,none,6,2,164 53 31 144 168 60 47 25
layer_18.bin,none,7,1,150 199 35 99 72 3 180 110
layer_19.bin,none,8,0,114 242 94 173 161 85 138 248
layer_20.bin,none,6,2,172 46 56 189 136 150 92 106
layer_21.bin,none,7,1,214 196 134 157 242 0 221 61
layer_22.bin,none,5,3,10 213 19 242 90 126 175 239
layer_23.bin,none,6,2,100 40 213 176 28 127 218 85
layer_24.bin,none,6,2,170 4 105 99 158 201 3 224
layer_25.bin,none,7,1,39 194 242 132 236 70 249 71
layer_26.bin,none,8,0,252 76 192 63 255 46 185 152
layer_27.bin,none,5,3,151 230 33 70 6 138 160 28
layer_28.bin,none,7,1,169 214 147 144 190 162 31 179
layer_29.bin,none,7,1,164 31 144 99 123 92 117 240
layer_30.bin,none,5,3,150 51 3 199 231 35 99 166
layer_31.bin,none,8,0,161 94 238 198 242 43 70 245
layer_32.bin,none,4,4,64 38 176 123 18 82 51 44
layer_33.bin,none,5,3,195 234 11 95 53 246 107 140
layer_34.bin,none,3,5,240 220 64 67 72 101 87 137
layer_35.bin,none,6,2,191 161 2 6 12 39 113 201
layer_36.bin,none,4,4,49 152 142 116 104 246 58 202
layer_37.bin,none,4,4,15 135 60 209 161 225 87 152
layer_38.bin,none,5,3,157 234 80 167 88 30 140 32
layer_39.bin,none,4,4,114 244 97 80 72 122 183 48
layer_00.bin,none,1,7,146 165 49 85 233 11 22 227
layer_01.bin,none,2,6,203 133 66 171 158 169 104 232
layer_02.bin,none,2,6,249 169 71 14 199 70 146 22
layer_03.bin,none,3,5,55 166 143 171 194 21 39 75
layer_04.bin,none,2,6,228 65 122 164 39 61 105 136
layer_05.bin,none,5,3,172 61 249 177 170 142 92 18
layer_06.bin,none,6,2,90 86 246 39 57 76 5 129
layer_07.bin,none,6,2,131 199 169 44 52 51 9 230
layer_08.bin,none,6,2,189 136 46 40 150 62 219 132
layer_09.bin,none,5,3,217 96 157 196 214 108 61 223
layer_10.bin,none,5,3,62 10 213 19 26 239 37 69
layer_11.bin,none,2,6,142 207 5 100 213 176 40 90
layer_12.bin,none,4,4,3 170 67 119 137 224 139 146
layer_13.bin,none,4,4,185 39 29 100 157 110 106 249
layer_14.bin,none,5,3,252 213 76 105 192 216 245 152
layer_15.bin,none,5,3,230 33 151 161 69 120 160 173
layer_16.bin,none,6,2,169 147 214 13 31 162 186 179
layer_17.bin,none,6,2,60 31 53 88 218 168 136 82
layer_18.bin,none,7,1,150 35 199 63 67 114 231 110
layer_19.bin,none,6,2,199 161 242 43 58 248 94 245
layer_20.bin,none,4,4,189 46 136 57 172 120 201 65
layer_21.bin,none,6,2,214 217 96 196 134 242 8 157
layer_22.bin,none,4,4,213 24 31 10 189 62 115 29
layer_23.bin,none,6,2,213 100 176 181 13 127 38 142
layer_24.bin,none,5,3,170 224 139 4 135 88 48 213
layer_25.bin,none,4,4,39 242 100 5 132 88 180 14
layer_26.bin,none,6,2,252 123 76 254 192 101 185 63
layer_27.bin,none,6,2,151 230 138 70 160 179 161 140
layer_28.bin,none,7,1,169 214 144 147 222 223 13 31
layer_29.bin,none,6,2,31 144 132 123 117 47 240 246
layer_30.bin,none,5,3,150 51 188 231 199 3 101 73
layer_31.bin,none,7,1,199 238 94 161 198 245 138 43
layer_32.bin,none,5,3,64 38 48 176 18 221 82 54
layer_33.bin,none,5,3,195 107 11 121 53 246 55 224
layer_34.bin,none,5,3,64 208 175 192 220 101 87 67
layer_35.bin,none,4,4,94 85 5 2 161 132 6 12
layer_36.bin,none,5,3,152 246 195 67 116 104 139 58
layer_37.bin,none,6,2,43 161 60 135 153 225 209 87
layer_38.bin,none,4,4,234 201 9 163 30 157 167 195
layer_39.bin,none,1,7,246 1 114 250 92 248 203 215
layer_00.bin,none,3,5,86 29 218 65 2 41 46 212
layer_01.bin,none,2,6,91 133 85 187 255 252 203 198
layer_02.bin,none,0,8,110 89 150 15 92 230 63 23
layer_03.bin,none,5,3,156 39 7 209 154 251 211 218
layer_04.bin,none,4,4,71 164 132 41 225 239 12 162
layer_05.bin,none,4,4,67 254 177 115 92 16 27 98
layer_06.bin,none,5,3,86 235 90 5 23 144 246 48
layer_07.bin,none,5,3,56 131 9 109 51 173 100 189
layer_08.bin,none,6,2,189 46 136 40 150 50 219 201
layer_09.bin,none,7,1,96 196 58 242 214 157 61 111
layer_10.bin,none,6,2,213 17 239 232 115 117 24 22
layer_11.bin,none,7,1,100 213 209 176 231 40 8 217
layer_12.bin,none,6,2,224 170 146 77 139 135 172 55
layer_13.bin,none,6,2,185 39 242 249 88 100 128 62
layer_14.bin,none,4,4,192 252 123 185 76 254 152 79
layer_15.bin,none,6,2,230 151 140 161 222 183 20 160
layer_16.bin,none,8,0,169 138 214 147 162 31 179 186
layer_17.bin,none,6,2,31 53 168 144 249 78 82 49
layer_18.bin,none,7,1,150 35 130 231 73 110 199 219
layer_19.bin,none,7,1,242 248 199 58 43 173 161 176
layer_20.bin,none,7,1,172 46 65 66 189 215 39 136
layer_21.bin,none,7,1,96 196 214 242 182 52 134 157
layer_22.bin,none,6,2,213 115 17 189 212 141 239 76
layer_23.bin,none,5,3,209 40 100 8 6 231 38 137
layer_24.bin,none,6,2,170 224 139 175 201 135 152 48
layer_25.bin,none,6,2,39 242 5 88 194 249 199 128
layer_26.bin,none,6,2,123 192 76 254 252 110 185 153
layer_27.bin,none,6,2,151 230 138 79 179 160 6 105
layer_28.bin,none,6,2,214 169 222 138 13 67 164 162
layer_29.bin,none,8,0,31 78 28 144 47 99 224 240
layer_30.bin,none,8,0,130 150 51 231 172 73 219 101
layer_31.bin,none,8,0,94 138 238 43 161 198 245 199
layer_32.bin,none,7,1,64 176 38 75 51 82 54 221
layer_33.bin,none,6,2,195 5 107 53 161 246 182 244
layer_34.bin,none,6,2,205 227 64 87 81 208 175 245
layer_35.bin,none,8,0,161 6 85 40 132 2 12 94
layer_36.bin,none,7,1,152 246 116 139 104 58 195 49
layer_37.bin,none,7,1,161 225 60 135 87 43 163 55
layer_38.bin,none,7,1,9 234 30 157 201 47 167 185
layer_39.bin,none,8,0,114 246 250 1 92 248 167 203
layer_00.bin,none,1,7,234 92 186 155 27 223 50 78
layer_01.bin,none,7,1,251 3 44 195 71 255 100 92
layer_02.bin,none,3,5,57 148 235 161 110 155 92 17
layer_03.bin,none,6,2,156 155 213 7 66 218 186 118
layer_04.bin,none,5,3,216 94 41 207 239 71 93 215
layer_05.bin,none,6,2,177 16 115 133 54 162 217 131
layer_06.bin,none,5,3,86 235 23 92 5 179 144 241
layer_07.bin,none,4,4,4 173 9 181 166 131 109 243
layer_08.bin,none,6,2,47 189 50 46 136 172 150 215
layer_09.bin,none,6,2,96 58 196 134 242 214 182 221
layer_10.bin,none,5,3,115 71 213 22 212 37 76 239
layer_11.bin,none,4,4,13 176 5 100 215 153 213 8
layer_12.bin,none,5,3,77 211 146 224 170 213 4 158
layer_13.bin,none,5,3,185 39 141 242 194 249 88 184
layer_14.bin,none,6,2,123 254 252 216 192 17 76 154
layer_15.bin,none,4,4,178 151 230 141 140 160 248 6
layer_16.bin,none,4,4,169 214 107 230 162 63 147 29
layer_17.bin,none,7,1,25 53 168 144 249 31 47 49
layer_18.bin,none,5,3,35 150 99 195 199 123 110 51
layer_19.bin,none,3,5,248 138 114 242 60 43 81 239
layer_20.bin,none,5,3,172 47 46 139 237 50 189 26
layer_21.bin,none,4,4,96 12 214 242 196 18 58 221
layer_22.bin,none,4,4,115 212 76 213 102 0 71 22
layer_23.bin,none,4,4,176 24 40 215 116 13 38 100
layer_24.bin,none,5,3,158 77 224 175 189 170 135 139
layer_25.bin,none,6,2,242 194 39 5 141 146 246 88
layer_26.bin,none,6,2,123 31 254 252 76 192 17 185
layer_27.bin,none,7,1,151 178 230 138 160 6 228 248
layer_28.bin,none,4,4,169 214 230 162 222 128 82 187
layer_29.bin,none,5,3,47 31 144 99 49 226 9 224
layer_30.bin,none,7,1,51 150 99 73 151 231 104 40
layer_31.bin,none,4,4,43 60 161 198 38 248 114 138
layer_32.bin,none,6,2,64 176 82 248 38 86 195 115
layer_33.bin,none,5,3,195 37 118 53 97 133 75 54
layer_34.bin,none,5,3,5 255 212 238 15 245 249 44
layer_35.bin,none,7,1,136 190 49 148 106 161 6 217
layer_36.bin,none,4,4,21 227 147 116 115 234 58 28
layer_37.bin,none,6,2,214 244 95 225 53 109 87 209
layer_38.bin,none,3,5,156 149 177 157 197 150 98 173
layer_39.bin,none,2,6,251 127 83 91 255 226 209 114
layer_00.bin,none,2,6,210 52 234 84 17 15 247 194
layer_01.bin,none,4,4,195 251 3 104 96 209 91 202
layer_02.bin,none,4,4,148 92 150 191 7 161 181 110
layer_03.bin,none,6,2,156 155 209 7 12 170 48 213
layer_04.bin,none,5,3,216 94 71 162 82 156 164 166
layer_05.bin,none,8,0,177 133 115 16 61 92 167 162
layer_06.bin,none,5,3,86 235 92 246 5 123 108 38
layer_07.bin,none,6,2,4 131 181 9 173 243 51 189
layer_08.bin,none,6,2,189 46 136 150 40 50 95 248
layer_09.bin,none,6,2,96 196 242 157 134 12 248 111
layer_10.bin,none,7,1,115 239 213 31 232 71 250 235
layer_11.bin,none,7,1,100 153 217 116 8 215 6 213
layer_12.bin,none,8,0,170 224 77 139 172 146 4 211
layer_13.bin,none,6,2,185 39 249 27 100 88 242 128
layer_14.bin,none,8,0,252 192 76 152 5 101 255 216
layer_15.bin,none,7,1,230 151 161 160 197 222 79 144
layer_16.bin,none,7,1,169 214 193 63 147 82 230 186
layer_17.bin,none,7,1,31 25 168 49 175 249 53 60
layer_18.bin,none,6,2,150 151 231 132 99 199 35 110
layer_19.bin,none,5,3,242 43 161 176 70 79 248 58
layer_20.bin,none,6,2,46 189 215 26 248 163 136 70
layer_21.bin,none,6,2,196 96 214 52 242 134 210 117
layer_22.bin,none,6,2,115 213 239 216 76 31 26 189
layer_23.bin,none,7,1,116 127 100 38 176 213 215 40
layer_24.bin,none,6,2,139 189 224 170 48 175 135 152
layer_25.bin,none,7,1,39 249 5 194 88 242 128 252
layer_26.bin,none,6,2,252 76 123 192 216 31 46 63
layer_27.bin,none,6,2,230 151 160 138 228 146 179 56
layer_28.bin,none,8,0,169 214 222 230 193 82 178 204
layer_29.bin,none,6,2,173 49 31 88 235 246 47 240
layer_30.bin,none,7,1,51 150 73 162 151 231 40 101
layer_31.bin,none,7,1,43 38 198 161 28 248 94 245
layer_32.bin,none,7,1,64 176 179 146 82 38 34 86
layer_33.bin,none,6,2,195 75 97 37 104 53 162 36
layer_34.bin,none,8,0,238 212 255 44 5 206 245 87
layer_35.bin,none,8,0,190 148 49 74 6 212 12 161
layer_36.bin,none,8,0,227 234 147 116 92 115 104 82
layer_37.bin,none,4,4,78 209 15 225 95 87 27 193
layer_38.bin,none,4,4,215 251 119 139 157 167 114 75
layer_39.bin,none,3,5,158 114 122 23 254 72 36 165
layer_00.bin,none,0,8,117 185 226 187 96 171 128 68
layer_01.bin,none,2,6,183 40 13 81 98 206 96 45
layer_02.bin,none,4,4,35 112 148 252 7 107 191 161
layer_03.bin,none,5,3,156 216 170 209 76 221 7 192
layer_04.bin,none,3,5,55 139 8 216 71 182 225 82
layer_05.bin,none,4,4,177 92 167 81 197 114 54 98
layer_06.bin,none,5,3,3 114 86 92 200 108 123 235
layer_07.bin,none,6,2,4 243 19 131 173 189 16 9
layer_08.bin,none,6,2,46 189 112 136 214 201 248 163
layer_09.bin,none,5,3,206 19 96 196 242 157 178 200
layer_10.bin,none,6,2,163 115 239 31 213 7 250 212
layer_11.bin,none,2,6,116 142 18 15 109 156 8 127
layer_12.bin,none,6,2,67 139 77 170 224 172 46 135
layer_13.bin,none,6,2,185 39 200 249 242 100 141 70
layer_14.bin,none,6,2,38 123 172 192 154 252 152 101
layer_15.bin,none,4,4,230 103 140 151 241 156 161 146
layer_16.bin,none,4,4,169 232 147 214 162 78 149 31
layer_17.bin,none,6,2,53 155 31 47 249 168 88 136
layer_18.bin,none,4,4,162 150 35 73 67 3 231 6
layer_19.bin,none,6,2,38 242 43 58 138 248 161 81
layer_20.bin,none,6,2,68 112 46 136 17 189 39 70
layer_21.bin,none,4,4,196 206 19 214 52 136 8 122
layer_22.bin,none,5,3,115 239 163 127 213 212 31 22
layer_23.bin,none,4,4,13 40 38 6 142 18 90 109
layer_24.bin,none,5,3,139 77 170 135 201 175 4 172
layer_25.bin,none,7,1,39 242 128 141 146 79 88 62
layer_26.bin,none,5,3,123 38 192 76 254 154 252 152
layer_27.bin,none,3,5,230 103 151 138 156 141 140 241
layer_28.bin,none,5,3,169 214 232 222 78 144 178 223
layer_29.bin,none,6,2,155 31 235 173 120 53 47 28
layer_30.bin,none,5,3,51 172 150 3 73 6 35 67
layer_31.bin,none,7,1,94 112 248 161 38 28 8 43
layer_32.bin,none,4,4,64 37 176 17 51 115 101 82
layer_33.bin,none,3,5,195 23 117 214 63 55 53 246
layer_34.bin,none,3,5,177 58 54 19 187 47 87 204
layer_35.bin,none,3,5,7 6 116 90 212 217 183 34
layer_36.bin,none,2,6,57 253 0 116 8 104 250 210
layer_37.bin,none,4,4,164 84 209 87 55 225 153 92
layer_38.bin,none,5,3,136 157 22 47 32 37 173 191
layer_39.bin,none,5,3,16 23 114 146 103 254 68 120
layer_00.bin,none,2,6,136 78 241 89 56 18 68 227
layer_01.bin,none,1,7,166 119 6 190 95 165 60 186
layer_02.bin,none,1,7,174 181 99 161 81 24 22 48
layer_03.bin,none,1,7,123 153 195 86 239 145 9 76
layer_04.bin,none,5,3,253 139 133 82 8 2 55 182
layer_05.bin,none,4,4,177 174 244 167 3 197 114 215
layer_06.bin,none,5,3,86 186 114 3 23 108 243 5
layer_07.bin,none,7,1,19 16 173 9 4 100 219 51
layer_08.bin,none,7,1,189 46 157 136 163 144 37 214
layer_09.bin,none,4,4,122 210 196 242 71 12 206 136
layer_10.bin,none,4,4,115 239 127 250 68 31 144 123
layer_11.bin,none,3,5,64 24 135 42 100 6 40 104
layer_12.bin,none,6,2,77 170 126 139 46 135 67 105
layer_13.bin,none,6,2,39 42 249 62 7 216 79 185
layer_14.bin,none,8,0,5 76 255 192 152 138 172 252
layer_15.bin,none,7,1,230 197 3 161 222 151 216 105
layer_16.bin,none,5,3,214 74 121 169 222 232 178 122
layer_17.bin,none,5,3,31 123 185 12 202 239 82 113
layer_18.bin,none,7,1,150 106 231 16 101 73 114 157
layer_19.bin,none,6,2,43 8 242 245 38 223 198 137
layer_20.bin,none,6,2,46 189 136 215 163 70 66 37
layer_21.bin,none,6,2,61 111 196 108 52 173 214 227
layer_22.bin,none,6,2,239 160 31 115 57 66 232 213
layer_23.bin,none,4,4,80 100 170 202 213 28 91 217
layer_24.bin,none,5,3,46 139 170 66 80 201 62 72
layer_25.bin,none,6,2,249 39 79 7 185 246 128 254
layer_26.bin,none,6,2,76 192 255 46 172 96 138 252
layer_27.bin,none,5,3,230 151 228 161 93 222 3 80
layer_28.bin,none,5,3,214 232 247 222 169 81 223 66
layer_29.bin,none,7,1,185 53 150 155 246 173 235 31
layer_30.bin,none,7,1,72 51 180 172 150 3 35 73
layer_31.bin,none,7,1,43 38 94 161 248 154 112 27
layer_32.bin,none,6,2,64 37 224 197 176 82 206 175
layer_33.bin,none,6,2,63 195 156 246 117 53 245 55
layer_34.bin,none,7,1,177 152 54 213 58 87 47 245
layer_35.bin,none,6,2,7 6 116 39 90 12 212 63
layer_36.bin,none,7,1,57 239 251 116 104 245 210 250
layer_37.bin,none,6,2,50 209 87 153 225 62 55 90
layer_38.bin,none,3,5,146 157 47 106 32 75 211 14
layer_39.bin,none,3,5,114 85 120 254 203 177 36 168
layer_00.bin,none,4,4,139 36 134 41 2 28 20 81
layer_01.bin,none,3,5,254 190 101 83 204 145 45 245
layer_02.bin,none,3,5,174 15 182 181 115 5 160 24
layer_03.bin,none,4,4,156 243 247 209 215 154 132 18
layer_04.bin,none,5,3,253 149 225 207 178 137 41 78
layer_05.bin,none,4,4,133 63 177 167 24 30 38 3
layer_06.bin,none,7,1,186 48 128 86 243 23 168 5
layer_07.bin,none,7,1,19 219 167 9 173 152 51 8
layer_08.bin,none,4,4,68 136 189 46 37 183 201 70
layer_09.bin,none,6,2,196 157 242 214 223 210 234 0
layer_10.bin,none,5,3,239 213 232 92 31 102 250 115
layer_11.bin,none,4,4,231 154 40 100 109 5 6 13
layer_12.bin,none,5,3,170 146 166 135 139 147 12 224
layer_13.bin,none,6,2,39 185 42 141 199 249 100 109
layer_14.bin,none,5,3,123 203 152 192 40 172 76 251
layer_15.bin,none,3,5,230 99 197 222 223 203 144 76
layer_16.bin,none,5,3,169 232 138 162 178 53 247 214
layer_17.bin,none,4,4,53 185 31 173 144 136 213 235
layer_18.bin,none,6,2,162 219 150 35 67 165 130 231
layer_19.bin,none,7,1,38 144 247 248 242 81 43 138
layer_20.bin,none,5,3,136 68 242 40 49 184 172 189
layer_21.bin,none,4,4,196 214 58 234 223 212 245 61
layer_22.bin,none,4,4,109 12 10 31 239 213 102 159
layer_23.bin,none,4,4,40 13 231 154 213 5 109 176
layer_24.bin,none,4,4,224 166 92 189 139 135 88 117
layer_25.bin,none,4,4,39 242 42 141 221 88 194 128
layer_26.bin,none,5,3,123 254 166 192 252 35 76 63
layer_27.bin,none,6,2,230 79 138 228 151 141 179 163
layer_28.bin,none,7,1,247 232 169 214 248 178 144 138
layer_29.bin,none,6,2,185 31 99 127 235 62 125 173
layer_30.bin,none,8,0,51 130 219 172 72 150 35 151
layer_31.bin,none,7,1,247 94 144 161 248 173 112 8
layer_32.bin,none,6,2,64 37 14 176 101 82 51 85
layer_33.bin,none,7,1,195 63 84 68 103 246 55 245
layer_34.bin,none,8,0,177 18 152 11 249 227 47 87
layer_35.bin,none,6,2,114 116 7 191 63 12 6 149
layer_36.bin,none,7,1,44 57 37 48 116 125 55 148
layer_37.bin,none,5,3,162 130 55 87 225 196 208 158
layer_38.bin,none,6,2,185 52 157 47 32 106 143 75
layer_39.bin,none,6,2,197 114 77 254 168 87 235 6
layer_00.bin,none,5,3,124 134 13 55 65 175 76 199
layer_01.bin,none,4,4,254 69 111 44 235 232 166 43
layer_02.bin,none,2,6,15 107 122 166 230 174 57 110
layer_03.bin,none,5,3,137 156 66 16 213 157 155 175
layer_04.bin,none,5,3,207 253 180 44 225 221 166 231
layer_05.bin,none,2,6,81 167 14 157 133 33 52 54
layer_06.bin,none,6,2,186 48 67 161 86 185 168 57
layer_07.bin,none,5,3,16 223 19 219 137 31 173 187
layer_08.bin,none,6,2,68 189 136 46 163 124 201 214
layer_09.bin,none,5,3,196 157 223 61 58 214 187 142
layer_10.bin,none,6,2,31 250 109 159 232 239 235 154
layer_11.bin,none,7,1,5 109 231 222 202 220 13 59
layer_12.bin,none,6,2,170 135 47 146 139 172 231 129
layer_13.bin,none,6,2,39 185 110 7 241 79 88 14
layer_14.bin,none,6,2,101 230 123 192 252 72 203 255
layer_15.bin,none,6,2,230 3 197 178 76 222 146 186
layer_16.bin,none,6,2,169 178 214 138 232 69 100 31
layer_17.bin,none,7,1,53 31 249 185 173 213 28 136
layer_18.bin,none,5,3,150 162 67 172 99 151 250 73
layer_19.bin,none,6,2,38 242 43 114 248 173 94 28
layer_20.bin,none,6,2,47 68 136 242 215 36 163 106
layer_21.bin,none,7,1,214 196 245 58 52 223 8 18
layer_22.bin,none,5,3,127 31 60 109 159 154 239 12
layer_23.bin,none,7,1,5 220 13 231 40 109 201 38
layer_24.bin,none,4,4,213 218 8 224 117 201 135 48
layer_25.bin,none,6,2,141 101 39 42 222 0 233 132
layer_26.bin,none,3,5,254 123 230 6 207 185 252 133
layer_27.bin,none,7,1,141 178 230 163 156 228 79 151
layer_28.bin,none,6,2,169 63 178 232 82 193 162 204
layer_29.bin,none,6,2,249 88 62 213 185 235 246 173
layer_30.bin,none,4,4,151 162 99 40 30 73 67 166
layer_31.bin,none,5,3,43 70 38 34 112 161 114 254
layer_32.bin,none,5,3,85 64 176 179 248 92 104 78
layer_33.bin,none,4,4,234 104 132 102 195 53 68 237
layer_34.bin,none,7,1,177 15 249 44 245 80 47 0
layer_35.bin,none,5,3,191 74 176 217 63 118 38 6
layer_36.bin,none,6,2,79 228 57 37 21 125 55 115
layer_37.bin,none,7,1,214 196 244 55 126 152 208 127
layer_38.bin,none,6,2,88 236 141 191 157 254 143 132
layer_39.bin,none,1,7,142 83 254 175 251 47 66 134
layer_00.bin,none,1,7,159 13 239 220 17 116 225 209
layer_01.bin,none,0,8,154 88 104 17 23 134 94 199
layer_02.bin,none,3,5,239 174 15 173 22 127 181 249
layer_03.bin,none,4,4,2 90 72 39 243 0 209 132
layer_04.bin,none,5,3,253 44 180 221 148 93 171 207
layer_05.bin,none,6,2,115 14 33 177 167 3 75 16
layer_06.bin,none,6,2,186 243 86 114 48 161 110 185
layer_07.bin,none,5,3,16 253 219 129 9 31 173 75
layer_08.bin,none,6,2,50 136 150 189 46 242 68 178
layer_09.bin,none,6,2,58 196 242 223 182 221 61 134
layer_10.bin,none,5,3,213 71 31 250 95 239 11 232
layer_11.bin,none,7,1,5 13 100 40 80 6 220 109
layer_12.bin,none,4,4,146 170 213 175 46 224 135 158
layer_13.bin,none,6,2,141 185 39 194 249 201 242 62
layer_14.bin,none,5,3,123 254 105 17 31 57 154 252
layer_15.bin,none,3,5,230 141 6 140 156 151 183 163
layer_16.bin,none,4,4,169 162 214 131 193 38 100 164
layer_17.bin,none,6,2,53 249 144 168 31 125 182 136
layer_18.bin,none,4,4,99 51 35 172 123 195 151 3
layer_19.bin,none,7,1,94 248 38 239 138 242 114 173
layer_20.bin,none,4,4,172 150 40 50 237 26 139 68
layer_21.bin,none,4,4,210 214 18 71 58 136 221 60
layer_22.bin,none,3,5,115 71 213 127 22 11 216 37
layer_23.bin,none,6,2,5 13 40 28 38 24 176 181
layer_24.bin,none,4,4,158 146 213 175 117 224 88 3
layer_25.bin,none,5,3,141 194 39 242 233 88 70 14
layer_26.bin,none,5,3,123 17 254 252 31 185 207 57
layer_27.bin,none,7,1,6 230 151 141 228 161 160 138
layer_28.bin,none,7,1,169 214 162 193 248 82 222 29
layer_29.bin,none,6,2,9 31 88 60 99 61 21 249
layer_30.bin,none,7,1,99 150 250 40 162 73 231 232
layer_31.bin,none,7,1,43 114 70 218 94 161 198 146
layer_32.bin,none,4,4,254 176 125 64 156 179 104 8
layer_33.bin,none,5,3,195 95 132 102 167 90 143 104
layer_34.bin,none,5,3,44 238 87 20 240 220 67 47
layer_35.bin,none,8,0,6 12 190 161 148 191 74 201
layer_36.bin,none,5,3,104 116 115 227 34 49 127 136
layer_37.bin,none,6,2,87 209 225 78 27 113 15 16
layer_38.bin,none,5,3,135 157 114 75 167 119 215 254
layer_39.bin,none,5,3,97 243 117 231 254 129 158 61
layer_00.bin,none,1,7,27 35 101 166 135 108 79 133
layer_01.bin,none,2,6,11 26 139 132 216 34 123 146
layer_02.bin,none,4,4,210 26 59 90 239 164 127 174
layer_03.bin,none,4,4,211 106 226 146 37 29 46 80
layer_04.bin,none,1,7,65 14 240 242 167 15 118 146
layer_05.bin,none,2,6,161 10 186 235 6 191 142 109
layer_06.bin,none,4,4,167 246 215 255 110 48 241 191
layer_07.bin,none,5,3,2 199 169 16 131 23 228 244
layer_08.bin,none,5,3,56 35 115 179 40 164 89 183
layer_09.bin,none,4,4,241 180 94 169 6 13 83 197
layer_10.bin,none,3,5,216 88 26 130 248 141 64 13
layer_11.bin,none,4,4,20 39 248 107 241 13 170 124
layer_12.bin,none,5,3,3 119 26 63 170 139 128 117
layer_13.bin,none,4,4,29 178 43 39 157 222 141 185
layer_14.bin,none,7,1,252 105 86 124 51 47 31 149
layer_15.bin,none,5,3,36 155 166 230 148 93 81 4
layer_16.bin,none,5,3,169 96 164 5 71 196 152 231
layer_17.bin,none,4,4,60 94 61 166 225 172 168 249
layer_18.bin,none,5,3,148 170 57 150 67 220 20 187
layer_19.bin,none,4,4,130 4 70 161 170 153 242 241
layer_20.bin,none,7,1,46 36 26 40 163 136 189 39
layer_21.bin,none,5,3,180 241 196 210 0 52 214 29
layer_22.bin,none,6,2,88 83 26 115 11 239 31 208
layer_23.bin,none,6,2,20 39 111 100 38 127 6 26
layer_24.bin,none,6,2,67 3 200 139 170 62 160 135
layer_25.bin,none,5,3,112 178 39 29 157 249 5 88
layer_26.bin,none,6,2,252 31 192 76 152 105 216 21
layer_27.bin,none,5,3,230 166 151 160 161 155 128 144
layer_28.bin,none,5,3,169 214 96 222 164 73 31 204
layer_29.bin,none,7,1,31 94 60 240 173 224 123 53
layer_30.bin,none,5,3,150 170 148 85 231 73 220 36
layer_31.bin,none,6,2,43 130 70 198 38 161 245 241
layer_32.bin,none,4,4,176 158 99 64 60 254 46 137
layer_33.bin,none,5,3,33 195 190 232 41 246 55 220
layer_34.bin,none,5,3,206 82 34 161 97 47 87 146
layer_35.bin,none,5,3,12 39 6 63 24 161 201 116
layer_36.bin,none,5,3,207 104 116 49 145 34 127 250
layer_37.bin,none,6,2,104 87 15 225 209 90 95 193
layer_38.bin,none,6,2,135 157 71 75 114 167 27 244
layer_39.bin,none,4,4,243 254 110 69 36 12 61 221
layer_00.bin,none,2,6,78 148 238 0 153 189 180 120
layer_01.bin,none,0,8,178 1 175 8 28 191 131 126
layer_02.bin,none,3,5,188 228 87 190 47 180 141 239
layer_03.bin,none,5,3,16 156 157 242 209 90 7 0
layer_04.bin,none,4,4,225 82 41 132 162 207 217 178
layer_05.bin,none,5,3,177 235 92 120 197 157 181 167
layer_06.bin,none,2,6,86 23 51 37 32 189 108 71
layer_07.bin,none,6,2,173 2 16 219 137 19 152 255
layer_08.bin,none,5,3,46 225 189 136 248 227 47 214
layer_09.bin,none,5,3,196 134 242 61 157 162 80 62
layer_10.bin,none,5,3,109 239 15 119 254 97 117 146
layer_11.bin,none,3,5,100 6 37 28 5 240 200 41
layer_12.bin,none,6,2,47 170 139 50 146 72 135 213
layer_13.bin,none,7,1,185 112 178 39 249 211 0 110
layer_14.bin,none,6,2,252 138 152 192 76 185 49 123
layer_15.bin,none,5,3,151 230 178 166 161 112 173 80
layer_16.bin,none,5,3,214 169 10 73 82 57 129 59
layer_17.bin,none,5,3,53 31 4 225 220 60 95 242
layer_18.bin,none,5,3,219 150 110 66 3 144 141 229
layer_19.bin,none,4,4,47 247 48 161 118 176 242 214
layer_20.bin,none,6,2,46 189 56 136 37 47 163 248
layer_21.bin,none,6,2,61 196 242 52 134 182 17 111
layer_22.bin,none,6,2,109 239 119 213 253 2 26 146
layer_23.bin,none,6,2,100 6 99 38 200 61 37 146
layer_24.bin,none,5,3,88 47 101 170 139 16 213 201
layer_25.bin,none,8,0,178 249 39 155 0 211 112 194
layer_26.bin,none,6,2,252 123 76 144 192 216 185 111
layer_27.bin,none,6,2,151 230 166 178 138 95 18 160
layer_28.bin,none,6,2,214 222 169 10 223 53 59 204
layer_29.bin,none,6,2,31 126 240 53 225 99 47 224
layer_30.bin,none,6,2,219 150 18 231 148 172 30 51
layer_31.bin,none,5,3,15 161 219 198 247 94 47 43
layer_32.bin,none,5,3,58 64 176 248 57 251 38 15
layer_33.bin,none,6,2,195 176 84 185 246 91 53 162
layer_34.bin,none,5,3,249 80 47 235 226 87 122 143
layer_35.bin,none,7,1,201 95 161 6 24 12 40 117
layer_36.bin,none,5,3,21 228 104 116 59 37 225 17
layer_37.bin,none,5,3,214 244 87 156 225 102 247 92
layer_38.bin,none,4,4,236 88 50 157 75 114 55 241
layer_39.bin,none,3,5,142 83 137 101 209 87 97 221
layer_00.bin,none,3,5,146 167 94 2 14 26 190 139
layer_01.bin,none,6,2,70 175 178 126 131 8 68 241
layer_02.bin,none,5,3,188 216 141 193 137 79 42 76
layer_03.bin,none,5,3,243 36 61 90 81 16 156 66
layer_04.bin,none,7,1,178 149 137 207 41 175 132 51
layer_05.bin,none,5,3,177 16 77 248 45 228 197 133
layer_06.bin,none,7,1,86 168 201 23 48 32 108 5
layer_07.bin,none,6,2,109 9 212 120 6 252 246 173
layer_08.bin,none,8,0,46 63 189 136 106 248 227 82
layer_09.bin,none,7,1,75 134 196 61 65 111 18 242
layer_10.bin,none,6,2,146 119 239 26 181 15 205 107
layer_11.bin,none,6,2,100 37 6 157 38 171 176 240
layer_12.bin,none,5,3,208 139 170 50 13 46 53 213
layer_13.bin,none,6,2,185 249 39 110 0 126 7 70
layer_14.bin,none,8,0,138 185 76 252 5 192 123 255
layer_15.bin,none,5,3,151 230 161 222 95 80 97 72
layer_16.bin,none,7,1,214 82 169 121 59 222 129 234
layer_17.bin,none,6,2,53 31 123 4 118 220 240 47
layer_18.bin,none,6,2,150 219 116 106 231 66 240 100
layer_19.bin,none,7,1,48 47 247 196 245 8 94 242
layer_20.bin,none,7,1,46 56 172 189 227 136 248 237
layer_21.bin,none,7,1,61 32 52 111 196 182 214 17
layer_22.bin,none,7,1,146 119 213 26 20 239 127 115
layer_23.bin,none,5,3,100 37 157 171 6 71 146 197
layer_24.bin,none,6,2,50 53 139 170 88 117 72 16
layer_25.bin,none,7,1,0 249 178 39 211 57 194 110
layer_26.bin,none,8,0,17 252 76 111 123 105 5 192
layer_27.bin,none,4,4,151 230 95 12 18 80 6 126
layer_28.bin,none,5,3,214 212 222 59 169 234 53 219
layer_29.bin,none,6,2,240 225 31 9 60 226 4 53
layer_30.bin,none,6,2,150 219 66 231 116 51 148 143
layer_31.bin,none,6,2,247 47 198 43 196 94 245 210
layer_32.bin,none,6,2,144 57 176 251 64 115 182 241
layer_33.bin,none,5,3,68 195 162 185 102 250 48 171
layer_34.bin,none,6,2,143 48 59 235 87 47 204 191
layer_35.bin,none,5,3,117 201 12 1 114 73 24 40
layer_36.bin,none,5,3,37 104 44 116 48 79 69 65
layer_37.bin,none,4,4,87 210 225 130 247 42 11 45
layer_38.bin,none,5,3,185 157 114 244 223 167 17 132
layer_39.bin,none,5,3,75 97 44 61 235 14 220 167
layer_00.bin,none,1,7,142 166 113 150 97 215 205 210
layer_01.bin,none,0,8,87 34 26 139 0 10 160 108
layer_02.bin,none,1,7,141 162 105 130 241 190 116 51
layer_03.bin,none,2,6,46 146 48 143 84 90 211 200
layer_04.bin,none,5,3,14 161 240 167 67 201 82 181
layer_05.bin,none,5,3,235 177 131 120 181 134 45 132
layer_06.bin,none,7,1,86 215 51 104 189 108 191 201
layer_07.bin,none,4,4,176 2 199 9 91 186 109 241
layer_08.bin,none,6,2,33 46 189 95 136 40 206 106
layer_09.bin,none,5,3,132 39 61 18 17 0 196 126
layer_10.bin,none,4,4,248 26 253 193 137 239 70 241
layer_11.bin,none,5,3,36 174 100 20 5 38 111 28
layer_12.bin,none,5,3,160 3 242 170 139 119 41 126
layer_13.bin,none,6,2,112 33 178 185 211 39 37 104
layer_14.bin,none,7,1,147 252 5 47 138 105 49 242
layer_15.bin,none,5,3,166 65 177 155 213 151 26 140
layer_16.bin,none,6,2,156 26 169 73 51 98 152 12
layer_17.bin,none,5,3,110 57 94 242 60 149 220 215
layer_18.bin,none,5,3,128 97 148 150 122 220 13 20
layer_19.bin,none,5,3,12 215 120 197 161 250 70 132
layer_20.bin,none,8,0,46 56 189 33 136 163 9 215
layer_21.bin,none,7,1,132 126 8 0 134 39 214 61
layer_22.bin,none,3,5,248 26 119 162 70 28 11 193
layer_23.bin,none,5,3,36 100 6 111 141 26 12 38
layer_24.bin,none,7,1,170 129 242 66 200 39 135 125
layer_25.bin,none,7,1,104 39 178 33 246 70 128 249
layer_26.bin,none,7,1,123 147 252 192 152 5 76 225
layer_27.bin,none,6,2,166 151 230 189 65 138 161 160
layer_28.bin,none,5,3,214 255 227 156 169 222 212 129
layer_29.bin,none,6,2,31 57 224 240 53 232 215 226
layer_30.bin,none,7,1,150 128 51 231 122 180 148 106
layer_31.bin,none,6,2,12 198 176 94 67 161 156 245
layer_32.bin,none,5,3,176 132 158 238 182 64 113 251
layer_33.bin,none,7,1,195 41 190 185 53 246 48 55
layer_34.bin,none,4,4,34 97 88 47 161 87 146 248
layer_35.bin,none,6,2,201 40 12 6 46 117 73 123
layer_36.bin,none,5,3,104 116 207 58 130 127 73 32
layer_37.bin,none,4,4,225 87 210 159 102 42 221 84
layer_38.bin,none,6,2,157 14 114 167 47 223 244 106
layer_39.bin,none,3,5,97 146 114 63 113 61 203 137
layer_00.bin,none,3,5,28 222 70 47 151 74 223 245
layer_01.bin,none,4,4,191 70 245 77 153 98 90 173
layer_02.bin,none,5,3,141 76 116 216 137 61 105 174
layer_03.bin,none,7,1,197 243 143 7 21 156 16 36
layer_04.bin,none,6,2,203 178 82 207 211 120 41 162
layer_05.bin,none,6,2,177 16 131 77 248 45 163 17
layer_06.bin,none,6,2,86 23 104 242 233 191 168 54
layer_07.bin,none,5,3,109 120 6 246 201 186 212 9
layer_08.bin,none,6,2,63 46 189 78 136 50 106 248
layer_09.bin,none,6,2,75 65 134 111 61 196 58 204
layer_10.bin,none,6,2,146 213 119 239 181 26 162 15
layer_11.bin,none,6,2,100 136 37 157 6 176 240 171
layer_12.bin,none,6,2,170 208 66 50 242 146 213 23
layer_13.bin,none,5,3,185 39 249 0 126 110 135 87
layer_14.bin,none,7,1,138 5 171 255 17 76 123 127
layer_15.bin,none,4,4,151 189 230 161 97 222 184 126
layer_16.bin,none,5,3,214 82 121 234 255 59 227 129
layer_17.bin,none,6,2,31 53 123 74 119 220 168 144
layer_18.bin,none,7,1,150 116 219 106 231 110 82 101
layer_19.bin,none,7,1,23 47 48 247 8 249 161 242
layer_20.bin,none,6,2,46 189 56 172 136 163 66 6
layer_21.bin,none,7,1,32 111 52 61 155 58 214 8
layer_22.bin,none,6,2,213 119 146 127 239 26 249 115
layer_23.bin,none,5,3,136 100 37 22 176 71 227 157
layer_24.bin,none,6,2,242 66 88 146 50 170 117 113
layer_25.bin,none,5,3,0 39 249 135 87 128 110 7
layer_26.bin,none,8,0,50 171 5 123 252 152 192 17
layer_27.bin,none,6,2,189 151 97 230 126 12 161 138
layer_28.bin,none,7,1,214 212 255 227 222 169 234 132
layer_29.bin,none,6,2,215 31 224 9 226 119 99 136
layer_30.bin,none,5,3,150 51 110 231 219 116 99 38
layer_31.bin,none,5,3,23 249 198 47 67 114 245 219
layer_32.bin,none,6,2,176 182 57 132 64 115 26 241
layer_33.bin,none,8,0,195 68 185 250 246 48 162 91
layer_34.bin,none,6,2,87 47 146 143 48 248 59 114
layer_35.bin,none,7,1,201 46 12 40 6 44 217 161
layer_36.bin,none,5,3,104 116 58 114 37 82 216 134
layer_37.bin,none,5,3,87 225 42 210 11 209 4 196
layer_38.bin,none,7,1,157 114 167 14 244 223 4 132
layer_39.bin,none,5,3,97 75 61 63 146 224 220 235
layer_00.bin,none,2,6,142 166 150 97 113 215 205 213
layer_01.bin,none,2,6,139 87 177 5 64 156 53 168
layer_02.bin,none,1,7,146 102 156 26 162 172 105 135
layer_03.bin,none,3,5,146 46 27 48 255 246 153 5
layer_04.bin,none,6,2,14 161 67 82 81 201 240 167
layer_05.bin,none,5,3,224 177 235 131 134 106 132 181
layer_06.bin,none,7,1,86 54 104 215 51 108 191 242
layer_07.bin,none,5,3,176 9 213 230 52 186 207 201
layer_08.bin,none,6,2,33 189 46 136 95 106 213 248
layer_09.bin,none,6,2,132 39 126 18 61 111 138 242
layer_10.bin,none,5,3,248 213 239 26 181 61 255 80
layer_11.bin,none,5,3,100 36 136 176 74 192 5 215
layer_12.bin,none,6,2,170 242 160 66 36 200 117 105
layer_13.bin,none,6,2,33 39 185 112 110 104 70 7
layer_14.bin,none,8,0,147 5 138 50 252 255 76 152
layer_15.bin,none,6,2,166 189 151 161 230 222 157 65
layer_16.bin,none,7,1,156 214 169 121 26 51 255 132
layer_17.bin,none,7,1,57 110 31 53 74 160 136 220
layer_18.bin,none,5,3,150 128 122 106 110 88 221 180
layer_19.bin,none,7,1,12 23 161 120 156 94 245 8
layer_20.bin,none,7,1,46 189 56 163 136 215 70 236
layer_21.bin,none,8,0,132 242 126 52 8 111 61 196
layer_22.bin,none,5,3,248 119 239 213 26 61 162 22
layer_23.bin,none,5,3,100 36 6 101 74 38 176 226
layer_24.bin,none,4,4,170 144 66 129 172 48 184 126
layer_25.bin,none,7,1,39 33 104 242 246 128 138 88
layer_26.bin,none,8,0,147 50 252 152 192 185 76 5
layer_27.bin,none,7,1,151 189 166 230 97 161 156 138
layer_28.bin,none,7,1,214 227 156 255 169 212 222 129
layer_29.bin,none,6,2,57 31 224 215 110 240 117 53
layer_30.bin,none,7,1,150 128 51 231 122 172 38 106
layer_31.bin,none,7,1,12 198 23 67 94 176 245 8
layer_32.bin,none,8,0,176 132 158 182 115 238 64 241
layer_33.bin,none,8,0,195 41 190 53 185 246 72 48
layer_34.bin,none,6,2,97 87 34 47 88 146 161 248
layer_35.bin,none,7,1,201 46 6 12 40 217 161 123
layer_36.bin,none,5,3,116 104 207 58 114 139 82 130
layer_37.bin,none,6,2,225 87 210 84 209 11 42 221
layer_38.bin,none,7,1,157 114 167 14 244 47 4 171
layer_39.bin,none,6,2,97 146 61 63 203 16 145 220
layer_00.bin,none,3,5,222 28 177 195 203 74 60 47
layer_01.bin,none,3,5,100 145 191 180 173 245 153 114
layer_02.bin,none,6,2,76 157 228 61 102 216 79 105
layer_03.bin,none,6,2,16 36 90 156 7 243 5 61
layer_04.bin,none,6,2,178 203 137 51 162 82 168 225
layer_05.bin,none,4,4,177 16 120 45 163 228 175 54
layer_06.bin,none,6,2,86 104 201 110 108 168 48 19
layer_07.bin,none,5,3,6 206 9 73 246 120 212 221
layer_08.bin,none,6,2,63 189 136 46 163 215 82 50
layer_09.bin,none,7,1,75 65 242 134 128 18 58 111
layer_10.bin,none,6,2,146 119 181 213 239 205 162 15
layer_11.bin,none,5,3,100 37 136 6 13 157 146 240
layer_12.bin,none,5,3,170 144 208 66 50 246 115 187
layer_13.bin,none,6,2,39 185 0 87 126 110 7 27
layer_14.bin,none,8,0,152 171 5 76 50 192 138 127
layer_15.bin,none,6,2,151 230 161 97 222 189 183 179
layer_16.bin,none,7,1,214 255 82 121 203 234 169 129
layer_17.bin,none,5,3,53 31 136 123 4 168 54 27
layer_18.bin,none,7,1,150 219 116 110 231 106 101 102
layer_19.bin,none,8,0,247 48 23 47 8 242 67 132
layer_20.bin,none,8,0,163 189 215 46 56 136 82 9
layer_21.bin,none,7,1,52 242 32 111 204 65 196 134
layer_22.bin,none,6,2,213 119 146 239 109 26 181 77
layer_23.bin,none,6,2,100 37 136 157 146 6 227 71
layer_24.bin,none,7,1,144 115 50 66 170 242 36 172
layer_25.bin,none,7,1,0 39 87 246 128 249 110 194
layer_26.bin,none,7,1,50 171 152 5 192 76 144 78
layer_27.bin,none,6,2,151 189 97 230 12 161 138 222
layer_28.bin,none,6,2,214 212 255 234 59 219 222 105
layer_29.bin,none,7,1,215 31 94 119 4 126 9 224
layer_30.bin,none,7,1,150 219 116 38 231 99 51 143
layer_31.bin,none,6,2,23 99 249 47 81 198 247 67
layer_32.bin,none,5,3,144 57 176 182 78 168 115 248
layer_33.bin,none,6,2,195 162 246 185 48 77 137 243
layer_34.bin,none,8,0,249 47 87 143 146 80 191 48
layer_35.bin,none,6,2,201 46 12 24 6 176 217 123
layer_36.bin,none,7,1,17 104 116 37 58 114 225 21
layer_37.bin,none,5,3,110 87 214 92 225 228 34 130
layer_38.bin,none,6,2,132 157 43 105 114 167 244 156
layer_39.bin,none,3,5,201 97 75 251 5 61 50 83
layer_00.bin,none,2,6,150 97 142 166 113 215 213 149
layer_01.bin,none,3,5,139 87 177 5 0 64 53 210
layer_02.bin,none,2,6,156 125 67 51 166 162 151 146
layer_03.bin,none,4,4,146 46 244 5 153 27 118 97
layer_04.bin,none,5,3,14 161 67 81 240 82 181 201
layer_05.bin,none,6,2,224 177 235 131 45 106 94 120
layer_06.bin,none,5,3,54 86 104 215 51 111 106 191
layer_07.bin,none,3,5,176 9 230 2 3 201 249 186
layer_08.bin,none,4,4,33 189 46 40 174 95 192 249
layer_09.bin,none,4,4,132 39 126 18 235 61 35 119
layer_10.bin,none,2,6,248 11 61 77 26 83 195 121
layer_11.bin,none,6,2,36 136 174 100 38 13 176 173
layer_12.bin,none,6,2,242 160 144 115 117 170 89 66
layer_13.bin,none,3,5,33 112 104 39 178 241 233 70
layer_14.bin,none,8,0,50 147 252 5 171 152 49 138
layer_15.bin,none,6,2,189 166 65 151 177 230 161 173
layer_16.bin,none,7,1,156 214 26 169 255 73 151 12
layer_17.bin,none,5,3,110 57 31 136 53 37 215 94
layer_18.bin,none,6,2,150 128 148 51 122 101 110 88
layer_19.bin,none,7,1,23 12 161 120 242 8 94 137
layer_20.bin,none,7,1,46 189 136 33 163 56 215 37
layer_21.bin,none,6,2,132 126 61 52 71 8 134 39
layer_22.bin,none,6,2,248 26 119 213 239 121 11 162
layer_23.bin,none,6,2,100 36 6 136 48 35 38 13
layer_24.bin,none,8,0,242 170 129 144 66 126 135 172
layer_25.bin,none,6,2,39 33 104 178 242 88 161 128
layer_26.bin,none,7,1,50 147 252 152 192 5 182 123
layer_27.bin,none,7,1,166 189 151 230 140 138 161 160
layer_28.bin,none,6,2,214 156 212 255 203 222 129 169
layer_29.bin,none,7,1,31 57 224 53 240 215 117 113
layer_30.bin,none,6,2,150 128 172 231 122 51 36 106
layer_31.bin,none,7,1,12 198 94 8 245 67 23 176
layer_32.bin,none,5,3,132 176 158 182 115 238 51 113
layer_33.bin,none,7,1,195 190 41 246 185 53 10 48
layer_34.bin,none,8,0,146 97 47 88 87 161 34 248
layer_35.bin,none,7,1,201 46 12 6 217 123 40 131
layer_36.bin,none,7,1,116 104 207 58 114 155 225 139
layer_37.bin,none,6,2,225 87 210 11 221 209 228 84
layer_38.bin,none,5,3,157 114 167 14 244 25 47 171
layer_39.bin,none,3,5,97 61 146 63 203 145 16 220
